SND f=0 off=1d01030 data=fe00 mask=ffff
SND f=0 off=1d01030 data=ff00 mask=ffff
CTRL2 f=0 data=fff8
F 1 dma=0 pix=0 snd=2 prot=0 cmos=0 ctrl=0
F 2 dma=0 pix=0 snd=0 prot=0 cmos=191 ctrl=0
F 3 dma=0 pix=0 snd=0 prot=0 cmos=1321 ctrl=0
F 4 dma=0 pix=0 snd=0 prot=0 cmos=1312 ctrl=0
F 5 dma=0 pix=0 snd=0 prot=0 cmos=1313 ctrl=0
F 6 dma=0 pix=0 snd=0 prot=0 cmos=1320 ctrl=0
F 7 dma=0 pix=0 snd=0 prot=0 cmos=1123 ctrl=0
F 8 dma=0 pix=0 snd=0 prot=0 cmos=590 ctrl=0
SND f=8 off=1d01030 data=ff92 mask=ffff
F 9 dma=0 pix=0 snd=1 prot=0 cmos=184 ctrl=0
F 10 dma=0 pix=0 snd=0 prot=0 cmos=0 ctrl=0
F 11 dma=0 pix=0 snd=0 prot=0 cmos=0 ctrl=0
F 12 dma=0 pix=0 snd=0 prot=0 cmos=0 ctrl=0
F 13 dma=0 pix=0 snd=0 prot=0 cmos=0 ctrl=0
F 14 dma=0 pix=0 snd=0 prot=0 cmos=0 ctrl=0
F 15 dma=0 pix=0 snd=0 prot=0 cmos=0 ctrl=0
F 16 dma=0 pix=0 snd=0 prot=0 cmos=0 ctrl=0
F 17 dma=0 pix=0 snd=0 prot=0 cmos=0 ctrl=0
F 18 dma=0 pix=0 snd=0 prot=0 cmos=0 ctrl=0
F 19 dma=0 pix=0 snd=0 prot=0 cmos=0 ctrl=0
F 20 dma=0 pix=0 snd=0 prot=0 cmos=0 ctrl=0
F 21 dma=0 pix=0 snd=0 prot=0 cmos=0 ctrl=0
F 22 dma=0 pix=0 snd=0 prot=0 cmos=0 ctrl=0
F 23 dma=0 pix=0 snd=0 prot=0 cmos=0 ctrl=0
F 24 dma=0 pix=0 snd=0 prot=0 cmos=0 ctrl=0
F 25 dma=0 pix=0 snd=0 prot=0 cmos=0 ctrl=0
F 26 dma=0 pix=0 snd=0 prot=0 cmos=0 ctrl=0
F 27 dma=0 pix=0 snd=0 prot=0 cmos=0 ctrl=0
F 28 dma=0 pix=0 snd=0 prot=0 cmos=0 ctrl=0
F 29 dma=0 pix=0 snd=0 prot=0 cmos=0 ctrl=0
F 30 dma=0 pix=0 snd=0 prot=0 cmos=0 ctrl=0
F 31 dma=0 pix=0 snd=0 prot=0 cmos=0 ctrl=0
F 32 dma=0 pix=0 snd=0 prot=0 cmos=0 ctrl=0
F 33 dma=0 pix=0 snd=0 prot=0 cmos=0 ctrl=0
F 34 dma=0 pix=0 snd=0 prot=0 cmos=0 ctrl=0
F 35 dma=0 pix=0 snd=0 prot=0 cmos=0 ctrl=0
F 36 dma=0 pix=0 snd=0 prot=0 cmos=0 ctrl=0
F 37 dma=0 pix=0 snd=0 prot=0 cmos=0 ctrl=0
F 38 dma=0 pix=0 snd=0 prot=0 cmos=0 ctrl=0
F 39 dma=0 pix=0 snd=0 prot=0 cmos=0 ctrl=0
F 40 dma=0 pix=0 snd=0 prot=0 cmos=0 ctrl=0
F 41 dma=0 pix=0 snd=0 prot=0 cmos=0 ctrl=0
F 42 dma=0 pix=0 snd=0 prot=0 cmos=0 ctrl=0
F 43 dma=0 pix=0 snd=0 prot=0 cmos=0 ctrl=0
F 44 dma=0 pix=0 snd=0 prot=0 cmos=0 ctrl=0
F 45 dma=0 pix=0 snd=0 prot=0 cmos=0 ctrl=0
F 46 dma=0 pix=0 snd=0 prot=0 cmos=0 ctrl=0
F 47 dma=0 pix=0 snd=0 prot=0 cmos=0 ctrl=0
F 48 dma=0 pix=0 snd=0 prot=0 cmos=0 ctrl=0
F 49 dma=0 pix=0 snd=0 prot=0 cmos=0 ctrl=0
F 50 dma=0 pix=0 snd=0 prot=0 cmos=0 ctrl=0
F 51 dma=0 pix=0 snd=0 prot=0 cmos=0 ctrl=0
F 52 dma=0 pix=0 snd=0 prot=0 cmos=0 ctrl=0
F 53 dma=0 pix=0 snd=0 prot=0 cmos=0 ctrl=0
F 54 dma=0 pix=0 snd=0 prot=0 cmos=0 ctrl=0
F 55 dma=0 pix=0 snd=0 prot=0 cmos=0 ctrl=0
F 56 dma=0 pix=0 snd=0 prot=0 cmos=0 ctrl=0
F 57 dma=0 pix=0 snd=0 prot=0 cmos=0 ctrl=0
F 58 dma=0 pix=0 snd=0 prot=0 cmos=0 ctrl=0
F 59 dma=0 pix=0 snd=0 prot=0 cmos=0 ctrl=0
F 60 dma=0 pix=0 snd=0 prot=0 cmos=0 ctrl=0
F 61 dma=0 pix=0 snd=0 prot=0 cmos=0 ctrl=0
F 62 dma=0 pix=0 snd=0 prot=0 cmos=0 ctrl=0
F 63 dma=0 pix=0 snd=0 prot=0 cmos=0 ctrl=0
F 64 dma=0 pix=0 snd=0 prot=0 cmos=0 ctrl=0
F 65 dma=0 pix=0 snd=0 prot=0 cmos=0 ctrl=0
F 66 dma=0 pix=0 snd=0 prot=0 cmos=0 ctrl=0
F 67 dma=0 pix=0 snd=0 prot=0 cmos=0 ctrl=0
F 68 dma=0 pix=0 snd=0 prot=0 cmos=0 ctrl=0
F 69 dma=0 pix=0 snd=0 prot=0 cmos=0 ctrl=0
F 70 dma=0 pix=0 snd=0 prot=0 cmos=0 ctrl=0
F 71 dma=0 pix=0 snd=0 prot=0 cmos=0 ctrl=0
F 72 dma=0 pix=0 snd=0 prot=0 cmos=0 ctrl=0
F 73 dma=0 pix=0 snd=0 prot=0 cmos=0 ctrl=0
F 74 dma=0 pix=0 snd=0 prot=0 cmos=0 ctrl=0
F 75 dma=0 pix=0 snd=0 prot=0 cmos=0 ctrl=0
F 76 dma=0 pix=0 snd=0 prot=0 cmos=0 ctrl=0
F 77 dma=0 pix=0 snd=0 prot=0 cmos=0 ctrl=0
F 78 dma=0 pix=0 snd=0 prot=0 cmos=0 ctrl=0
F 79 dma=0 pix=0 snd=0 prot=0 cmos=0 ctrl=0
F 80 dma=0 pix=0 snd=0 prot=0 cmos=0 ctrl=0
F 81 dma=0 pix=0 snd=0 prot=0 cmos=0 ctrl=0
F 82 dma=0 pix=0 snd=0 prot=0 cmos=0 ctrl=0
F 83 dma=0 pix=0 snd=0 prot=0 cmos=0 ctrl=0
F 84 dma=0 pix=0 snd=0 prot=0 cmos=0 ctrl=0
F 85 dma=0 pix=0 snd=0 prot=0 cmos=0 ctrl=0
F 86 dma=0 pix=0 snd=0 prot=0 cmos=0 ctrl=0
F 87 dma=0 pix=0 snd=0 prot=0 cmos=0 ctrl=0
F 88 dma=0 pix=0 snd=0 prot=0 cmos=0 ctrl=0
F 89 dma=0 pix=0 snd=0 prot=0 cmos=0 ctrl=0
F 90 dma=0 pix=0 snd=0 prot=0 cmos=0 ctrl=0
F 91 dma=0 pix=0 snd=0 prot=0 cmos=0 ctrl=0
F 92 dma=0 pix=0 snd=0 prot=0 cmos=0 ctrl=0
F 93 dma=0 pix=0 snd=0 prot=0 cmos=0 ctrl=0
F 94 dma=0 pix=0 snd=0 prot=0 cmos=0 ctrl=0
F 95 dma=0 pix=0 snd=0 prot=0 cmos=0 ctrl=0
F 96 dma=0 pix=0 snd=0 prot=0 cmos=0 ctrl=0
F 97 dma=0 pix=0 snd=0 prot=0 cmos=0 ctrl=0
F 98 dma=0 pix=0 snd=0 prot=0 cmos=0 ctrl=0
F 99 dma=0 pix=0 snd=0 prot=0 cmos=0 ctrl=0
F 100 dma=0 pix=0 snd=0 prot=0 cmos=0 ctrl=0
F 101 dma=0 pix=0 snd=0 prot=0 cmos=0 ctrl=0
F 102 dma=0 pix=0 snd=0 prot=0 cmos=0 ctrl=0
F 103 dma=0 pix=0 snd=0 prot=0 cmos=0 ctrl=0
F 104 dma=0 pix=0 snd=0 prot=0 cmos=0 ctrl=0
F 105 dma=0 pix=0 snd=0 prot=0 cmos=0 ctrl=0
F 106 dma=0 pix=0 snd=0 prot=0 cmos=0 ctrl=0
F 107 dma=0 pix=0 snd=0 prot=0 cmos=0 ctrl=0
F 108 dma=0 pix=0 snd=0 prot=0 cmos=0 ctrl=0
F 109 dma=0 pix=0 snd=0 prot=0 cmos=0 ctrl=0
F 110 dma=0 pix=0 snd=0 prot=0 cmos=0 ctrl=0
F 111 dma=0 pix=0 snd=0 prot=0 cmos=0 ctrl=0
F 112 dma=0 pix=0 snd=0 prot=0 cmos=0 ctrl=0
F 113 dma=0 pix=0 snd=0 prot=0 cmos=0 ctrl=0
F 114 dma=0 pix=0 snd=0 prot=0 cmos=0 ctrl=0
F 115 dma=0 pix=0 snd=0 prot=0 cmos=0 ctrl=0
F 116 dma=0 pix=0 snd=0 prot=0 cmos=0 ctrl=0
F 117 dma=0 pix=0 snd=0 prot=0 cmos=0 ctrl=0
F 118 dma=0 pix=0 snd=0 prot=0 cmos=0 ctrl=0
F 119 dma=0 pix=0 snd=0 prot=0 cmos=0 ctrl=0
F 120 dma=0 pix=0 snd=0 prot=0 cmos=0 ctrl=0
F 121 dma=0 pix=0 snd=0 prot=0 cmos=0 ctrl=0
F 122 dma=0 pix=0 snd=0 prot=0 cmos=0 ctrl=0
F 123 dma=0 pix=0 snd=0 prot=0 cmos=0 ctrl=0
F 124 dma=0 pix=0 snd=0 prot=0 cmos=0 ctrl=0
F 125 dma=0 pix=0 snd=0 prot=0 cmos=0 ctrl=0
F 126 dma=0 pix=0 snd=0 prot=0 cmos=0 ctrl=0
F 127 dma=0 pix=0 snd=0 prot=0 cmos=0 ctrl=0
F 128 dma=0 pix=0 snd=0 prot=0 cmos=0 ctrl=0
F 129 dma=0 pix=0 snd=0 prot=0 cmos=0 ctrl=0
F 130 dma=0 pix=0 snd=0 prot=0 cmos=0 ctrl=0
F 131 dma=0 pix=0 snd=0 prot=0 cmos=0 ctrl=0
F 132 dma=0 pix=0 snd=0 prot=0 cmos=0 ctrl=0
F 133 dma=0 pix=0 snd=0 prot=0 cmos=0 ctrl=0
F 134 dma=0 pix=0 snd=0 prot=0 cmos=0 ctrl=0
F 135 dma=0 pix=0 snd=0 prot=0 cmos=0 ctrl=0
F 136 dma=0 pix=0 snd=0 prot=0 cmos=0 ctrl=0
F 137 dma=0 pix=0 snd=0 prot=0 cmos=0 ctrl=0
F 138 dma=0 pix=0 snd=0 prot=0 cmos=0 ctrl=0
F 139 dma=0 pix=0 snd=0 prot=0 cmos=0 ctrl=0
F 140 dma=0 pix=0 snd=0 prot=0 cmos=0 ctrl=0
F 141 dma=0 pix=0 snd=0 prot=0 cmos=0 ctrl=0
F 142 dma=0 pix=0 snd=0 prot=0 cmos=0 ctrl=0
F 143 dma=0 pix=0 snd=0 prot=0 cmos=0 ctrl=0
F 144 dma=0 pix=0 snd=0 prot=0 cmos=0 ctrl=0
F 145 dma=0 pix=0 snd=0 prot=0 cmos=0 ctrl=0
F 146 dma=0 pix=0 snd=0 prot=0 cmos=0 ctrl=0
F 147 dma=0 pix=0 snd=0 prot=0 cmos=0 ctrl=0
F 148 dma=0 pix=0 snd=0 prot=0 cmos=0 ctrl=0
F 149 dma=0 pix=0 snd=0 prot=0 cmos=0 ctrl=0
F 150 dma=0 pix=0 snd=0 prot=0 cmos=0 ctrl=0
CTRL2 f=150 data=fff8
SND f=150 off=1d01030 data=fe00 mask=ffff
SND f=150 off=1d01030 data=ff00 mask=ffff
F 151 dma=0 pix=0 snd=2 prot=0 cmos=0 ctrl=0
F 152 dma=0 pix=0 snd=0 prot=0 cmos=0 ctrl=0
F 153 dma=0 pix=0 snd=0 prot=0 cmos=0 ctrl=0
PROTW f=153 off=01b23c30 data=fc00
PROTW f=153 off=01b23830 data=f800
PROTW f=153 off=01b23430 data=f400
PROTW f=153 off=01b23030 data=f000
PROTW f=153 off=01b22c30 data=ec00
PROTW f=153 off=01b22830 data=e800
PROTW f=153 off=01b22430 data=e400
PROTW f=153 off=01b22030 data=e000
PROTW f=153 off=01b21c30 data=dc00
PROTW f=153 off=01b21830 data=d800
PROTW f=153 off=01b21430 data=d400
PROTW f=153 off=01b21030 data=d000
PROTW f=153 off=01b20c30 data=cc00
PROTW f=153 off=01b20830 data=c800
PROTW f=153 off=01b20430 data=c400
PROTW f=153 off=01b20030 data=c000
PROTW f=153 off=01b1fc30 data=bc00
PROTW f=153 off=01b1f830 data=b800
PROTW f=153 off=01b1f430 data=b400
PROTW f=153 off=01b1f030 data=b000
PROTW f=153 off=01b1ec30 data=ac00
PROTW f=153 off=01b1e830 data=a800
PROTW f=153 off=01b1e430 data=a400
PROTW f=153 off=01b1e030 data=a000
PROTW f=153 off=01b1dc30 data=9c00
PROTW f=153 off=01b1d830 data=9800
PROTW f=153 off=01b1d430 data=9400
PROTW f=153 off=01b1d030 data=9000
PROTW f=153 off=01b1cc30 data=8c00
PROTW f=153 off=01b1c830 data=8800
PROTW f=153 off=01b1c430 data=8400
PROTW f=153 off=01b1c030 data=8000
PROTW f=153 off=01b1bc30 data=7c00
PROTW f=153 off=01b1b830 data=7800
PROTW f=153 off=01b1b430 data=7400
PROTW f=153 off=01b1b030 data=7000
PROTW f=153 off=01b1ac30 data=6c00
PROTW f=153 off=01b1a830 data=6800
PROTW f=153 off=01b1a430 data=6400
PROTW f=153 off=01b1a030 data=6000
PROTW f=153 off=01b19c30 data=5c00
PROTW f=153 off=01b19830 data=5800
PROTW f=153 off=01b19430 data=5400
PROTW f=153 off=01b19030 data=5000
PROTW f=153 off=01b18c30 data=4c00
PROTW f=153 off=01b18830 data=4800
PROTW f=153 off=01b18430 data=4400
PROTW f=153 off=01b18030 data=4000
PROTW f=153 off=01b17c30 data=3c00
PROTW f=153 off=01b17830 data=3800
PROTW f=153 off=01b17430 data=3400
PROTW f=153 off=01b17030 data=3000
PROTW f=153 off=01b16c30 data=2c00
PROTW f=153 off=01b16830 data=2800
PROTW f=153 off=01b16430 data=2400
PROTW f=153 off=01b16030 data=2000
PROTW f=153 off=01b15c30 data=1c00
PROTW f=153 off=01b15830 data=1800
PROTW f=153 off=01b15430 data=1400
PROTW f=153 off=01b15030 data=1000
PROTW f=153 off=01b14c30 data=0c00
PROTW f=153 off=01b14830 data=0800
PROTW f=153 off=01b14430 data=0400
PROTW f=153 off=01b14030 data=0000
F 154 dma=0 pix=0 snd=0 prot=384 cmos=6 ctrl=0
F 155 dma=0 pix=0 snd=0 prot=0 cmos=0 ctrl=0
CTRL2 f=155 data=fff8
F 156 dma=0 pix=0 snd=0 prot=0 cmos=0 ctrl=0
F 157 dma=0 pix=0 snd=0 prot=0 cmos=0 ctrl=0
F 158 dma=0 pix=0 snd=0 prot=0 cmos=0 ctrl=0
F 159 dma=0 pix=0 snd=0 prot=0 cmos=0 ctrl=0
F 160 dma=0 pix=0 snd=0 prot=0 cmos=0 ctrl=0
F 161 dma=21 pix=109452 snd=0 prot=0 cmos=0 ctrl=0
F 162 dma=21 pix=109452 snd=0 prot=0 cmos=0 ctrl=0
F 163 dma=21 pix=109452 snd=0 prot=0 cmos=0 ctrl=0
F 164 dma=21 pix=109452 snd=0 prot=0 cmos=0 ctrl=0
F 165 dma=0 pix=0 snd=0 prot=0 cmos=0 ctrl=0
CTRL2 f=165 data=ffd8
F 166 dma=0 pix=0 snd=0 prot=0 cmos=0 ctrl=0
CTRL2 f=166 data=fff8
F 167 dma=0 pix=0 snd=0 prot=0 cmos=0 ctrl=0
F 168 dma=0 pix=0 snd=0 prot=0 cmos=0 ctrl=0
F 169 dma=0 pix=0 snd=0 prot=0 cmos=0 ctrl=0
F 170 dma=0 pix=0 snd=0 prot=0 cmos=0 ctrl=0
F 171 dma=0 pix=0 snd=0 prot=0 cmos=0 ctrl=0
F 172 dma=0 pix=0 snd=0 prot=0 cmos=0 ctrl=0
F 173 dma=0 pix=0 snd=0 prot=0 cmos=0 ctrl=0
F 174 dma=0 pix=0 snd=0 prot=0 cmos=0 ctrl=0
F 175 dma=0 pix=0 snd=0 prot=0 cmos=0 ctrl=0
F 176 dma=0 pix=0 snd=0 prot=0 cmos=0 ctrl=0
F 177 dma=0 pix=0 snd=0 prot=0 cmos=0 ctrl=0
F 178 dma=0 pix=0 snd=0 prot=0 cmos=0 ctrl=0
F 179 dma=0 pix=0 snd=0 prot=0 cmos=0 ctrl=0
F 180 dma=0 pix=0 snd=0 prot=0 cmos=0 ctrl=0
F 181 dma=0 pix=0 snd=0 prot=0 cmos=0 ctrl=0
F 182 dma=0 pix=0 snd=0 prot=0 cmos=0 ctrl=0
F 183 dma=0 pix=0 snd=0 prot=0 cmos=0 ctrl=0
F 184 dma=0 pix=0 snd=0 prot=0 cmos=0 ctrl=0
F 185 dma=0 pix=0 snd=0 prot=0 cmos=0 ctrl=0
F 186 dma=0 pix=0 snd=0 prot=0 cmos=0 ctrl=0
F 187 dma=0 pix=0 snd=0 prot=0 cmos=0 ctrl=0
F 188 dma=0 pix=0 snd=0 prot=0 cmos=0 ctrl=0
F 189 dma=0 pix=0 snd=0 prot=0 cmos=0 ctrl=0
F 190 dma=0 pix=0 snd=0 prot=0 cmos=0 ctrl=0
F 191 dma=0 pix=0 snd=0 prot=0 cmos=0 ctrl=0
F 192 dma=22 pix=111505 snd=0 prot=0 cmos=0 ctrl=0
F 193 dma=22 pix=111654 snd=0 prot=0 cmos=0 ctrl=0
F 194 dma=22 pix=111818 snd=0 prot=0 cmos=0 ctrl=0
F 195 dma=22 pix=112000 snd=0 prot=0 cmos=0 ctrl=0
F 196 dma=22 pix=112186 snd=0 prot=0 cmos=0 ctrl=0
F 197 dma=22 pix=112429 snd=0 prot=0 cmos=0 ctrl=0
F 198 dma=22 pix=112683 snd=0 prot=0 cmos=0 ctrl=0
F 199 dma=22 pix=112968 snd=0 prot=0 cmos=0 ctrl=0
F 200 dma=22 pix=113291 snd=0 prot=0 cmos=0 ctrl=0
F 201 dma=22 pix=113683 snd=0 prot=0 cmos=0 ctrl=0
F 202 dma=22 pix=114105 snd=0 prot=0 cmos=0 ctrl=0
F 203 dma=22 pix=114620 snd=0 prot=0 cmos=0 ctrl=0
F 204 dma=22 pix=115218 snd=0 prot=0 cmos=0 ctrl=0
F 205 dma=22 pix=115916 snd=0 prot=0 cmos=0 ctrl=0
F 206 dma=22 pix=116738 snd=0 prot=0 cmos=0 ctrl=0
F 207 dma=22 pix=117761 snd=0 prot=0 cmos=0 ctrl=0
F 208 dma=22 pix=118939 snd=0 prot=0 cmos=0 ctrl=0
F 209 dma=22 pix=120487 snd=0 prot=0 cmos=0 ctrl=0
F 210 dma=22 pix=122327 snd=0 prot=0 cmos=0 ctrl=0
F 211 dma=22 pix=124786 snd=0 prot=0 cmos=0 ctrl=0
F 212 dma=22 pix=127919 snd=0 prot=0 cmos=0 ctrl=0
F 213 dma=22 pix=131429 snd=0 prot=0 cmos=0 ctrl=0
F 214 dma=22 pix=136044 snd=0 prot=0 cmos=0 ctrl=0
F 215 dma=22 pix=142283 snd=0 prot=0 cmos=0 ctrl=0
F 216 dma=22 pix=151004 snd=0 prot=0 cmos=0 ctrl=0
F 217 dma=22 pix=163724 snd=0 prot=0 cmos=0 ctrl=0
F 218 dma=22 pix=180684 snd=0 prot=0 cmos=0 ctrl=0
F 219 dma=22 pix=197914 snd=0 prot=0 cmos=0 ctrl=0
F 220 dma=22 pix=188841 snd=0 prot=0 cmos=0 ctrl=0
F 221 dma=22 pix=180684 snd=0 prot=0 cmos=0 ctrl=0
F 222 dma=22 pix=172393 snd=0 prot=0 cmos=0 ctrl=0
F 223 dma=22 pix=163724 snd=0 prot=0 cmos=0 ctrl=0
F 224 dma=22 pix=156728 snd=0 prot=0 cmos=0 ctrl=0
F 225 dma=22 pix=151004 snd=0 prot=0 cmos=0 ctrl=0
F 226 dma=22 pix=151004 snd=0 prot=0 cmos=0 ctrl=0
F 227 dma=22 pix=151004 snd=0 prot=0 cmos=0 ctrl=0
F 228 dma=22 pix=151004 snd=0 prot=0 cmos=0 ctrl=0
F 229 dma=22 pix=151004 snd=0 prot=0 cmos=0 ctrl=0
F 230 dma=22 pix=151004 snd=0 prot=0 cmos=0 ctrl=0
F 231 dma=22 pix=151004 snd=0 prot=0 cmos=0 ctrl=0
F 232 dma=22 pix=151004 snd=0 prot=0 cmos=0 ctrl=0
F 233 dma=22 pix=151004 snd=0 prot=0 cmos=0 ctrl=0
F 234 dma=22 pix=151004 snd=0 prot=0 cmos=0 ctrl=0
F 235 dma=22 pix=151004 snd=0 prot=0 cmos=0 ctrl=0
F 236 dma=22 pix=151004 snd=0 prot=0 cmos=0 ctrl=0
F 237 dma=22 pix=151004 snd=0 prot=0 cmos=0 ctrl=0
F 238 dma=22 pix=151004 snd=0 prot=0 cmos=0 ctrl=0
F 239 dma=22 pix=151004 snd=0 prot=0 cmos=0 ctrl=0
F 240 dma=22 pix=151004 snd=0 prot=0 cmos=0 ctrl=0
F 241 dma=22 pix=151004 snd=0 prot=0 cmos=0 ctrl=0
F 242 dma=22 pix=151004 snd=0 prot=0 cmos=0 ctrl=0
F 243 dma=22 pix=151004 snd=0 prot=0 cmos=0 ctrl=0
F 244 dma=22 pix=151004 snd=0 prot=0 cmos=0 ctrl=0
F 245 dma=22 pix=151004 snd=0 prot=0 cmos=0 ctrl=0
F 246 dma=22 pix=151004 snd=0 prot=0 cmos=0 ctrl=0
F 247 dma=22 pix=151004 snd=0 prot=0 cmos=0 ctrl=0
F 248 dma=22 pix=151004 snd=0 prot=0 cmos=0 ctrl=0
F 249 dma=22 pix=151004 snd=0 prot=0 cmos=0 ctrl=0
F 250 dma=22 pix=151004 snd=0 prot=0 cmos=0 ctrl=0
IO 250 0015 0032 00fa 00fc 0003 0014 0112 0120 f010 effc 0112 002c 0000 0000 0000 0000 0000 0404 0402 0000 0000 0008 0000 0000 0000 0000 0000 001c 0032 0111 e01c 3cf8
F 251 dma=22 pix=151004 snd=0 prot=0 cmos=0 ctrl=0
F 252 dma=22 pix=151004 snd=0 prot=0 cmos=0 ctrl=0
F 253 dma=22 pix=151004 snd=0 prot=0 cmos=0 ctrl=0
F 254 dma=22 pix=151004 snd=0 prot=0 cmos=0 ctrl=0
F 255 dma=22 pix=151004 snd=0 prot=0 cmos=0 ctrl=0
F 256 dma=22 pix=151004 snd=0 prot=0 cmos=0 ctrl=0
F 257 dma=22 pix=151004 snd=0 prot=0 cmos=0 ctrl=0
F 258 dma=22 pix=151004 snd=0 prot=0 cmos=0 ctrl=0
F 259 dma=22 pix=151004 snd=0 prot=0 cmos=0 ctrl=0
F 260 dma=22 pix=151004 snd=0 prot=0 cmos=0 ctrl=0
F 261 dma=22 pix=151004 snd=0 prot=0 cmos=0 ctrl=0
F 262 dma=22 pix=151004 snd=0 prot=0 cmos=0 ctrl=0
F 263 dma=22 pix=151004 snd=0 prot=0 cmos=0 ctrl=0
F 264 dma=22 pix=151004 snd=0 prot=0 cmos=0 ctrl=0
F 265 dma=22 pix=151004 snd=0 prot=0 cmos=0 ctrl=0
F 266 dma=22 pix=151004 snd=0 prot=0 cmos=0 ctrl=0
F 267 dma=22 pix=151004 snd=0 prot=0 cmos=0 ctrl=0
F 268 dma=22 pix=151004 snd=0 prot=0 cmos=0 ctrl=0
F 269 dma=22 pix=151004 snd=0 prot=0 cmos=0 ctrl=0
F 270 dma=22 pix=151004 snd=0 prot=0 cmos=0 ctrl=0
F 271 dma=22 pix=151004 snd=0 prot=0 cmos=0 ctrl=0
F 272 dma=22 pix=151004 snd=0 prot=0 cmos=0 ctrl=0
F 273 dma=22 pix=151004 snd=0 prot=0 cmos=0 ctrl=0
F 274 dma=22 pix=151004 snd=0 prot=0 cmos=0 ctrl=0
F 275 dma=22 pix=151004 snd=0 prot=0 cmos=0 ctrl=0
F 276 dma=22 pix=151004 snd=0 prot=0 cmos=0 ctrl=0
F 277 dma=22 pix=151004 snd=0 prot=0 cmos=0 ctrl=0
F 278 dma=22 pix=151004 snd=0 prot=0 cmos=0 ctrl=0
F 279 dma=22 pix=151004 snd=0 prot=0 cmos=0 ctrl=0
F 280 dma=22 pix=151004 snd=0 prot=0 cmos=0 ctrl=0
F 281 dma=22 pix=151004 snd=0 prot=0 cmos=0 ctrl=0
F 282 dma=22 pix=151004 snd=0 prot=0 cmos=0 ctrl=0
F 283 dma=22 pix=151004 snd=0 prot=0 cmos=0 ctrl=0
F 284 dma=22 pix=151004 snd=0 prot=0 cmos=0 ctrl=0
F 285 dma=22 pix=151004 snd=0 prot=0 cmos=0 ctrl=0
F 286 dma=22 pix=151004 snd=0 prot=0 cmos=0 ctrl=0
F 287 dma=22 pix=151004 snd=0 prot=0 cmos=0 ctrl=0
F 288 dma=22 pix=151004 snd=0 prot=0 cmos=0 ctrl=0
F 289 dma=22 pix=151004 snd=0 prot=0 cmos=0 ctrl=0
F 290 dma=22 pix=151004 snd=0 prot=0 cmos=0 ctrl=0
F 291 dma=22 pix=151004 snd=0 prot=0 cmos=0 ctrl=0
F 292 dma=22 pix=151004 snd=0 prot=0 cmos=0 ctrl=0
F 293 dma=22 pix=151004 snd=0 prot=0 cmos=0 ctrl=0
F 294 dma=22 pix=151004 snd=0 prot=0 cmos=0 ctrl=0
F 295 dma=22 pix=151004 snd=0 prot=0 cmos=0 ctrl=0
F 296 dma=22 pix=151004 snd=0 prot=0 cmos=0 ctrl=0
F 297 dma=22 pix=151004 snd=0 prot=0 cmos=0 ctrl=0
F 298 dma=22 pix=151004 snd=0 prot=0 cmos=0 ctrl=0
F 299 dma=22 pix=151004 snd=0 prot=0 cmos=0 ctrl=0
F 300 dma=22 pix=151004 snd=0 prot=0 cmos=0 ctrl=0
F 301 dma=22 pix=151004 snd=0 prot=0 cmos=0 ctrl=0
F 302 dma=22 pix=151004 snd=0 prot=0 cmos=0 ctrl=0
F 303 dma=22 pix=151004 snd=0 prot=0 cmos=0 ctrl=0
F 304 dma=22 pix=151004 snd=0 prot=0 cmos=0 ctrl=0
F 305 dma=22 pix=151004 snd=0 prot=0 cmos=0 ctrl=0
F 306 dma=22 pix=151004 snd=0 prot=0 cmos=0 ctrl=0
F 307 dma=22 pix=151004 snd=0 prot=0 cmos=0 ctrl=0
F 308 dma=22 pix=151004 snd=0 prot=0 cmos=0 ctrl=0
F 309 dma=22 pix=151004 snd=0 prot=0 cmos=0 ctrl=0
F 310 dma=22 pix=151004 snd=0 prot=0 cmos=0 ctrl=0
F 311 dma=22 pix=151004 snd=0 prot=0 cmos=0 ctrl=0
F 312 dma=22 pix=151004 snd=0 prot=0 cmos=0 ctrl=0
F 313 dma=22 pix=151004 snd=0 prot=0 cmos=0 ctrl=0
F 314 dma=22 pix=151004 snd=0 prot=0 cmos=0 ctrl=0
F 315 dma=22 pix=151004 snd=0 prot=0 cmos=0 ctrl=0
F 316 dma=22 pix=151004 snd=0 prot=0 cmos=0 ctrl=0
F 317 dma=22 pix=151004 snd=0 prot=0 cmos=0 ctrl=0
F 318 dma=22 pix=151004 snd=0 prot=0 cmos=0 ctrl=0
F 319 dma=22 pix=151004 snd=0 prot=0 cmos=0 ctrl=0
F 320 dma=22 pix=151004 snd=0 prot=0 cmos=0 ctrl=0
F 321 dma=22 pix=151004 snd=0 prot=0 cmos=0 ctrl=0
F 322 dma=22 pix=151004 snd=0 prot=0 cmos=0 ctrl=0
F 323 dma=22 pix=151004 snd=0 prot=0 cmos=0 ctrl=0
F 324 dma=22 pix=151004 snd=0 prot=0 cmos=0 ctrl=0
F 325 dma=22 pix=151004 snd=0 prot=0 cmos=0 ctrl=0
F 326 dma=22 pix=151004 snd=0 prot=0 cmos=0 ctrl=0
F 327 dma=22 pix=151004 snd=0 prot=0 cmos=0 ctrl=0
F 328 dma=22 pix=151004 snd=0 prot=0 cmos=0 ctrl=0
F 329 dma=22 pix=151004 snd=0 prot=0 cmos=0 ctrl=0
F 330 dma=22 pix=151004 snd=0 prot=0 cmos=0 ctrl=0
F 331 dma=22 pix=151004 snd=0 prot=0 cmos=0 ctrl=0
F 332 dma=22 pix=151004 snd=0 prot=0 cmos=0 ctrl=0
F 333 dma=22 pix=151004 snd=0 prot=0 cmos=0 ctrl=0
F 334 dma=22 pix=151004 snd=0 prot=0 cmos=0 ctrl=0
F 335 dma=22 pix=151004 snd=0 prot=0 cmos=0 ctrl=0
F 336 dma=22 pix=151004 snd=0 prot=0 cmos=0 ctrl=0
F 337 dma=22 pix=151004 snd=0 prot=0 cmos=0 ctrl=0
F 338 dma=22 pix=151004 snd=0 prot=0 cmos=0 ctrl=0
F 339 dma=22 pix=151004 snd=0 prot=0 cmos=0 ctrl=0
F 340 dma=22 pix=151004 snd=0 prot=0 cmos=0 ctrl=0
F 341 dma=22 pix=151004 snd=0 prot=0 cmos=0 ctrl=0
F 342 dma=22 pix=151004 snd=0 prot=0 cmos=0 ctrl=0
F 343 dma=22 pix=151004 snd=0 prot=0 cmos=0 ctrl=0
F 344 dma=22 pix=151004 snd=0 prot=0 cmos=0 ctrl=0
F 345 dma=22 pix=151004 snd=0 prot=0 cmos=0 ctrl=0
F 346 dma=22 pix=151004 snd=0 prot=0 cmos=0 ctrl=0
F 347 dma=22 pix=151004 snd=0 prot=0 cmos=0 ctrl=0
F 348 dma=22 pix=151004 snd=0 prot=0 cmos=0 ctrl=0
F 349 dma=22 pix=151004 snd=0 prot=0 cmos=0 ctrl=0
F 350 dma=22 pix=151004 snd=0 prot=0 cmos=0 ctrl=0
F 351 dma=22 pix=151004 snd=0 prot=0 cmos=0 ctrl=0
F 352 dma=22 pix=151004 snd=0 prot=0 cmos=0 ctrl=0
F 353 dma=22 pix=151004 snd=0 prot=0 cmos=0 ctrl=0
F 354 dma=22 pix=151004 snd=0 prot=0 cmos=0 ctrl=0
F 355 dma=22 pix=151004 snd=0 prot=0 cmos=0 ctrl=0
F 356 dma=22 pix=151004 snd=0 prot=0 cmos=0 ctrl=0
F 357 dma=22 pix=151004 snd=0 prot=0 cmos=0 ctrl=0
F 358 dma=22 pix=151004 snd=0 prot=0 cmos=0 ctrl=0
F 359 dma=22 pix=151004 snd=0 prot=0 cmos=0 ctrl=0
F 360 dma=22 pix=151004 snd=0 prot=0 cmos=0 ctrl=0
F 361 dma=22 pix=151004 snd=0 prot=0 cmos=0 ctrl=0
F 362 dma=22 pix=151004 snd=0 prot=0 cmos=0 ctrl=0
F 363 dma=22 pix=151004 snd=0 prot=0 cmos=0 ctrl=0
F 364 dma=22 pix=151004 snd=0 prot=0 cmos=0 ctrl=0
F 365 dma=22 pix=151004 snd=0 prot=0 cmos=0 ctrl=0
F 366 dma=22 pix=151004 snd=0 prot=0 cmos=0 ctrl=0
F 367 dma=22 pix=151004 snd=0 prot=0 cmos=0 ctrl=0
F 368 dma=22 pix=151004 snd=0 prot=0 cmos=0 ctrl=0
F 369 dma=22 pix=151004 snd=0 prot=0 cmos=0 ctrl=0
F 370 dma=22 pix=151004 snd=0 prot=0 cmos=0 ctrl=0
F 371 dma=22 pix=151004 snd=0 prot=0 cmos=0 ctrl=0
F 372 dma=22 pix=151004 snd=0 prot=0 cmos=0 ctrl=0
F 373 dma=22 pix=151004 snd=0 prot=0 cmos=0 ctrl=0
F 374 dma=22 pix=151004 snd=0 prot=0 cmos=0 ctrl=0
F 375 dma=22 pix=151004 snd=0 prot=0 cmos=0 ctrl=0
F 376 dma=22 pix=151004 snd=0 prot=0 cmos=0 ctrl=0
F 377 dma=22 pix=151004 snd=0 prot=0 cmos=0 ctrl=0
F 378 dma=22 pix=151004 snd=0 prot=0 cmos=0 ctrl=0
F 379 dma=22 pix=151004 snd=0 prot=0 cmos=0 ctrl=0
F 380 dma=22 pix=151004 snd=0 prot=0 cmos=0 ctrl=0
F 381 dma=22 pix=151004 snd=0 prot=0 cmos=0 ctrl=0
F 382 dma=22 pix=151004 snd=0 prot=0 cmos=0 ctrl=0
F 383 dma=22 pix=151004 snd=0 prot=0 cmos=0 ctrl=0
F 384 dma=22 pix=151004 snd=0 prot=0 cmos=0 ctrl=0
F 385 dma=22 pix=151004 snd=0 prot=0 cmos=0 ctrl=0
F 386 dma=22 pix=151004 snd=0 prot=0 cmos=0 ctrl=0
F 387 dma=22 pix=151004 snd=0 prot=0 cmos=0 ctrl=0
F 388 dma=22 pix=151004 snd=0 prot=0 cmos=0 ctrl=0
F 389 dma=22 pix=151004 snd=0 prot=0 cmos=0 ctrl=0
F 390 dma=22 pix=151004 snd=0 prot=0 cmos=0 ctrl=0
F 391 dma=22 pix=151004 snd=0 prot=0 cmos=0 ctrl=0
F 392 dma=22 pix=151004 snd=0 prot=0 cmos=0 ctrl=0
F 393 dma=22 pix=151004 snd=0 prot=0 cmos=0 ctrl=0
F 394 dma=22 pix=151004 snd=0 prot=0 cmos=0 ctrl=0
F 395 dma=22 pix=151004 snd=0 prot=0 cmos=0 ctrl=0
F 396 dma=22 pix=151004 snd=0 prot=0 cmos=0 ctrl=0
F 397 dma=22 pix=151004 snd=0 prot=0 cmos=0 ctrl=0
F 398 dma=22 pix=151004 snd=0 prot=0 cmos=0 ctrl=0
F 399 dma=22 pix=151004 snd=0 prot=0 cmos=0 ctrl=0
F 400 dma=22 pix=151004 snd=0 prot=0 cmos=0 ctrl=0
F 401 dma=22 pix=151004 snd=0 prot=0 cmos=0 ctrl=0
F 402 dma=22 pix=151004 snd=0 prot=0 cmos=0 ctrl=0
F 403 dma=22 pix=151004 snd=0 prot=0 cmos=0 ctrl=0
F 404 dma=22 pix=151004 snd=0 prot=0 cmos=0 ctrl=0
F 405 dma=22 pix=151004 snd=0 prot=0 cmos=0 ctrl=0
F 406 dma=22 pix=151004 snd=0 prot=0 cmos=0 ctrl=0
F 407 dma=22 pix=151004 snd=0 prot=0 cmos=0 ctrl=0
F 408 dma=22 pix=151004 snd=0 prot=0 cmos=0 ctrl=0
F 409 dma=22 pix=151004 snd=0 prot=0 cmos=0 ctrl=0
F 410 dma=22 pix=151004 snd=0 prot=0 cmos=0 ctrl=0
F 411 dma=22 pix=151004 snd=0 prot=0 cmos=0 ctrl=0
F 412 dma=22 pix=151004 snd=0 prot=0 cmos=0 ctrl=0
F 413 dma=22 pix=151004 snd=0 prot=0 cmos=0 ctrl=0
F 414 dma=22 pix=151004 snd=0 prot=0 cmos=0 ctrl=0
F 415 dma=22 pix=151004 snd=0 prot=0 cmos=0 ctrl=0
F 416 dma=22 pix=151004 snd=0 prot=0 cmos=0 ctrl=0
F 417 dma=22 pix=151004 snd=0 prot=0 cmos=0 ctrl=0
F 418 dma=22 pix=151004 snd=0 prot=0 cmos=0 ctrl=0
F 419 dma=22 pix=151004 snd=0 prot=0 cmos=0 ctrl=0
F 420 dma=22 pix=151004 snd=0 prot=0 cmos=0 ctrl=0
F 421 dma=22 pix=151004 snd=0 prot=0 cmos=0 ctrl=0
F 422 dma=22 pix=151004 snd=0 prot=0 cmos=0 ctrl=0
F 423 dma=22 pix=151004 snd=0 prot=0 cmos=6 ctrl=0
F 424 dma=22 pix=151004 snd=0 prot=0 cmos=0 ctrl=0
F 425 dma=22 pix=151004 snd=0 prot=0 cmos=0 ctrl=0
F 426 dma=22 pix=151004 snd=0 prot=0 cmos=0 ctrl=0
F 427 dma=22 pix=151004 snd=0 prot=0 cmos=0 ctrl=0
F 428 dma=22 pix=151004 snd=0 prot=0 cmos=0 ctrl=0
F 429 dma=22 pix=151004 snd=0 prot=0 cmos=0 ctrl=0
F 430 dma=22 pix=151004 snd=0 prot=0 cmos=0 ctrl=0
F 431 dma=22 pix=151004 snd=0 prot=0 cmos=0 ctrl=0
F 432 dma=22 pix=151004 snd=0 prot=0 cmos=0 ctrl=0
F 433 dma=22 pix=151004 snd=0 prot=0 cmos=0 ctrl=0
F 434 dma=22 pix=151004 snd=0 prot=0 cmos=0 ctrl=0
F 435 dma=22 pix=151004 snd=0 prot=0 cmos=0 ctrl=0
F 436 dma=22 pix=151004 snd=0 prot=0 cmos=0 ctrl=0
F 437 dma=22 pix=151004 snd=0 prot=0 cmos=0 ctrl=0
F 438 dma=22 pix=151004 snd=0 prot=0 cmos=0 ctrl=0
F 439 dma=22 pix=151004 snd=0 prot=0 cmos=0 ctrl=0
F 440 dma=22 pix=151004 snd=0 prot=0 cmos=0 ctrl=0
F 441 dma=22 pix=151004 snd=0 prot=0 cmos=0 ctrl=0
F 442 dma=22 pix=151004 snd=0 prot=0 cmos=0 ctrl=0
F 443 dma=22 pix=151004 snd=0 prot=0 cmos=0 ctrl=0
F 444 dma=22 pix=151004 snd=0 prot=0 cmos=0 ctrl=0
F 445 dma=22 pix=151004 snd=0 prot=0 cmos=0 ctrl=0
F 446 dma=22 pix=151004 snd=0 prot=0 cmos=0 ctrl=0
F 447 dma=22 pix=151004 snd=0 prot=0 cmos=0 ctrl=0
F 448 dma=22 pix=151004 snd=0 prot=0 cmos=0 ctrl=0
F 449 dma=22 pix=151004 snd=0 prot=0 cmos=0 ctrl=0
F 450 dma=22 pix=151004 snd=0 prot=0 cmos=0 ctrl=0
F 451 dma=22 pix=151004 snd=0 prot=0 cmos=0 ctrl=0
F 452 dma=22 pix=151004 snd=0 prot=0 cmos=0 ctrl=0
F 453 dma=22 pix=151004 snd=0 prot=0 cmos=0 ctrl=0
F 454 dma=22 pix=151004 snd=0 prot=0 cmos=0 ctrl=0
F 455 dma=22 pix=151004 snd=0 prot=0 cmos=0 ctrl=0
F 456 dma=22 pix=151004 snd=0 prot=0 cmos=0 ctrl=0
F 457 dma=22 pix=151004 snd=0 prot=0 cmos=0 ctrl=0
F 458 dma=22 pix=151004 snd=0 prot=0 cmos=0 ctrl=0
F 459 dma=22 pix=151004 snd=0 prot=0 cmos=0 ctrl=0
F 460 dma=22 pix=151004 snd=0 prot=0 cmos=0 ctrl=0
F 461 dma=22 pix=151004 snd=0 prot=0 cmos=0 ctrl=0
F 462 dma=22 pix=151004 snd=0 prot=0 cmos=0 ctrl=0
F 463 dma=22 pix=151004 snd=0 prot=0 cmos=0 ctrl=0
F 464 dma=22 pix=151004 snd=0 prot=0 cmos=0 ctrl=0
F 465 dma=22 pix=151004 snd=0 prot=0 cmos=0 ctrl=0
F 466 dma=22 pix=151004 snd=0 prot=0 cmos=0 ctrl=0
F 467 dma=22 pix=151004 snd=0 prot=0 cmos=0 ctrl=0
F 468 dma=22 pix=151004 snd=0 prot=0 cmos=0 ctrl=0
F 469 dma=22 pix=151004 snd=0 prot=0 cmos=0 ctrl=0
F 470 dma=22 pix=151004 snd=0 prot=0 cmos=0 ctrl=0
F 471 dma=22 pix=151004 snd=0 prot=0 cmos=0 ctrl=0
F 472 dma=22 pix=151004 snd=0 prot=0 cmos=0 ctrl=0
F 473 dma=22 pix=151004 snd=0 prot=0 cmos=0 ctrl=0
F 474 dma=22 pix=151004 snd=0 prot=0 cmos=0 ctrl=0
F 475 dma=22 pix=151004 snd=0 prot=0 cmos=0 ctrl=0
F 476 dma=22 pix=151004 snd=0 prot=0 cmos=0 ctrl=0
F 477 dma=22 pix=151004 snd=0 prot=0 cmos=0 ctrl=0
F 478 dma=22 pix=151004 snd=0 prot=0 cmos=0 ctrl=0
F 479 dma=22 pix=151004 snd=0 prot=0 cmos=0 ctrl=0
F 480 dma=22 pix=151004 snd=0 prot=0 cmos=0 ctrl=0
F 481 dma=22 pix=151004 snd=0 prot=0 cmos=0 ctrl=0
F 482 dma=22 pix=151004 snd=0 prot=0 cmos=0 ctrl=0
F 483 dma=22 pix=151004 snd=0 prot=0 cmos=0 ctrl=0
F 484 dma=22 pix=151004 snd=0 prot=0 cmos=0 ctrl=0
F 485 dma=22 pix=151004 snd=0 prot=0 cmos=0 ctrl=0
F 486 dma=22 pix=151004 snd=0 prot=0 cmos=0 ctrl=0
F 487 dma=22 pix=151004 snd=0 prot=0 cmos=0 ctrl=0
F 488 dma=22 pix=151004 snd=0 prot=0 cmos=0 ctrl=0
F 489 dma=22 pix=151004 snd=0 prot=0 cmos=0 ctrl=0
F 490 dma=22 pix=151004 snd=0 prot=0 cmos=0 ctrl=0
F 491 dma=22 pix=151004 snd=0 prot=0 cmos=0 ctrl=0
F 492 dma=22 pix=151004 snd=0 prot=0 cmos=0 ctrl=0
F 493 dma=22 pix=151004 snd=0 prot=0 cmos=0 ctrl=0
F 494 dma=22 pix=151004 snd=0 prot=0 cmos=0 ctrl=0
F 495 dma=22 pix=151004 snd=0 prot=0 cmos=0 ctrl=0
F 496 dma=22 pix=151004 snd=0 prot=0 cmos=0 ctrl=0
F 497 dma=22 pix=151004 snd=0 prot=0 cmos=0 ctrl=0
F 498 dma=22 pix=151004 snd=0 prot=0 cmos=0 ctrl=0
F 499 dma=22 pix=151004 snd=0 prot=0 cmos=0 ctrl=0
F 500 dma=22 pix=151004 snd=0 prot=0 cmos=0 ctrl=0
IO 500 0015 0032 00fa 00fc 0003 0014 0112 0120 f010 effc 0112 002c 0000 0000 0000 0000 0000 0404 0402 0000 0000 0008 0000 0000 0000 0000 0000 001c 0032 0111 e01c 79f4
F 501 dma=22 pix=151004 snd=0 prot=0 cmos=0 ctrl=0
F 502 dma=22 pix=151004 snd=0 prot=0 cmos=0 ctrl=0
F 503 dma=22 pix=151004 snd=0 prot=0 cmos=0 ctrl=0
F 504 dma=22 pix=151004 snd=0 prot=0 cmos=0 ctrl=0
F 505 dma=22 pix=151004 snd=0 prot=0 cmos=0 ctrl=0
F 506 dma=22 pix=151004 snd=0 prot=0 cmos=0 ctrl=0
F 507 dma=22 pix=151004 snd=0 prot=0 cmos=0 ctrl=0
F 508 dma=22 pix=151004 snd=0 prot=0 cmos=0 ctrl=0
F 509 dma=22 pix=151004 snd=0 prot=0 cmos=0 ctrl=0
F 510 dma=22 pix=151004 snd=0 prot=0 cmos=0 ctrl=0
F 511 dma=22 pix=151004 snd=0 prot=0 cmos=0 ctrl=0
F 512 dma=22 pix=151004 snd=0 prot=0 cmos=0 ctrl=0
F 513 dma=22 pix=151004 snd=0 prot=0 cmos=0 ctrl=0
F 514 dma=22 pix=151004 snd=0 prot=0 cmos=0 ctrl=0
F 515 dma=22 pix=151004 snd=0 prot=0 cmos=0 ctrl=0
F 516 dma=22 pix=151004 snd=0 prot=0 cmos=0 ctrl=0
F 517 dma=22 pix=151004 snd=0 prot=0 cmos=0 ctrl=0
F 518 dma=22 pix=151004 snd=0 prot=0 cmos=0 ctrl=0
F 519 dma=22 pix=151004 snd=0 prot=0 cmos=0 ctrl=0
F 520 dma=22 pix=151004 snd=0 prot=0 cmos=0 ctrl=0
F 521 dma=22 pix=151004 snd=0 prot=0 cmos=0 ctrl=0
F 522 dma=22 pix=151004 snd=0 prot=0 cmos=0 ctrl=0
F 523 dma=22 pix=151004 snd=0 prot=0 cmos=0 ctrl=0
F 524 dma=22 pix=151004 snd=0 prot=0 cmos=0 ctrl=0
F 525 dma=22 pix=151004 snd=0 prot=0 cmos=0 ctrl=0
F 526 dma=22 pix=151004 snd=0 prot=0 cmos=0 ctrl=0
F 527 dma=22 pix=151004 snd=0 prot=0 cmos=0 ctrl=0
F 528 dma=22 pix=151004 snd=0 prot=0 cmos=0 ctrl=0
F 529 dma=22 pix=151004 snd=0 prot=0 cmos=0 ctrl=0
F 530 dma=22 pix=151004 snd=0 prot=0 cmos=0 ctrl=0
F 531 dma=22 pix=151004 snd=0 prot=0 cmos=0 ctrl=0
F 532 dma=22 pix=151004 snd=0 prot=0 cmos=0 ctrl=0
F 533 dma=22 pix=151004 snd=0 prot=0 cmos=0 ctrl=0
F 534 dma=22 pix=151004 snd=0 prot=0 cmos=0 ctrl=0
F 535 dma=22 pix=151004 snd=0 prot=0 cmos=0 ctrl=0
F 536 dma=22 pix=151004 snd=0 prot=0 cmos=0 ctrl=0
F 537 dma=22 pix=151004 snd=0 prot=0 cmos=0 ctrl=0
F 538 dma=22 pix=151004 snd=0 prot=0 cmos=0 ctrl=0
F 539 dma=22 pix=151004 snd=0 prot=0 cmos=0 ctrl=0
F 540 dma=22 pix=151004 snd=0 prot=0 cmos=0 ctrl=0
F 541 dma=22 pix=151004 snd=0 prot=0 cmos=0 ctrl=0
F 542 dma=22 pix=151004 snd=0 prot=0 cmos=0 ctrl=0
F 543 dma=22 pix=151004 snd=0 prot=0 cmos=0 ctrl=0
F 544 dma=0 pix=0 snd=0 prot=0 cmos=0 ctrl=0
CTRL2 f=544 data=ff18
F 545 dma=0 pix=0 snd=0 prot=0 cmos=0 ctrl=0
CTRL2 f=545 data=ff38
F 546 dma=0 pix=0 snd=0 prot=0 cmos=0 ctrl=0
F 547 dma=0 pix=0 snd=0 prot=0 cmos=0 ctrl=0
F 548 dma=0 pix=0 snd=0 prot=0 cmos=0 ctrl=0
F 549 dma=0 pix=0 snd=0 prot=0 cmos=0 ctrl=0
F 550 dma=0 pix=0 snd=0 prot=0 cmos=0 ctrl=0
F 551 dma=0 pix=0 snd=0 prot=0 cmos=0 ctrl=0
F 552 dma=0 pix=0 snd=0 prot=0 cmos=0 ctrl=0
F 553 dma=0 pix=0 snd=0 prot=0 cmos=0 ctrl=0
F 554 dma=0 pix=0 snd=0 prot=0 cmos=0 ctrl=0
F 555 dma=0 pix=0 snd=0 prot=0 cmos=0 ctrl=0
F 556 dma=0 pix=0 snd=0 prot=0 cmos=0 ctrl=0
F 557 dma=0 pix=0 snd=0 prot=0 cmos=0 ctrl=0
F 558 dma=0 pix=0 snd=0 prot=0 cmos=0 ctrl=0
F 559 dma=0 pix=0 snd=0 prot=0 cmos=0 ctrl=0
F 560 dma=0 pix=0 snd=0 prot=0 cmos=0 ctrl=0
F 561 dma=0 pix=0 snd=0 prot=0 cmos=0 ctrl=0
F 562 dma=0 pix=0 snd=0 prot=0 cmos=0 ctrl=0
F 563 dma=0 pix=0 snd=0 prot=0 cmos=0 ctrl=0
F 564 dma=0 pix=0 snd=0 prot=0 cmos=0 ctrl=0
F 565 dma=0 pix=0 snd=0 prot=0 cmos=0 ctrl=0
F 566 dma=0 pix=0 snd=0 prot=0 cmos=0 ctrl=0
F 567 dma=0 pix=0 snd=0 prot=0 cmos=0 ctrl=0
F 568 dma=0 pix=0 snd=0 prot=0 cmos=0 ctrl=0
F 569 dma=0 pix=0 snd=0 prot=0 cmos=0 ctrl=0
F 570 dma=0 pix=0 snd=0 prot=0 cmos=0 ctrl=0
F 571 dma=0 pix=0 snd=0 prot=0 cmos=0 ctrl=0
F 572 dma=0 pix=0 snd=0 prot=0 cmos=0 ctrl=0
F 573 dma=0 pix=0 snd=0 prot=0 cmos=0 ctrl=0
F 574 dma=0 pix=0 snd=0 prot=0 cmos=0 ctrl=0
F 575 dma=0 pix=0 snd=0 prot=0 cmos=0 ctrl=0
F 576 dma=0 pix=0 snd=0 prot=0 cmos=0 ctrl=0
F 577 dma=0 pix=0 snd=0 prot=0 cmos=0 ctrl=0
F 578 dma=0 pix=0 snd=0 prot=0 cmos=0 ctrl=0
F 579 dma=0 pix=0 snd=0 prot=0 cmos=0 ctrl=0
F 580 dma=0 pix=0 snd=0 prot=0 cmos=0 ctrl=0
F 581 dma=0 pix=0 snd=0 prot=0 cmos=0 ctrl=0
F 582 dma=0 pix=0 snd=0 prot=0 cmos=0 ctrl=0
F 583 dma=0 pix=0 snd=0 prot=0 cmos=0 ctrl=0
F 584 dma=0 pix=0 snd=0 prot=0 cmos=0 ctrl=0
F 585 dma=0 pix=0 snd=0 prot=0 cmos=0 ctrl=0
F 586 dma=0 pix=0 snd=0 prot=0 cmos=0 ctrl=0
F 587 dma=0 pix=0 snd=0 prot=0 cmos=0 ctrl=0
F 588 dma=0 pix=0 snd=0 prot=0 cmos=0 ctrl=0
F 589 dma=0 pix=0 snd=0 prot=0 cmos=0 ctrl=0
F 590 dma=0 pix=0 snd=0 prot=0 cmos=0 ctrl=0
F 591 dma=0 pix=0 snd=0 prot=0 cmos=0 ctrl=0
F 592 dma=0 pix=0 snd=0 prot=0 cmos=0 ctrl=0
F 593 dma=0 pix=0 snd=0 prot=0 cmos=0 ctrl=0
F 594 dma=0 pix=0 snd=0 prot=0 cmos=0 ctrl=0
F 595 dma=0 pix=0 snd=0 prot=0 cmos=0 ctrl=0
F 596 dma=0 pix=0 snd=0 prot=0 cmos=0 ctrl=0
F 597 dma=0 pix=0 snd=0 prot=0 cmos=0 ctrl=0
F 598 dma=0 pix=0 snd=0 prot=0 cmos=0 ctrl=0
F 599 dma=0 pix=0 snd=0 prot=0 cmos=0 ctrl=0
PROTW f=599 off=01b23c30 data=fc00
PROTW f=599 off=01b23830 data=f800
PROTW f=599 off=01b23430 data=f400
PROTW f=599 off=01b23030 data=f000
PROTW f=599 off=01b22c30 data=ec00
PROTW f=599 off=01b22830 data=e800
PROTW f=599 off=01b22430 data=e400
PROTW f=599 off=01b22030 data=e000
PROTW f=599 off=01b21c30 data=dc00
PROTW f=599 off=01b21830 data=d800
PROTW f=599 off=01b21430 data=d400
PROTW f=599 off=01b21030 data=d000
PROTW f=599 off=01b20c30 data=cc00
PROTW f=599 off=01b20830 data=c800
PROTW f=599 off=01b20430 data=c400
PROTW f=599 off=01b20030 data=c000
PROTW f=599 off=01b1fc30 data=bc00
PROTW f=599 off=01b1f830 data=b800
PROTW f=599 off=01b1f430 data=b400
PROTW f=599 off=01b1f030 data=b000
PROTW f=599 off=01b1ec30 data=ac00
PROTW f=599 off=01b1e830 data=a800
PROTW f=599 off=01b1e430 data=a400
PROTW f=599 off=01b1e030 data=a000
PROTW f=599 off=01b1dc30 data=9c00
PROTW f=599 off=01b1d830 data=9800
PROTW f=599 off=01b1d430 data=9400
PROTW f=599 off=01b1d030 data=9000
PROTW f=599 off=01b1cc30 data=8c00
PROTW f=599 off=01b1c830 data=8800
PROTW f=599 off=01b1c430 data=8400
PROTW f=599 off=01b1c030 data=8000
PROTW f=599 off=01b1bc30 data=7c00
PROTW f=599 off=01b1b830 data=7800
PROTW f=599 off=01b1b430 data=7400
PROTW f=599 off=01b1b030 data=7000
PROTW f=599 off=01b1ac30 data=6c00
PROTW f=599 off=01b1a830 data=6800
PROTW f=599 off=01b1a430 data=6400
PROTW f=599 off=01b1a030 data=6000
PROTW f=599 off=01b19c30 data=5c00
PROTW f=599 off=01b19830 data=5800
PROTW f=599 off=01b19430 data=5400
PROTW f=599 off=01b19030 data=5000
PROTW f=599 off=01b18c30 data=4c00
PROTW f=599 off=01b18830 data=4800
PROTW f=599 off=01b18430 data=4400
PROTW f=599 off=01b18030 data=4000
PROTW f=599 off=01b17c30 data=3c00
PROTW f=599 off=01b17830 data=3800
PROTW f=599 off=01b17430 data=3400
PROTW f=599 off=01b17030 data=3000
PROTW f=599 off=01b16c30 data=2c00
PROTW f=599 off=01b16830 data=2800
PROTW f=599 off=01b16430 data=2400
PROTW f=599 off=01b16030 data=2000
PROTW f=599 off=01b15c30 data=1c00
PROTW f=599 off=01b15830 data=1800
PROTW f=599 off=01b15430 data=1400
PROTW f=599 off=01b15030 data=1000
PROTW f=599 off=01b14c30 data=0c00
PROTW f=599 off=01b14830 data=0800
PROTW f=599 off=01b14430 data=0400
PROTW f=599 off=01b14030 data=0000
F 600 dma=0 pix=0 snd=0 prot=384 cmos=0 ctrl=0
F 601 dma=0 pix=0 snd=0 prot=0 cmos=0 ctrl=0
CTRL2 f=601 data=fff8
F 602 dma=0 pix=0 snd=0 prot=0 cmos=0 ctrl=0
PROTW f=602 off=01b23c30 data=fc00
PROTW f=602 off=01b23830 data=f800
PROTW f=602 off=01b23430 data=f400
PROTW f=602 off=01b23030 data=f000
PROTW f=602 off=01b22c30 data=ec00
PROTW f=602 off=01b22830 data=e800
PROTW f=602 off=01b22430 data=e400
PROTW f=602 off=01b22030 data=e000
PROTW f=602 off=01b21c30 data=dc00
PROTW f=602 off=01b21830 data=d800
PROTW f=602 off=01b21430 data=d400
PROTW f=602 off=01b21030 data=d000
PROTW f=602 off=01b20c30 data=cc00
PROTW f=602 off=01b20830 data=c800
PROTW f=602 off=01b20430 data=c400
PROTW f=602 off=01b20030 data=c000
PROTW f=602 off=01b1fc30 data=bc00
PROTW f=602 off=01b1f830 data=b800
PROTW f=602 off=01b1f430 data=b400
PROTW f=602 off=01b1f030 data=b000
PROTW f=602 off=01b1ec30 data=ac00
PROTW f=602 off=01b1e830 data=a800
PROTW f=602 off=01b1e430 data=a400
PROTW f=602 off=01b1e030 data=a000
PROTW f=602 off=01b1dc30 data=9c00
PROTW f=602 off=01b1d830 data=9800
PROTW f=602 off=01b1d430 data=9400
PROTW f=602 off=01b1d030 data=9000
PROTW f=602 off=01b1cc30 data=8c00
PROTW f=602 off=01b1c830 data=8800
PROTW f=602 off=01b1c430 data=8400
PROTW f=602 off=01b1c030 data=8000
PROTW f=602 off=01b1bc30 data=7c00
PROTW f=602 off=01b1b830 data=7800
PROTW f=602 off=01b1b430 data=7400
PROTW f=602 off=01b1b030 data=7000
PROTW f=602 off=01b1ac30 data=6c00
PROTW f=602 off=01b1a830 data=6800
PROTW f=602 off=01b1a430 data=6400
PROTW f=602 off=01b1a030 data=6000
PROTW f=602 off=01b19c30 data=5c00
PROTW f=602 off=01b19830 data=5800
PROTW f=602 off=01b19430 data=5400
PROTW f=602 off=01b19030 data=5000
PROTW f=602 off=01b18c30 data=4c00
PROTW f=602 off=01b18830 data=4800
PROTW f=602 off=01b18430 data=4400
PROTW f=602 off=01b18030 data=4000
PROTW f=602 off=01b17c30 data=3c00
PROTW f=602 off=01b17830 data=3800
PROTW f=602 off=01b17430 data=3400
PROTW f=602 off=01b17030 data=3000
PROTW f=602 off=01b16c30 data=2c00
PROTW f=602 off=01b16830 data=2800
PROTW f=602 off=01b16430 data=2400
PROTW f=602 off=01b16030 data=2000
PROTW f=602 off=01b15c30 data=1c00
PROTW f=602 off=01b15830 data=1800
PROTW f=602 off=01b15430 data=1400
PROTW f=602 off=01b15030 data=1000
PROTW f=602 off=01b14c30 data=0c00
PROTW f=602 off=01b14830 data=0800
PROTW f=602 off=01b14430 data=0400
PROTW f=602 off=01b14030 data=0000
F 603 dma=0 pix=0 snd=0 prot=384 cmos=0 ctrl=0
F 604 dma=0 pix=0 snd=0 prot=0 cmos=0 ctrl=0
CTRL2 f=604 data=fff8
F 605 dma=0 pix=0 snd=0 prot=0 cmos=0 ctrl=0
F 606 dma=0 pix=0 snd=0 prot=0 cmos=0 ctrl=0
F 607 dma=0 pix=0 snd=0 prot=0 cmos=0 ctrl=0
F 608 dma=0 pix=0 snd=0 prot=0 cmos=0 ctrl=0
F 609 dma=0 pix=0 snd=0 prot=0 cmos=0 ctrl=0
F 610 dma=0 pix=0 snd=0 prot=0 cmos=0 ctrl=0
F 611 dma=0 pix=0 snd=0 prot=0 cmos=0 ctrl=0
F 612 dma=204 pix=13812 snd=0 prot=0 cmos=0 ctrl=0
F 613 dma=204 pix=13812 snd=0 prot=0 cmos=0 ctrl=0
F 614 dma=0 pix=0 snd=0 prot=0 cmos=0 ctrl=0
F 615 dma=204 pix=13812 snd=0 prot=0 cmos=0 ctrl=0
F 616 dma=204 pix=13812 snd=0 prot=0 cmos=0 ctrl=0
F 617 dma=204 pix=13812 snd=0 prot=0 cmos=0 ctrl=0
F 618 dma=204 pix=13812 snd=0 prot=0 cmos=0 ctrl=0
F 619 dma=204 pix=13812 snd=0 prot=0 cmos=0 ctrl=0
F 620 dma=204 pix=13812 snd=0 prot=0 cmos=0 ctrl=0
F 621 dma=204 pix=13812 snd=0 prot=0 cmos=0 ctrl=0
F 622 dma=204 pix=13812 snd=0 prot=0 cmos=0 ctrl=0
F 623 dma=204 pix=13812 snd=0 prot=0 cmos=0 ctrl=0
F 624 dma=204 pix=13812 snd=0 prot=0 cmos=0 ctrl=0
F 625 dma=204 pix=13812 snd=0 prot=0 cmos=0 ctrl=0
F 626 dma=204 pix=13812 snd=0 prot=0 cmos=0 ctrl=0
F 627 dma=204 pix=13812 snd=0 prot=0 cmos=0 ctrl=0
F 628 dma=204 pix=13812 snd=0 prot=0 cmos=0 ctrl=0
F 629 dma=204 pix=13812 snd=0 prot=0 cmos=0 ctrl=0
F 630 dma=204 pix=13812 snd=0 prot=0 cmos=0 ctrl=0
F 631 dma=204 pix=13812 snd=0 prot=0 cmos=0 ctrl=0
F 632 dma=204 pix=13812 snd=0 prot=0 cmos=0 ctrl=0
F 633 dma=204 pix=13812 snd=0 prot=0 cmos=0 ctrl=0
F 634 dma=204 pix=13812 snd=0 prot=0 cmos=0 ctrl=0
F 635 dma=204 pix=13812 snd=0 prot=0 cmos=0 ctrl=0
F 636 dma=204 pix=13812 snd=0 prot=0 cmos=0 ctrl=0
F 637 dma=204 pix=13812 snd=0 prot=0 cmos=0 ctrl=0
F 638 dma=204 pix=13812 snd=0 prot=0 cmos=0 ctrl=0
F 639 dma=204 pix=13812 snd=0 prot=0 cmos=0 ctrl=0
F 640 dma=204 pix=13812 snd=0 prot=0 cmos=0 ctrl=0
F 641 dma=204 pix=13812 snd=0 prot=0 cmos=0 ctrl=0
F 642 dma=204 pix=13812 snd=0 prot=0 cmos=0 ctrl=0
F 643 dma=204 pix=13812 snd=0 prot=0 cmos=0 ctrl=0
F 644 dma=204 pix=13812 snd=0 prot=0 cmos=0 ctrl=0
F 645 dma=204 pix=13812 snd=0 prot=0 cmos=0 ctrl=0
F 646 dma=204 pix=13812 snd=0 prot=0 cmos=0 ctrl=0
F 647 dma=204 pix=13812 snd=0 prot=0 cmos=0 ctrl=0
F 648 dma=204 pix=13812 snd=0 prot=0 cmos=0 ctrl=0
F 649 dma=204 pix=13812 snd=0 prot=0 cmos=0 ctrl=0
F 650 dma=204 pix=13812 snd=0 prot=0 cmos=0 ctrl=0
F 651 dma=204 pix=13812 snd=0 prot=0 cmos=0 ctrl=0
F 652 dma=204 pix=13812 snd=0 prot=0 cmos=0 ctrl=0
F 653 dma=204 pix=13812 snd=0 prot=0 cmos=0 ctrl=0
F 654 dma=204 pix=13812 snd=0 prot=0 cmos=0 ctrl=0
F 655 dma=204 pix=13812 snd=0 prot=0 cmos=0 ctrl=0
F 656 dma=204 pix=13812 snd=0 prot=0 cmos=0 ctrl=0
F 657 dma=204 pix=13812 snd=0 prot=0 cmos=0 ctrl=0
F 658 dma=204 pix=13812 snd=0 prot=0 cmos=0 ctrl=0
F 659 dma=204 pix=13812 snd=0 prot=0 cmos=0 ctrl=0
F 660 dma=204 pix=13812 snd=0 prot=0 cmos=0 ctrl=0
F 661 dma=204 pix=13812 snd=0 prot=0 cmos=0 ctrl=0
F 662 dma=204 pix=13812 snd=0 prot=0 cmos=0 ctrl=0
F 663 dma=204 pix=13812 snd=0 prot=0 cmos=0 ctrl=0
F 664 dma=204 pix=13812 snd=0 prot=0 cmos=0 ctrl=0
F 665 dma=204 pix=13812 snd=0 prot=0 cmos=0 ctrl=0
F 666 dma=204 pix=13812 snd=0 prot=0 cmos=0 ctrl=0
F 667 dma=204 pix=13812 snd=0 prot=0 cmos=0 ctrl=0
F 668 dma=204 pix=13812 snd=0 prot=0 cmos=0 ctrl=0
F 669 dma=204 pix=13812 snd=0 prot=0 cmos=0 ctrl=0
F 670 dma=204 pix=13812 snd=0 prot=0 cmos=0 ctrl=0
F 671 dma=204 pix=13812 snd=0 prot=0 cmos=0 ctrl=0
F 672 dma=204 pix=13812 snd=0 prot=0 cmos=0 ctrl=0
F 673 dma=204 pix=13812 snd=0 prot=0 cmos=0 ctrl=0
F 674 dma=204 pix=13812 snd=0 prot=0 cmos=0 ctrl=0
F 675 dma=204 pix=13812 snd=0 prot=0 cmos=0 ctrl=0
F 676 dma=204 pix=13812 snd=0 prot=0 cmos=0 ctrl=0
F 677 dma=204 pix=13812 snd=0 prot=0 cmos=0 ctrl=0
F 678 dma=204 pix=13812 snd=0 prot=0 cmos=0 ctrl=0
F 679 dma=204 pix=13812 snd=0 prot=0 cmos=0 ctrl=0
F 680 dma=204 pix=13812 snd=0 prot=0 cmos=0 ctrl=0
F 681 dma=204 pix=13812 snd=0 prot=0 cmos=0 ctrl=0
F 682 dma=204 pix=13812 snd=0 prot=0 cmos=0 ctrl=0
F 683 dma=204 pix=13812 snd=0 prot=0 cmos=0 ctrl=0
F 684 dma=204 pix=13812 snd=0 prot=0 cmos=0 ctrl=0
F 685 dma=204 pix=13812 snd=0 prot=0 cmos=0 ctrl=0
F 686 dma=204 pix=13812 snd=0 prot=0 cmos=0 ctrl=0
F 687 dma=204 pix=13812 snd=0 prot=0 cmos=0 ctrl=0
F 688 dma=204 pix=13812 snd=0 prot=0 cmos=0 ctrl=0
F 689 dma=204 pix=13812 snd=0 prot=0 cmos=0 ctrl=0
F 690 dma=204 pix=13812 snd=0 prot=0 cmos=0 ctrl=0
F 691 dma=204 pix=13812 snd=0 prot=0 cmos=0 ctrl=0
F 692 dma=204 pix=13812 snd=0 prot=0 cmos=0 ctrl=0
F 693 dma=204 pix=13812 snd=0 prot=0 cmos=0 ctrl=0
F 694 dma=204 pix=13812 snd=0 prot=0 cmos=0 ctrl=0
F 695 dma=204 pix=13812 snd=0 prot=0 cmos=0 ctrl=0
F 696 dma=204 pix=13812 snd=0 prot=0 cmos=0 ctrl=0
F 697 dma=204 pix=13812 snd=0 prot=0 cmos=0 ctrl=0
F 698 dma=204 pix=13812 snd=0 prot=0 cmos=6 ctrl=0
F 699 dma=204 pix=13812 snd=0 prot=0 cmos=0 ctrl=0
F 700 dma=204 pix=13812 snd=0 prot=0 cmos=0 ctrl=0
F 701 dma=204 pix=13812 snd=0 prot=0 cmos=0 ctrl=0
F 702 dma=204 pix=13812 snd=0 prot=0 cmos=0 ctrl=0
F 703 dma=204 pix=13812 snd=0 prot=0 cmos=0 ctrl=0
F 704 dma=204 pix=13812 snd=0 prot=0 cmos=0 ctrl=0
F 705 dma=204 pix=13812 snd=0 prot=0 cmos=0 ctrl=0
F 706 dma=204 pix=13812 snd=0 prot=0 cmos=0 ctrl=0
F 707 dma=204 pix=13812 snd=0 prot=0 cmos=0 ctrl=0
F 708 dma=204 pix=13812 snd=0 prot=0 cmos=0 ctrl=0
F 709 dma=204 pix=13812 snd=0 prot=0 cmos=0 ctrl=0
F 710 dma=204 pix=13812 snd=0 prot=0 cmos=0 ctrl=0
F 711 dma=204 pix=13812 snd=0 prot=0 cmos=0 ctrl=0
F 712 dma=204 pix=13812 snd=0 prot=0 cmos=0 ctrl=0
F 713 dma=204 pix=13812 snd=0 prot=0 cmos=0 ctrl=0
F 714 dma=204 pix=13812 snd=0 prot=0 cmos=0 ctrl=0
F 715 dma=204 pix=13812 snd=0 prot=0 cmos=0 ctrl=0
F 716 dma=204 pix=13812 snd=0 prot=0 cmos=0 ctrl=0
F 717 dma=204 pix=13812 snd=0 prot=0 cmos=0 ctrl=0
F 718 dma=204 pix=13812 snd=0 prot=0 cmos=0 ctrl=0
F 719 dma=204 pix=13812 snd=0 prot=0 cmos=0 ctrl=0
F 720 dma=204 pix=13812 snd=0 prot=0 cmos=0 ctrl=0
F 721 dma=204 pix=13812 snd=0 prot=0 cmos=0 ctrl=0
F 722 dma=204 pix=13812 snd=0 prot=0 cmos=0 ctrl=0
F 723 dma=204 pix=13812 snd=0 prot=0 cmos=0 ctrl=0
F 724 dma=204 pix=13812 snd=0 prot=0 cmos=0 ctrl=0
F 725 dma=204 pix=13812 snd=0 prot=0 cmos=0 ctrl=0
F 726 dma=204 pix=13812 snd=0 prot=0 cmos=0 ctrl=0
F 727 dma=204 pix=13812 snd=0 prot=0 cmos=0 ctrl=0
F 728 dma=204 pix=13812 snd=0 prot=0 cmos=0 ctrl=0
F 729 dma=204 pix=13812 snd=0 prot=0 cmos=0 ctrl=0
F 730 dma=204 pix=13812 snd=0 prot=0 cmos=0 ctrl=0
F 731 dma=204 pix=13812 snd=0 prot=0 cmos=0 ctrl=0
F 732 dma=204 pix=13812 snd=0 prot=0 cmos=0 ctrl=0
F 733 dma=204 pix=13812 snd=0 prot=0 cmos=0 ctrl=0
F 734 dma=204 pix=13812 snd=0 prot=0 cmos=0 ctrl=0
F 735 dma=204 pix=13812 snd=0 prot=0 cmos=0 ctrl=0
F 736 dma=204 pix=13812 snd=0 prot=0 cmos=0 ctrl=0
F 737 dma=204 pix=13812 snd=0 prot=0 cmos=0 ctrl=0
F 738 dma=204 pix=13812 snd=0 prot=0 cmos=0 ctrl=0
F 739 dma=204 pix=13812 snd=0 prot=0 cmos=0 ctrl=0
F 740 dma=204 pix=13812 snd=0 prot=0 cmos=0 ctrl=0
F 741 dma=204 pix=13812 snd=0 prot=0 cmos=0 ctrl=0
F 742 dma=204 pix=13812 snd=0 prot=0 cmos=0 ctrl=0
F 743 dma=204 pix=13812 snd=0 prot=0 cmos=0 ctrl=0
F 744 dma=204 pix=13812 snd=0 prot=0 cmos=0 ctrl=0
F 745 dma=204 pix=13812 snd=0 prot=0 cmos=0 ctrl=0
F 746 dma=204 pix=13812 snd=0 prot=0 cmos=0 ctrl=0
F 747 dma=204 pix=13812 snd=0 prot=0 cmos=0 ctrl=0
F 748 dma=204 pix=13812 snd=0 prot=0 cmos=0 ctrl=0
F 749 dma=204 pix=13812 snd=0 prot=0 cmos=0 ctrl=0
F 750 dma=204 pix=13812 snd=0 prot=0 cmos=0 ctrl=0
IO 750 0015 0032 00fa 00fc 0003 0014 0112 0120 f010 effc 0112 002c 0000 0000 0000 0000 0000 0404 0402 0000 0000 0008 0000 0000 0000 0000 0000 001c 0032 0111 e01c b6f0
F 751 dma=204 pix=13812 snd=0 prot=0 cmos=0 ctrl=0
F 752 dma=204 pix=13812 snd=0 prot=0 cmos=0 ctrl=0
F 753 dma=204 pix=13812 snd=0 prot=0 cmos=0 ctrl=0
F 754 dma=204 pix=13812 snd=0 prot=0 cmos=0 ctrl=0
F 755 dma=204 pix=13812 snd=0 prot=0 cmos=0 ctrl=0
F 756 dma=204 pix=13812 snd=0 prot=0 cmos=0 ctrl=0
F 757 dma=204 pix=13812 snd=0 prot=0 cmos=0 ctrl=0
F 758 dma=204 pix=13812 snd=0 prot=0 cmos=0 ctrl=0
F 759 dma=204 pix=13812 snd=0 prot=0 cmos=0 ctrl=0
F 760 dma=204 pix=13812 snd=0 prot=0 cmos=0 ctrl=0
F 761 dma=204 pix=13812 snd=0 prot=0 cmos=0 ctrl=0
F 762 dma=204 pix=13812 snd=0 prot=0 cmos=0 ctrl=0
F 763 dma=204 pix=13812 snd=0 prot=0 cmos=0 ctrl=0
F 764 dma=204 pix=13812 snd=0 prot=0 cmos=0 ctrl=0
F 765 dma=204 pix=13812 snd=0 prot=0 cmos=0 ctrl=0
F 766 dma=204 pix=13812 snd=0 prot=0 cmos=0 ctrl=0
F 767 dma=204 pix=13812 snd=0 prot=0 cmos=0 ctrl=0
F 768 dma=204 pix=13812 snd=0 prot=0 cmos=0 ctrl=0
F 769 dma=204 pix=13812 snd=0 prot=0 cmos=0 ctrl=0
F 770 dma=204 pix=13812 snd=0 prot=0 cmos=0 ctrl=0
F 771 dma=204 pix=13812 snd=0 prot=0 cmos=0 ctrl=0
F 772 dma=204 pix=13812 snd=0 prot=0 cmos=0 ctrl=0
F 773 dma=204 pix=13812 snd=0 prot=0 cmos=0 ctrl=0
F 774 dma=204 pix=13812 snd=0 prot=0 cmos=0 ctrl=0
F 775 dma=204 pix=13812 snd=0 prot=0 cmos=0 ctrl=0
F 776 dma=204 pix=13812 snd=0 prot=0 cmos=0 ctrl=0
F 777 dma=204 pix=13812 snd=0 prot=0 cmos=0 ctrl=0
F 778 dma=204 pix=13812 snd=0 prot=0 cmos=0 ctrl=0
F 779 dma=204 pix=13812 snd=0 prot=0 cmos=0 ctrl=0
F 780 dma=204 pix=13812 snd=0 prot=0 cmos=0 ctrl=0
F 781 dma=204 pix=13812 snd=0 prot=0 cmos=0 ctrl=0
F 782 dma=204 pix=13812 snd=0 prot=0 cmos=0 ctrl=0
F 783 dma=204 pix=13812 snd=0 prot=0 cmos=0 ctrl=0
F 784 dma=204 pix=13812 snd=0 prot=0 cmos=0 ctrl=0
F 785 dma=204 pix=13812 snd=0 prot=0 cmos=0 ctrl=0
F 786 dma=204 pix=13812 snd=0 prot=0 cmos=0 ctrl=0
F 787 dma=204 pix=13812 snd=0 prot=0 cmos=0 ctrl=0
F 788 dma=204 pix=13812 snd=0 prot=0 cmos=0 ctrl=0
F 789 dma=204 pix=13812 snd=0 prot=0 cmos=0 ctrl=0
F 790 dma=204 pix=13812 snd=0 prot=0 cmos=0 ctrl=0
F 791 dma=204 pix=13812 snd=0 prot=0 cmos=0 ctrl=0
F 792 dma=204 pix=13812 snd=0 prot=0 cmos=0 ctrl=0
F 793 dma=204 pix=13812 snd=0 prot=0 cmos=0 ctrl=0
F 794 dma=204 pix=13812 snd=0 prot=0 cmos=0 ctrl=0
F 795 dma=204 pix=13812 snd=0 prot=0 cmos=0 ctrl=0
F 796 dma=204 pix=13812 snd=0 prot=0 cmos=0 ctrl=0
F 797 dma=204 pix=13812 snd=0 prot=0 cmos=0 ctrl=0
F 798 dma=204 pix=13812 snd=0 prot=0 cmos=0 ctrl=0
F 799 dma=204 pix=13812 snd=0 prot=0 cmos=0 ctrl=0
F 800 dma=204 pix=13812 snd=0 prot=0 cmos=0 ctrl=0
F 801 dma=204 pix=13812 snd=0 prot=0 cmos=0 ctrl=0
F 802 dma=204 pix=13812 snd=0 prot=0 cmos=0 ctrl=0
F 803 dma=204 pix=13812 snd=0 prot=0 cmos=0 ctrl=0
F 804 dma=204 pix=13812 snd=0 prot=0 cmos=0 ctrl=0
F 805 dma=204 pix=13812 snd=0 prot=0 cmos=0 ctrl=0
F 806 dma=204 pix=13812 snd=0 prot=0 cmos=0 ctrl=0
F 807 dma=204 pix=13812 snd=0 prot=0 cmos=0 ctrl=0
F 808 dma=204 pix=13812 snd=0 prot=0 cmos=0 ctrl=0
F 809 dma=204 pix=13812 snd=0 prot=0 cmos=0 ctrl=0
F 810 dma=204 pix=13812 snd=0 prot=0 cmos=0 ctrl=0
F 811 dma=204 pix=13812 snd=0 prot=0 cmos=0 ctrl=0
F 812 dma=204 pix=13812 snd=0 prot=0 cmos=0 ctrl=0
F 813 dma=204 pix=13812 snd=0 prot=0 cmos=0 ctrl=0
F 814 dma=204 pix=13812 snd=0 prot=0 cmos=0 ctrl=0
F 815 dma=204 pix=13812 snd=0 prot=0 cmos=0 ctrl=0
F 816 dma=204 pix=13812 snd=0 prot=0 cmos=0 ctrl=0
F 817 dma=204 pix=13812 snd=0 prot=0 cmos=0 ctrl=0
F 818 dma=204 pix=13812 snd=0 prot=0 cmos=0 ctrl=0
F 819 dma=204 pix=13812 snd=0 prot=0 cmos=0 ctrl=0
F 820 dma=204 pix=13812 snd=0 prot=0 cmos=0 ctrl=0
F 821 dma=204 pix=13812 snd=0 prot=0 cmos=0 ctrl=0
F 822 dma=204 pix=13812 snd=0 prot=0 cmos=0 ctrl=0
F 823 dma=204 pix=13812 snd=0 prot=0 cmos=0 ctrl=0
F 824 dma=204 pix=13812 snd=0 prot=0 cmos=0 ctrl=0
F 825 dma=204 pix=13812 snd=0 prot=0 cmos=0 ctrl=0
F 826 dma=204 pix=13812 snd=0 prot=0 cmos=0 ctrl=0
F 827 dma=204 pix=13812 snd=0 prot=0 cmos=0 ctrl=0
F 828 dma=204 pix=13812 snd=0 prot=0 cmos=0 ctrl=0
F 829 dma=204 pix=13812 snd=0 prot=0 cmos=0 ctrl=0
F 830 dma=204 pix=13812 snd=0 prot=0 cmos=0 ctrl=0
F 831 dma=204 pix=13812 snd=0 prot=0 cmos=0 ctrl=0
F 832 dma=204 pix=13812 snd=0 prot=0 cmos=0 ctrl=0
F 833 dma=204 pix=13812 snd=0 prot=0 cmos=0 ctrl=0
F 834 dma=204 pix=13812 snd=0 prot=0 cmos=0 ctrl=0
F 835 dma=204 pix=13812 snd=0 prot=0 cmos=0 ctrl=0
F 836 dma=204 pix=13812 snd=0 prot=0 cmos=0 ctrl=0
F 837 dma=204 pix=13812 snd=0 prot=0 cmos=0 ctrl=0
F 838 dma=204 pix=13812 snd=0 prot=0 cmos=0 ctrl=0
F 839 dma=204 pix=13812 snd=0 prot=0 cmos=0 ctrl=0
F 840 dma=204 pix=13812 snd=0 prot=0 cmos=0 ctrl=0
F 841 dma=204 pix=13812 snd=0 prot=0 cmos=0 ctrl=0
F 842 dma=204 pix=13812 snd=0 prot=0 cmos=0 ctrl=0
F 843 dma=204 pix=13812 snd=0 prot=0 cmos=0 ctrl=0
F 844 dma=204 pix=13812 snd=0 prot=0 cmos=0 ctrl=0
F 845 dma=204 pix=13812 snd=0 prot=0 cmos=0 ctrl=0
F 846 dma=204 pix=13812 snd=0 prot=0 cmos=0 ctrl=0
F 847 dma=204 pix=13812 snd=0 prot=0 cmos=0 ctrl=0
F 848 dma=204 pix=13812 snd=0 prot=0 cmos=0 ctrl=0
F 849 dma=204 pix=13812 snd=0 prot=0 cmos=0 ctrl=0
F 850 dma=204 pix=13812 snd=0 prot=0 cmos=0 ctrl=0
F 851 dma=204 pix=13812 snd=0 prot=0 cmos=0 ctrl=0
F 852 dma=204 pix=13812 snd=0 prot=0 cmos=0 ctrl=0
F 853 dma=204 pix=13812 snd=0 prot=0 cmos=0 ctrl=0
F 854 dma=204 pix=13812 snd=0 prot=0 cmos=0 ctrl=0
F 855 dma=204 pix=13812 snd=0 prot=0 cmos=0 ctrl=0
F 856 dma=204 pix=13812 snd=0 prot=0 cmos=0 ctrl=0
F 857 dma=204 pix=13812 snd=0 prot=0 cmos=0 ctrl=0
F 858 dma=204 pix=13812 snd=0 prot=0 cmos=0 ctrl=0
F 859 dma=204 pix=13812 snd=0 prot=0 cmos=0 ctrl=0
F 860 dma=204 pix=13812 snd=0 prot=0 cmos=0 ctrl=0
F 861 dma=204 pix=13812 snd=0 prot=0 cmos=0 ctrl=0
F 862 dma=204 pix=13812 snd=0 prot=0 cmos=0 ctrl=0
F 863 dma=204 pix=13812 snd=0 prot=0 cmos=0 ctrl=0
F 864 dma=204 pix=13812 snd=0 prot=0 cmos=0 ctrl=0
F 865 dma=204 pix=13812 snd=0 prot=0 cmos=0 ctrl=0
F 866 dma=204 pix=13812 snd=0 prot=0 cmos=0 ctrl=0
F 867 dma=204 pix=13812 snd=0 prot=0 cmos=0 ctrl=0
F 868 dma=204 pix=13812 snd=0 prot=0 cmos=0 ctrl=0
F 869 dma=204 pix=13812 snd=0 prot=0 cmos=0 ctrl=0
F 870 dma=204 pix=13812 snd=0 prot=0 cmos=0 ctrl=0
F 871 dma=204 pix=13812 snd=0 prot=0 cmos=0 ctrl=0
F 872 dma=204 pix=13812 snd=0 prot=0 cmos=0 ctrl=0
F 873 dma=204 pix=13812 snd=0 prot=0 cmos=0 ctrl=0
F 874 dma=204 pix=13812 snd=0 prot=0 cmos=0 ctrl=0
F 875 dma=204 pix=13812 snd=0 prot=0 cmos=0 ctrl=0
F 876 dma=204 pix=13812 snd=0 prot=0 cmos=0 ctrl=0
F 877 dma=204 pix=13812 snd=0 prot=0 cmos=0 ctrl=0
F 878 dma=204 pix=13812 snd=0 prot=0 cmos=0 ctrl=0
F 879 dma=204 pix=13812 snd=0 prot=0 cmos=0 ctrl=0
F 880 dma=204 pix=13812 snd=0 prot=0 cmos=0 ctrl=0
F 881 dma=204 pix=13812 snd=0 prot=0 cmos=0 ctrl=0
F 882 dma=204 pix=13812 snd=0 prot=0 cmos=0 ctrl=0
F 883 dma=204 pix=13812 snd=0 prot=0 cmos=0 ctrl=0
F 884 dma=204 pix=13812 snd=0 prot=0 cmos=0 ctrl=0
F 885 dma=204 pix=13812 snd=0 prot=0 cmos=0 ctrl=0
F 886 dma=204 pix=13812 snd=0 prot=0 cmos=0 ctrl=0
F 887 dma=204 pix=13812 snd=0 prot=0 cmos=0 ctrl=0
F 888 dma=204 pix=13812 snd=0 prot=0 cmos=0 ctrl=0
F 889 dma=204 pix=13812 snd=0 prot=0 cmos=0 ctrl=0
F 890 dma=204 pix=13812 snd=0 prot=0 cmos=0 ctrl=0
F 891 dma=204 pix=13812 snd=0 prot=0 cmos=0 ctrl=0
F 892 dma=204 pix=13812 snd=0 prot=0 cmos=0 ctrl=0
F 893 dma=204 pix=13812 snd=0 prot=0 cmos=0 ctrl=0
F 894 dma=204 pix=13812 snd=0 prot=0 cmos=0 ctrl=0
F 895 dma=204 pix=13812 snd=0 prot=0 cmos=0 ctrl=0
F 896 dma=204 pix=13812 snd=0 prot=0 cmos=0 ctrl=0
F 897 dma=204 pix=13812 snd=0 prot=0 cmos=0 ctrl=0
F 898 dma=204 pix=13812 snd=0 prot=0 cmos=0 ctrl=0
F 899 dma=204 pix=13812 snd=0 prot=0 cmos=0 ctrl=0
F 900 dma=204 pix=13812 snd=0 prot=0 cmos=0 ctrl=0
F 901 dma=204 pix=13812 snd=0 prot=0 cmos=0 ctrl=0
F 902 dma=204 pix=13812 snd=0 prot=0 cmos=0 ctrl=0
F 903 dma=204 pix=13812 snd=0 prot=0 cmos=0 ctrl=0
F 904 dma=204 pix=13812 snd=0 prot=0 cmos=0 ctrl=0
F 905 dma=204 pix=13812 snd=0 prot=0 cmos=0 ctrl=0
F 906 dma=204 pix=13812 snd=0 prot=0 cmos=0 ctrl=0
F 907 dma=204 pix=13812 snd=0 prot=0 cmos=0 ctrl=0
F 908 dma=204 pix=13812 snd=0 prot=0 cmos=0 ctrl=0
F 909 dma=204 pix=13812 snd=0 prot=0 cmos=0 ctrl=0
F 910 dma=204 pix=13812 snd=0 prot=0 cmos=0 ctrl=0
F 911 dma=204 pix=13812 snd=0 prot=0 cmos=0 ctrl=0
F 912 dma=204 pix=13812 snd=0 prot=0 cmos=0 ctrl=0
F 913 dma=204 pix=13812 snd=0 prot=0 cmos=0 ctrl=0
F 914 dma=204 pix=13812 snd=0 prot=0 cmos=0 ctrl=0
F 915 dma=204 pix=13812 snd=0 prot=0 cmos=0 ctrl=0
F 916 dma=204 pix=13812 snd=0 prot=0 cmos=0 ctrl=0
F 917 dma=204 pix=13812 snd=0 prot=0 cmos=0 ctrl=0
F 918 dma=204 pix=13812 snd=0 prot=0 cmos=0 ctrl=0
F 919 dma=204 pix=13812 snd=0 prot=0 cmos=0 ctrl=0
F 920 dma=204 pix=13812 snd=0 prot=0 cmos=0 ctrl=0
F 921 dma=204 pix=13812 snd=0 prot=0 cmos=0 ctrl=0
F 922 dma=204 pix=13812 snd=0 prot=0 cmos=0 ctrl=0
F 923 dma=204 pix=13812 snd=0 prot=0 cmos=0 ctrl=0
F 924 dma=204 pix=13812 snd=0 prot=0 cmos=0 ctrl=0
F 925 dma=204 pix=13812 snd=0 prot=0 cmos=0 ctrl=0
F 926 dma=204 pix=13812 snd=0 prot=0 cmos=0 ctrl=0
F 927 dma=204 pix=13812 snd=0 prot=0 cmos=0 ctrl=0
F 928 dma=204 pix=13812 snd=0 prot=0 cmos=0 ctrl=0
F 929 dma=204 pix=13812 snd=0 prot=0 cmos=0 ctrl=0
F 930 dma=204 pix=13812 snd=0 prot=0 cmos=0 ctrl=0
F 931 dma=204 pix=13812 snd=0 prot=0 cmos=0 ctrl=0
F 932 dma=204 pix=13812 snd=0 prot=0 cmos=0 ctrl=0
F 933 dma=204 pix=13812 snd=0 prot=0 cmos=0 ctrl=0
F 934 dma=204 pix=13812 snd=0 prot=0 cmos=0 ctrl=0
F 935 dma=204 pix=13812 snd=0 prot=0 cmos=0 ctrl=0
F 936 dma=204 pix=13812 snd=0 prot=0 cmos=0 ctrl=0
F 937 dma=204 pix=13812 snd=0 prot=0 cmos=0 ctrl=0
F 938 dma=204 pix=13812 snd=0 prot=0 cmos=0 ctrl=0
F 939 dma=204 pix=13812 snd=0 prot=0 cmos=0 ctrl=0
F 940 dma=204 pix=13812 snd=0 prot=0 cmos=0 ctrl=0
F 941 dma=204 pix=13812 snd=0 prot=0 cmos=0 ctrl=0
F 942 dma=204 pix=13812 snd=0 prot=0 cmos=0 ctrl=0
F 943 dma=204 pix=13812 snd=0 prot=0 cmos=0 ctrl=0
F 944 dma=204 pix=13812 snd=0 prot=0 cmos=0 ctrl=0
F 945 dma=204 pix=13812 snd=0 prot=0 cmos=0 ctrl=0
F 946 dma=204 pix=13812 snd=0 prot=0 cmos=0 ctrl=0
F 947 dma=204 pix=13812 snd=0 prot=0 cmos=0 ctrl=0
F 948 dma=204 pix=13812 snd=0 prot=0 cmos=0 ctrl=0
F 949 dma=204 pix=13812 snd=0 prot=0 cmos=0 ctrl=0
F 950 dma=204 pix=13812 snd=0 prot=0 cmos=0 ctrl=0
F 951 dma=204 pix=13812 snd=0 prot=0 cmos=0 ctrl=0
F 952 dma=204 pix=13812 snd=0 prot=0 cmos=0 ctrl=0
F 953 dma=204 pix=13812 snd=0 prot=0 cmos=0 ctrl=0
F 954 dma=204 pix=13812 snd=0 prot=0 cmos=0 ctrl=0
F 955 dma=204 pix=13812 snd=0 prot=0 cmos=0 ctrl=0
F 956 dma=204 pix=13812 snd=0 prot=0 cmos=0 ctrl=0
F 957 dma=204 pix=13812 snd=0 prot=0 cmos=0 ctrl=0
F 958 dma=204 pix=13812 snd=0 prot=0 cmos=0 ctrl=0
F 959 dma=204 pix=13812 snd=0 prot=0 cmos=0 ctrl=0
F 960 dma=204 pix=13812 snd=0 prot=0 cmos=0 ctrl=0
F 961 dma=204 pix=13812 snd=0 prot=0 cmos=0 ctrl=0
F 962 dma=204 pix=13812 snd=0 prot=0 cmos=0 ctrl=0
F 963 dma=204 pix=13812 snd=0 prot=0 cmos=6 ctrl=0
F 964 dma=204 pix=13812 snd=0 prot=0 cmos=0 ctrl=0
F 965 dma=204 pix=13812 snd=0 prot=0 cmos=0 ctrl=0
F 966 dma=204 pix=13812 snd=0 prot=0 cmos=0 ctrl=0
F 967 dma=204 pix=13812 snd=0 prot=0 cmos=0 ctrl=0
F 968 dma=204 pix=13812 snd=0 prot=0 cmos=0 ctrl=0
F 969 dma=204 pix=13812 snd=0 prot=0 cmos=0 ctrl=0
F 970 dma=204 pix=13812 snd=0 prot=0 cmos=0 ctrl=0
F 971 dma=204 pix=13812 snd=0 prot=0 cmos=0 ctrl=0
F 972 dma=204 pix=13812 snd=0 prot=0 cmos=0 ctrl=0
F 973 dma=204 pix=13812 snd=0 prot=0 cmos=0 ctrl=0
F 974 dma=204 pix=13812 snd=0 prot=0 cmos=0 ctrl=0
F 975 dma=204 pix=13812 snd=0 prot=0 cmos=0 ctrl=0
F 976 dma=204 pix=13812 snd=0 prot=0 cmos=0 ctrl=0
F 977 dma=204 pix=13812 snd=0 prot=0 cmos=0 ctrl=0
F 978 dma=204 pix=13812 snd=0 prot=0 cmos=0 ctrl=0
F 979 dma=204 pix=13812 snd=0 prot=0 cmos=0 ctrl=0
F 980 dma=204 pix=13812 snd=0 prot=0 cmos=0 ctrl=0
F 981 dma=204 pix=13812 snd=0 prot=0 cmos=0 ctrl=0
F 982 dma=204 pix=13812 snd=0 prot=0 cmos=0 ctrl=0
F 983 dma=204 pix=13812 snd=0 prot=0 cmos=0 ctrl=0
F 984 dma=204 pix=13812 snd=0 prot=0 cmos=0 ctrl=0
F 985 dma=204 pix=13812 snd=0 prot=0 cmos=0 ctrl=0
F 986 dma=204 pix=13812 snd=0 prot=0 cmos=0 ctrl=0
F 987 dma=204 pix=13812 snd=0 prot=0 cmos=0 ctrl=0
F 988 dma=204 pix=13812 snd=0 prot=0 cmos=0 ctrl=0
F 989 dma=204 pix=13812 snd=0 prot=0 cmos=0 ctrl=0
F 990 dma=204 pix=13812 snd=0 prot=0 cmos=0 ctrl=0
F 991 dma=204 pix=13812 snd=0 prot=0 cmos=0 ctrl=0
F 992 dma=204 pix=13812 snd=0 prot=0 cmos=0 ctrl=0
F 993 dma=204 pix=13812 snd=0 prot=0 cmos=0 ctrl=0
F 994 dma=204 pix=13812 snd=0 prot=0 cmos=0 ctrl=0
F 995 dma=204 pix=13812 snd=0 prot=0 cmos=0 ctrl=0
F 996 dma=204 pix=13812 snd=0 prot=0 cmos=0 ctrl=0
F 997 dma=204 pix=13812 snd=0 prot=0 cmos=0 ctrl=0
F 998 dma=204 pix=13812 snd=0 prot=0 cmos=0 ctrl=0
F 999 dma=204 pix=13812 snd=0 prot=0 cmos=0 ctrl=0
F 1000 dma=204 pix=13812 snd=0 prot=0 cmos=0 ctrl=0
IO 1000 0015 0032 00fa 00fc 0003 0014 0112 0120 f010 effc 0112 002c 0000 0000 0000 0000 0000 0404 0402 0000 0000 0008 0000 0000 0000 0000 0000 001c 0032 0111 e01c f3ec
F 1001 dma=204 pix=13812 snd=0 prot=0 cmos=0 ctrl=0
F 1002 dma=204 pix=13812 snd=0 prot=0 cmos=0 ctrl=0
F 1003 dma=204 pix=13812 snd=0 prot=0 cmos=0 ctrl=0
F 1004 dma=204 pix=13812 snd=0 prot=0 cmos=0 ctrl=0
F 1005 dma=204 pix=13812 snd=0 prot=0 cmos=0 ctrl=0
F 1006 dma=204 pix=13812 snd=0 prot=0 cmos=0 ctrl=0
F 1007 dma=204 pix=13812 snd=0 prot=0 cmos=0 ctrl=0
F 1008 dma=204 pix=13812 snd=0 prot=0 cmos=0 ctrl=0
F 1009 dma=204 pix=13812 snd=0 prot=0 cmos=0 ctrl=0
F 1010 dma=204 pix=13812 snd=0 prot=0 cmos=0 ctrl=0
F 1011 dma=204 pix=13812 snd=0 prot=0 cmos=0 ctrl=0
F 1012 dma=204 pix=13812 snd=0 prot=0 cmos=0 ctrl=0
F 1013 dma=204 pix=13812 snd=0 prot=0 cmos=0 ctrl=0
F 1014 dma=204 pix=13812 snd=0 prot=0 cmos=0 ctrl=0
F 1015 dma=204 pix=13812 snd=0 prot=0 cmos=0 ctrl=0
F 1016 dma=204 pix=13812 snd=0 prot=0 cmos=0 ctrl=0
F 1017 dma=204 pix=13812 snd=0 prot=0 cmos=0 ctrl=0
F 1018 dma=204 pix=13812 snd=0 prot=0 cmos=0 ctrl=0
F 1019 dma=204 pix=13812 snd=0 prot=0 cmos=0 ctrl=0
F 1020 dma=204 pix=13812 snd=0 prot=0 cmos=0 ctrl=0
F 1021 dma=204 pix=13812 snd=0 prot=0 cmos=0 ctrl=0
F 1022 dma=204 pix=13812 snd=0 prot=0 cmos=0 ctrl=0
F 1023 dma=204 pix=13812 snd=0 prot=0 cmos=0 ctrl=0
F 1024 dma=204 pix=13812 snd=0 prot=0 cmos=0 ctrl=0
F 1025 dma=204 pix=13812 snd=0 prot=0 cmos=0 ctrl=0
F 1026 dma=204 pix=13812 snd=0 prot=0 cmos=0 ctrl=0
F 1027 dma=204 pix=13812 snd=0 prot=0 cmos=0 ctrl=0
F 1028 dma=204 pix=13812 snd=0 prot=0 cmos=0 ctrl=0
F 1029 dma=204 pix=13812 snd=0 prot=0 cmos=0 ctrl=0
F 1030 dma=204 pix=13812 snd=0 prot=0 cmos=0 ctrl=0
F 1031 dma=204 pix=13812 snd=0 prot=0 cmos=0 ctrl=0
F 1032 dma=204 pix=13812 snd=0 prot=0 cmos=0 ctrl=0
F 1033 dma=204 pix=13812 snd=0 prot=0 cmos=0 ctrl=0
F 1034 dma=204 pix=13812 snd=0 prot=0 cmos=0 ctrl=0
F 1035 dma=204 pix=13812 snd=0 prot=0 cmos=0 ctrl=0
F 1036 dma=204 pix=13812 snd=0 prot=0 cmos=0 ctrl=0
F 1037 dma=204 pix=13812 snd=0 prot=0 cmos=0 ctrl=0
F 1038 dma=204 pix=13812 snd=0 prot=0 cmos=0 ctrl=0
F 1039 dma=204 pix=13812 snd=0 prot=0 cmos=0 ctrl=0
F 1040 dma=204 pix=13812 snd=0 prot=0 cmos=0 ctrl=0
F 1041 dma=204 pix=13812 snd=0 prot=0 cmos=0 ctrl=0
F 1042 dma=204 pix=13812 snd=0 prot=0 cmos=0 ctrl=0
F 1043 dma=204 pix=13812 snd=0 prot=0 cmos=0 ctrl=0
F 1044 dma=204 pix=13812 snd=0 prot=0 cmos=0 ctrl=0
F 1045 dma=204 pix=13812 snd=0 prot=0 cmos=0 ctrl=0
F 1046 dma=204 pix=13812 snd=0 prot=0 cmos=0 ctrl=0
F 1047 dma=204 pix=13812 snd=0 prot=0 cmos=0 ctrl=0
F 1048 dma=204 pix=13812 snd=0 prot=0 cmos=0 ctrl=0
F 1049 dma=204 pix=13812 snd=0 prot=0 cmos=0 ctrl=0
F 1050 dma=204 pix=13812 snd=0 prot=0 cmos=0 ctrl=0
F 1051 dma=204 pix=13812 snd=0 prot=0 cmos=0 ctrl=0
F 1052 dma=204 pix=13812 snd=0 prot=0 cmos=0 ctrl=0
F 1053 dma=204 pix=13812 snd=0 prot=0 cmos=0 ctrl=0
F 1054 dma=204 pix=13812 snd=0 prot=0 cmos=0 ctrl=0
F 1055 dma=204 pix=13812 snd=0 prot=0 cmos=0 ctrl=0
F 1056 dma=0 pix=0 snd=0 prot=0 cmos=0 ctrl=0
PROTW f=1056 off=01b23c30 data=fc00
PROTW f=1056 off=01b23830 data=f800
PROTW f=1056 off=01b23430 data=f400
PROTW f=1056 off=01b23030 data=f000
PROTW f=1056 off=01b22c30 data=ec00
PROTW f=1056 off=01b22830 data=e800
PROTW f=1056 off=01b22430 data=e400
PROTW f=1056 off=01b22030 data=e000
PROTW f=1056 off=01b21c30 data=dc00
PROTW f=1056 off=01b21830 data=d800
PROTW f=1056 off=01b21430 data=d400
PROTW f=1056 off=01b21030 data=d000
PROTW f=1056 off=01b20c30 data=cc00
PROTW f=1056 off=01b20830 data=c800
PROTW f=1056 off=01b20430 data=c400
PROTW f=1056 off=01b20030 data=c000
PROTW f=1056 off=01b1fc30 data=bc00
PROTW f=1056 off=01b1f830 data=b800
PROTW f=1056 off=01b1f430 data=b400
PROTW f=1056 off=01b1f030 data=b000
PROTW f=1056 off=01b1ec30 data=ac00
PROTW f=1056 off=01b1e830 data=a800
PROTW f=1056 off=01b1e430 data=a400
PROTW f=1056 off=01b1e030 data=a000
PROTW f=1056 off=01b1dc30 data=9c00
PROTW f=1056 off=01b1d830 data=9800
PROTW f=1056 off=01b1d430 data=9400
PROTW f=1056 off=01b1d030 data=9000
PROTW f=1056 off=01b1cc30 data=8c00
PROTW f=1056 off=01b1c830 data=8800
PROTW f=1056 off=01b1c430 data=8400
PROTW f=1056 off=01b1c030 data=8000
PROTW f=1056 off=01b1bc30 data=7c00
PROTW f=1056 off=01b1b830 data=7800
PROTW f=1056 off=01b1b430 data=7400
PROTW f=1056 off=01b1b030 data=7000
PROTW f=1056 off=01b1ac30 data=6c00
PROTW f=1056 off=01b1a830 data=6800
PROTW f=1056 off=01b1a430 data=6400
PROTW f=1056 off=01b1a030 data=6000
PROTW f=1056 off=01b19c30 data=5c00
PROTW f=1056 off=01b19830 data=5800
PROTW f=1056 off=01b19430 data=5400
PROTW f=1056 off=01b19030 data=5000
PROTW f=1056 off=01b18c30 data=4c00
PROTW f=1056 off=01b18830 data=4800
PROTW f=1056 off=01b18430 data=4400
PROTW f=1056 off=01b18030 data=4000
PROTW f=1056 off=01b17c30 data=3c00
PROTW f=1056 off=01b17830 data=3800
PROTW f=1056 off=01b17430 data=3400
PROTW f=1056 off=01b17030 data=3000
PROTW f=1056 off=01b16c30 data=2c00
PROTW f=1056 off=01b16830 data=2800
PROTW f=1056 off=01b16430 data=2400
PROTW f=1056 off=01b16030 data=2000
PROTW f=1056 off=01b15c30 data=1c00
PROTW f=1056 off=01b15830 data=1800
PROTW f=1056 off=01b15430 data=1400
PROTW f=1056 off=01b15030 data=1000
PROTW f=1056 off=01b14c30 data=0c00
PROTW f=1056 off=01b14830 data=0800
PROTW f=1056 off=01b14430 data=0400
PROTW f=1056 off=01b14030 data=0000
F 1057 dma=0 pix=0 snd=0 prot=384 cmos=0 ctrl=0
F 1058 dma=0 pix=0 snd=0 prot=0 cmos=0 ctrl=0
CTRL2 f=1058 data=fff8
F 1059 dma=0 pix=0 snd=0 prot=0 cmos=0 ctrl=0
F 1060 dma=0 pix=0 snd=0 prot=0 cmos=0 ctrl=0
F 1061 dma=0 pix=0 snd=0 prot=0 cmos=0 ctrl=0
F 1062 dma=0 pix=0 snd=0 prot=0 cmos=0 ctrl=0
F 1063 dma=0 pix=0 snd=0 prot=0 cmos=0 ctrl=0
F 1064 dma=150 pix=164591 snd=0 prot=0 cmos=0 ctrl=0
F 1065 dma=150 pix=164591 snd=0 prot=0 cmos=0 ctrl=0
F 1066 dma=150 pix=164591 snd=0 prot=0 cmos=0 ctrl=0
F 1067 dma=4 pix=86400 snd=0 prot=0 cmos=0 ctrl=0
F 1068 dma=146 pix=78191 snd=0 prot=0 cmos=0 ctrl=0
F 1069 dma=0 pix=0 snd=0 prot=0 cmos=0 ctrl=0
F 1070 dma=150 pix=164591 snd=0 prot=0 cmos=0 ctrl=0
F 1071 dma=150 pix=164591 snd=0 prot=0 cmos=0 ctrl=0
F 1072 dma=150 pix=164591 snd=0 prot=0 cmos=0 ctrl=0
F 1073 dma=150 pix=164591 snd=0 prot=0 cmos=0 ctrl=0
F 1074 dma=150 pix=164591 snd=0 prot=0 cmos=0 ctrl=0
F 1075 dma=150 pix=164591 snd=0 prot=0 cmos=0 ctrl=0
F 1076 dma=150 pix=164591 snd=0 prot=0 cmos=0 ctrl=0
F 1077 dma=150 pix=164591 snd=0 prot=0 cmos=0 ctrl=0
F 1078 dma=150 pix=164591 snd=0 prot=0 cmos=0 ctrl=0
F 1079 dma=150 pix=164591 snd=0 prot=0 cmos=0 ctrl=0
F 1080 dma=150 pix=164591 snd=0 prot=0 cmos=0 ctrl=0
F 1081 dma=150 pix=164591 snd=0 prot=0 cmos=0 ctrl=0
F 1082 dma=150 pix=164591 snd=0 prot=0 cmos=0 ctrl=0
F 1083 dma=150 pix=164591 snd=0 prot=0 cmos=0 ctrl=0
F 1084 dma=150 pix=164591 snd=0 prot=0 cmos=0 ctrl=0
F 1085 dma=150 pix=164591 snd=0 prot=0 cmos=0 ctrl=0
F 1086 dma=150 pix=164591 snd=0 prot=0 cmos=0 ctrl=0
F 1087 dma=150 pix=164591 snd=0 prot=0 cmos=0 ctrl=0
F 1088 dma=150 pix=164591 snd=0 prot=0 cmos=0 ctrl=0
F 1089 dma=150 pix=164591 snd=0 prot=0 cmos=0 ctrl=0
F 1090 dma=150 pix=164591 snd=0 prot=0 cmos=0 ctrl=0
F 1091 dma=150 pix=164591 snd=0 prot=0 cmos=0 ctrl=0
F 1092 dma=150 pix=164591 snd=0 prot=0 cmos=0 ctrl=0
F 1093 dma=150 pix=164591 snd=0 prot=0 cmos=0 ctrl=0
F 1094 dma=150 pix=164591 snd=0 prot=0 cmos=0 ctrl=0
F 1095 dma=150 pix=164591 snd=0 prot=0 cmos=0 ctrl=0
F 1096 dma=150 pix=164591 snd=0 prot=0 cmos=0 ctrl=0
F 1097 dma=150 pix=164591 snd=0 prot=0 cmos=0 ctrl=0
F 1098 dma=150 pix=164591 snd=0 prot=0 cmos=0 ctrl=0
F 1099 dma=150 pix=164591 snd=0 prot=0 cmos=0 ctrl=0
F 1100 dma=150 pix=164591 snd=0 prot=0 cmos=0 ctrl=0
F 1101 dma=150 pix=164591 snd=0 prot=0 cmos=0 ctrl=0
F 1102 dma=150 pix=164591 snd=0 prot=0 cmos=0 ctrl=0
F 1103 dma=150 pix=164591 snd=0 prot=0 cmos=0 ctrl=0
F 1104 dma=150 pix=164591 snd=0 prot=0 cmos=0 ctrl=0
F 1105 dma=150 pix=164591 snd=0 prot=0 cmos=0 ctrl=0
F 1106 dma=150 pix=164591 snd=0 prot=0 cmos=0 ctrl=0
F 1107 dma=150 pix=164591 snd=0 prot=0 cmos=0 ctrl=0
F 1108 dma=150 pix=164591 snd=0 prot=0 cmos=0 ctrl=0
F 1109 dma=150 pix=164591 snd=0 prot=0 cmos=0 ctrl=0
F 1110 dma=150 pix=164591 snd=0 prot=0 cmos=0 ctrl=0
F 1111 dma=150 pix=164591 snd=0 prot=0 cmos=0 ctrl=0
F 1112 dma=150 pix=164591 snd=0 prot=0 cmos=0 ctrl=0
F 1113 dma=150 pix=164591 snd=0 prot=0 cmos=0 ctrl=0
F 1114 dma=150 pix=164591 snd=0 prot=0 cmos=0 ctrl=0
F 1115 dma=150 pix=164591 snd=0 prot=0 cmos=0 ctrl=0
F 1116 dma=150 pix=164591 snd=0 prot=0 cmos=0 ctrl=0
F 1117 dma=150 pix=164591 snd=0 prot=0 cmos=0 ctrl=0
F 1118 dma=150 pix=164591 snd=0 prot=0 cmos=0 ctrl=0
F 1119 dma=150 pix=164591 snd=0 prot=0 cmos=0 ctrl=0
F 1120 dma=150 pix=164591 snd=0 prot=0 cmos=0 ctrl=0
F 1121 dma=150 pix=164591 snd=0 prot=0 cmos=0 ctrl=0
F 1122 dma=150 pix=164591 snd=0 prot=0 cmos=0 ctrl=0
F 1123 dma=150 pix=164591 snd=0 prot=0 cmos=0 ctrl=0
F 1124 dma=150 pix=164591 snd=0 prot=0 cmos=0 ctrl=0
F 1125 dma=150 pix=164591 snd=0 prot=0 cmos=0 ctrl=0
F 1126 dma=150 pix=164591 snd=0 prot=0 cmos=0 ctrl=0
F 1127 dma=150 pix=164591 snd=0 prot=0 cmos=0 ctrl=0
F 1128 dma=150 pix=164591 snd=0 prot=0 cmos=0 ctrl=0
F 1129 dma=150 pix=164591 snd=0 prot=0 cmos=0 ctrl=0
F 1130 dma=150 pix=164591 snd=0 prot=0 cmos=0 ctrl=0
F 1131 dma=150 pix=164591 snd=0 prot=0 cmos=0 ctrl=0
F 1132 dma=150 pix=164591 snd=0 prot=0 cmos=0 ctrl=0
F 1133 dma=150 pix=164591 snd=0 prot=0 cmos=0 ctrl=0
F 1134 dma=150 pix=164591 snd=0 prot=0 cmos=0 ctrl=0
F 1135 dma=150 pix=164591 snd=0 prot=0 cmos=0 ctrl=0
F 1136 dma=150 pix=164591 snd=0 prot=0 cmos=0 ctrl=0
F 1137 dma=150 pix=164591 snd=0 prot=0 cmos=0 ctrl=0
F 1138 dma=150 pix=164591 snd=0 prot=0 cmos=0 ctrl=0
F 1139 dma=150 pix=164591 snd=0 prot=0 cmos=0 ctrl=0
F 1140 dma=150 pix=164591 snd=0 prot=0 cmos=0 ctrl=0
F 1141 dma=150 pix=164591 snd=0 prot=0 cmos=0 ctrl=0
F 1142 dma=150 pix=164591 snd=0 prot=0 cmos=0 ctrl=0
F 1143 dma=150 pix=164591 snd=0 prot=0 cmos=0 ctrl=0
F 1144 dma=150 pix=164591 snd=0 prot=0 cmos=0 ctrl=0
F 1145 dma=150 pix=164591 snd=0 prot=0 cmos=0 ctrl=0
F 1146 dma=150 pix=164591 snd=0 prot=0 cmos=0 ctrl=0
F 1147 dma=150 pix=164591 snd=0 prot=0 cmos=0 ctrl=0
F 1148 dma=150 pix=164591 snd=0 prot=0 cmos=0 ctrl=0
F 1149 dma=150 pix=164591 snd=0 prot=0 cmos=0 ctrl=0
F 1150 dma=150 pix=164591 snd=0 prot=0 cmos=0 ctrl=0
F 1151 dma=150 pix=164591 snd=0 prot=0 cmos=0 ctrl=0
F 1152 dma=150 pix=164591 snd=0 prot=0 cmos=0 ctrl=0
F 1153 dma=150 pix=164591 snd=0 prot=0 cmos=0 ctrl=0
F 1154 dma=150 pix=164591 snd=0 prot=0 cmos=0 ctrl=0
F 1155 dma=150 pix=164591 snd=0 prot=0 cmos=0 ctrl=0
F 1156 dma=150 pix=164591 snd=0 prot=0 cmos=0 ctrl=0
F 1157 dma=150 pix=164591 snd=0 prot=0 cmos=0 ctrl=0
F 1158 dma=150 pix=164591 snd=0 prot=0 cmos=0 ctrl=0
F 1159 dma=150 pix=164591 snd=0 prot=0 cmos=0 ctrl=0
F 1160 dma=150 pix=164591 snd=0 prot=0 cmos=0 ctrl=0
F 1161 dma=150 pix=164591 snd=0 prot=0 cmos=0 ctrl=0
F 1162 dma=150 pix=164591 snd=0 prot=0 cmos=0 ctrl=0
F 1163 dma=150 pix=164591 snd=0 prot=0 cmos=0 ctrl=0
F 1164 dma=150 pix=164591 snd=0 prot=0 cmos=0 ctrl=0
F 1165 dma=150 pix=164591 snd=0 prot=0 cmos=0 ctrl=0
F 1166 dma=150 pix=164591 snd=0 prot=0 cmos=0 ctrl=0
F 1167 dma=150 pix=164591 snd=0 prot=0 cmos=0 ctrl=0
F 1168 dma=150 pix=164591 snd=0 prot=0 cmos=0 ctrl=0
F 1169 dma=150 pix=164591 snd=0 prot=0 cmos=0 ctrl=0
F 1170 dma=150 pix=164591 snd=0 prot=0 cmos=0 ctrl=0
F 1171 dma=150 pix=164591 snd=0 prot=0 cmos=0 ctrl=0
F 1172 dma=150 pix=164591 snd=0 prot=0 cmos=0 ctrl=0
F 1173 dma=150 pix=164591 snd=0 prot=0 cmos=0 ctrl=0
F 1174 dma=150 pix=164591 snd=0 prot=0 cmos=0 ctrl=0
F 1175 dma=150 pix=164591 snd=0 prot=0 cmos=0 ctrl=0
F 1176 dma=150 pix=164591 snd=0 prot=0 cmos=0 ctrl=0
F 1177 dma=150 pix=164591 snd=0 prot=0 cmos=0 ctrl=0
F 1178 dma=150 pix=164591 snd=0 prot=0 cmos=0 ctrl=0
F 1179 dma=150 pix=164591 snd=0 prot=0 cmos=0 ctrl=0
F 1180 dma=150 pix=164591 snd=0 prot=0 cmos=0 ctrl=0
F 1181 dma=150 pix=164591 snd=0 prot=0 cmos=0 ctrl=0
F 1182 dma=150 pix=164591 snd=0 prot=0 cmos=0 ctrl=0
F 1183 dma=150 pix=164591 snd=0 prot=0 cmos=0 ctrl=0
F 1184 dma=150 pix=164591 snd=0 prot=0 cmos=0 ctrl=0
F 1185 dma=150 pix=164591 snd=0 prot=0 cmos=0 ctrl=0
F 1186 dma=150 pix=164591 snd=0 prot=0 cmos=0 ctrl=0
F 1187 dma=150 pix=164591 snd=0 prot=0 cmos=0 ctrl=0
F 1188 dma=150 pix=164591 snd=0 prot=0 cmos=0 ctrl=0
F 1189 dma=150 pix=164591 snd=0 prot=0 cmos=0 ctrl=0
F 1190 dma=150 pix=164591 snd=0 prot=0 cmos=0 ctrl=0
F 1191 dma=150 pix=164591 snd=0 prot=0 cmos=0 ctrl=0
F 1192 dma=150 pix=164591 snd=0 prot=0 cmos=0 ctrl=0
F 1193 dma=150 pix=164591 snd=0 prot=0 cmos=0 ctrl=0
F 1194 dma=150 pix=164591 snd=0 prot=0 cmos=0 ctrl=0
F 1195 dma=150 pix=164591 snd=0 prot=0 cmos=0 ctrl=0
F 1196 dma=150 pix=164591 snd=0 prot=0 cmos=0 ctrl=0
F 1197 dma=150 pix=164591 snd=0 prot=0 cmos=0 ctrl=0
F 1198 dma=150 pix=164591 snd=0 prot=0 cmos=0 ctrl=0
F 1199 dma=150 pix=164591 snd=0 prot=0 cmos=0 ctrl=0
F 1200 dma=150 pix=164591 snd=0 prot=0 cmos=0 ctrl=0
F 1201 dma=150 pix=164591 snd=0 prot=0 cmos=0 ctrl=0
F 1202 dma=150 pix=164591 snd=0 prot=0 cmos=0 ctrl=0
F 1203 dma=150 pix=164591 snd=0 prot=0 cmos=0 ctrl=0
F 1204 dma=150 pix=164591 snd=0 prot=0 cmos=0 ctrl=0
F 1205 dma=150 pix=164591 snd=0 prot=0 cmos=0 ctrl=0
F 1206 dma=150 pix=164591 snd=0 prot=0 cmos=0 ctrl=0
F 1207 dma=150 pix=164591 snd=0 prot=0 cmos=0 ctrl=0
F 1208 dma=150 pix=164591 snd=0 prot=0 cmos=0 ctrl=0
F 1209 dma=150 pix=164591 snd=0 prot=0 cmos=0 ctrl=0
F 1210 dma=150 pix=164591 snd=0 prot=0 cmos=0 ctrl=0
F 1211 dma=150 pix=164591 snd=0 prot=0 cmos=0 ctrl=0
F 1212 dma=150 pix=164591 snd=0 prot=0 cmos=0 ctrl=0
F 1213 dma=150 pix=164591 snd=0 prot=0 cmos=0 ctrl=0
F 1214 dma=150 pix=164591 snd=0 prot=0 cmos=0 ctrl=0
F 1215 dma=150 pix=164591 snd=0 prot=0 cmos=0 ctrl=0
F 1216 dma=150 pix=164591 snd=0 prot=0 cmos=0 ctrl=0
F 1217 dma=150 pix=164591 snd=0 prot=0 cmos=0 ctrl=0
F 1218 dma=150 pix=164591 snd=0 prot=0 cmos=0 ctrl=0
F 1219 dma=150 pix=164591 snd=0 prot=0 cmos=0 ctrl=0
F 1220 dma=150 pix=164591 snd=0 prot=0 cmos=0 ctrl=0
F 1221 dma=150 pix=164591 snd=0 prot=0 cmos=0 ctrl=0
F 1222 dma=150 pix=164591 snd=0 prot=0 cmos=0 ctrl=0
F 1223 dma=150 pix=164591 snd=0 prot=0 cmos=0 ctrl=0
F 1224 dma=150 pix=164591 snd=0 prot=0 cmos=0 ctrl=0
F 1225 dma=150 pix=164591 snd=0 prot=0 cmos=0 ctrl=0
F 1226 dma=150 pix=164591 snd=0 prot=0 cmos=0 ctrl=0
F 1227 dma=150 pix=164591 snd=0 prot=0 cmos=0 ctrl=0
F 1228 dma=150 pix=164591 snd=0 prot=0 cmos=0 ctrl=0
F 1229 dma=150 pix=164591 snd=0 prot=0 cmos=0 ctrl=0
F 1230 dma=150 pix=164591 snd=0 prot=0 cmos=0 ctrl=0
F 1231 dma=150 pix=164591 snd=0 prot=0 cmos=0 ctrl=0
F 1232 dma=150 pix=164591 snd=0 prot=0 cmos=0 ctrl=0
F 1233 dma=150 pix=164591 snd=0 prot=0 cmos=0 ctrl=0
F 1234 dma=150 pix=164591 snd=0 prot=0 cmos=0 ctrl=0
F 1235 dma=150 pix=164591 snd=0 prot=0 cmos=0 ctrl=0
F 1236 dma=150 pix=164591 snd=0 prot=0 cmos=6 ctrl=0
F 1237 dma=150 pix=164591 snd=0 prot=0 cmos=0 ctrl=0
F 1238 dma=150 pix=164591 snd=0 prot=0 cmos=0 ctrl=0
F 1239 dma=150 pix=164591 snd=0 prot=0 cmos=0 ctrl=0
F 1240 dma=150 pix=164591 snd=0 prot=0 cmos=0 ctrl=0
F 1241 dma=150 pix=164591 snd=0 prot=0 cmos=0 ctrl=0
F 1242 dma=150 pix=164591 snd=0 prot=0 cmos=0 ctrl=0
F 1243 dma=150 pix=164591 snd=0 prot=0 cmos=0 ctrl=0
F 1244 dma=150 pix=164591 snd=0 prot=0 cmos=0 ctrl=0
F 1245 dma=150 pix=164591 snd=0 prot=0 cmos=0 ctrl=0
F 1246 dma=150 pix=164591 snd=0 prot=0 cmos=0 ctrl=0
F 1247 dma=150 pix=164591 snd=0 prot=0 cmos=0 ctrl=0
F 1248 dma=150 pix=164591 snd=0 prot=0 cmos=0 ctrl=0
F 1249 dma=150 pix=164591 snd=0 prot=0 cmos=0 ctrl=0
F 1250 dma=150 pix=164591 snd=0 prot=0 cmos=0 ctrl=0
IO 1250 0015 0032 00fa 00fc 0003 0014 0112 0120 f010 fffc 0112 002c 0000 0000 0000 0000 0000 0404 0402 0000 0000 0008 0000 0000 0000 0000 0000 001c 0032 0111 f01c 30e4
F 1251 dma=150 pix=164591 snd=0 prot=0 cmos=0 ctrl=0
F 1252 dma=150 pix=164591 snd=0 prot=0 cmos=0 ctrl=0
F 1253 dma=150 pix=164591 snd=0 prot=0 cmos=0 ctrl=0
F 1254 dma=150 pix=164591 snd=0 prot=0 cmos=0 ctrl=0
F 1255 dma=150 pix=164591 snd=0 prot=0 cmos=0 ctrl=0
F 1256 dma=150 pix=164591 snd=0 prot=0 cmos=0 ctrl=0
F 1257 dma=150 pix=164591 snd=0 prot=0 cmos=0 ctrl=0
F 1258 dma=150 pix=164591 snd=0 prot=0 cmos=0 ctrl=0
F 1259 dma=150 pix=164591 snd=0 prot=0 cmos=0 ctrl=0
F 1260 dma=150 pix=164591 snd=0 prot=0 cmos=0 ctrl=0
F 1261 dma=150 pix=164591 snd=0 prot=0 cmos=0 ctrl=0
F 1262 dma=150 pix=164591 snd=0 prot=0 cmos=0 ctrl=0
F 1263 dma=150 pix=164591 snd=0 prot=0 cmos=0 ctrl=0
F 1264 dma=150 pix=164591 snd=0 prot=0 cmos=0 ctrl=0
F 1265 dma=150 pix=164591 snd=0 prot=0 cmos=0 ctrl=0
F 1266 dma=150 pix=164591 snd=0 prot=0 cmos=0 ctrl=0
F 1267 dma=150 pix=164591 snd=0 prot=0 cmos=0 ctrl=0
F 1268 dma=150 pix=164591 snd=0 prot=0 cmos=0 ctrl=0
F 1269 dma=150 pix=164591 snd=0 prot=0 cmos=0 ctrl=0
F 1270 dma=150 pix=164591 snd=0 prot=0 cmos=0 ctrl=0
F 1271 dma=150 pix=164591 snd=0 prot=0 cmos=0 ctrl=0
F 1272 dma=150 pix=164591 snd=0 prot=0 cmos=0 ctrl=0
F 1273 dma=150 pix=164591 snd=0 prot=0 cmos=0 ctrl=0
F 1274 dma=150 pix=164591 snd=0 prot=0 cmos=0 ctrl=0
F 1275 dma=150 pix=164591 snd=0 prot=0 cmos=0 ctrl=0
F 1276 dma=150 pix=164591 snd=0 prot=0 cmos=0 ctrl=0
F 1277 dma=150 pix=164591 snd=0 prot=0 cmos=0 ctrl=0
F 1278 dma=150 pix=164591 snd=0 prot=0 cmos=0 ctrl=0
F 1279 dma=150 pix=164591 snd=0 prot=0 cmos=0 ctrl=0
F 1280 dma=150 pix=164591 snd=0 prot=0 cmos=0 ctrl=0
F 1281 dma=150 pix=164591 snd=0 prot=0 cmos=0 ctrl=0
F 1282 dma=150 pix=164591 snd=0 prot=0 cmos=0 ctrl=0
F 1283 dma=150 pix=164591 snd=0 prot=0 cmos=0 ctrl=0
F 1284 dma=150 pix=164591 snd=0 prot=0 cmos=0 ctrl=0
F 1285 dma=150 pix=164591 snd=0 prot=0 cmos=0 ctrl=0
F 1286 dma=150 pix=164591 snd=0 prot=0 cmos=0 ctrl=0
F 1287 dma=150 pix=164591 snd=0 prot=0 cmos=0 ctrl=0
F 1288 dma=150 pix=164591 snd=0 prot=0 cmos=0 ctrl=0
F 1289 dma=150 pix=164591 snd=0 prot=0 cmos=0 ctrl=0
F 1290 dma=150 pix=164591 snd=0 prot=0 cmos=0 ctrl=0
F 1291 dma=150 pix=164591 snd=0 prot=0 cmos=0 ctrl=0
F 1292 dma=150 pix=164591 snd=0 prot=0 cmos=0 ctrl=0
F 1293 dma=150 pix=164591 snd=0 prot=0 cmos=0 ctrl=0
F 1294 dma=150 pix=164591 snd=0 prot=0 cmos=0 ctrl=0
F 1295 dma=150 pix=164591 snd=0 prot=0 cmos=0 ctrl=0
F 1296 dma=150 pix=164591 snd=0 prot=0 cmos=0 ctrl=0
F 1297 dma=150 pix=164591 snd=0 prot=0 cmos=0 ctrl=0
F 1298 dma=150 pix=164591 snd=0 prot=0 cmos=0 ctrl=0
F 1299 dma=150 pix=164591 snd=0 prot=0 cmos=0 ctrl=0
F 1300 dma=150 pix=164591 snd=0 prot=0 cmos=0 ctrl=0
F 1301 dma=150 pix=164591 snd=0 prot=0 cmos=0 ctrl=0
F 1302 dma=150 pix=164591 snd=0 prot=0 cmos=0 ctrl=0
F 1303 dma=150 pix=164591 snd=0 prot=0 cmos=0 ctrl=0
F 1304 dma=150 pix=164591 snd=0 prot=0 cmos=0 ctrl=0
F 1305 dma=150 pix=164591 snd=0 prot=0 cmos=0 ctrl=0
F 1306 dma=150 pix=164591 snd=0 prot=0 cmos=0 ctrl=0
F 1307 dma=150 pix=164591 snd=0 prot=0 cmos=0 ctrl=0
F 1308 dma=150 pix=164591 snd=0 prot=0 cmos=0 ctrl=0
F 1309 dma=150 pix=164591 snd=0 prot=0 cmos=0 ctrl=0
F 1310 dma=150 pix=164591 snd=0 prot=0 cmos=0 ctrl=0
F 1311 dma=150 pix=164591 snd=0 prot=0 cmos=0 ctrl=0
F 1312 dma=150 pix=164591 snd=0 prot=0 cmos=0 ctrl=0
F 1313 dma=150 pix=164591 snd=0 prot=0 cmos=0 ctrl=0
F 1314 dma=150 pix=164591 snd=0 prot=0 cmos=0 ctrl=0
F 1315 dma=150 pix=164591 snd=0 prot=0 cmos=0 ctrl=0
F 1316 dma=150 pix=164591 snd=0 prot=0 cmos=0 ctrl=0
F 1317 dma=150 pix=164591 snd=0 prot=0 cmos=0 ctrl=0
F 1318 dma=150 pix=164591 snd=0 prot=0 cmos=0 ctrl=0
F 1319 dma=150 pix=164591 snd=0 prot=0 cmos=0 ctrl=0
F 1320 dma=150 pix=164591 snd=0 prot=0 cmos=0 ctrl=0
F 1321 dma=150 pix=164591 snd=0 prot=0 cmos=0 ctrl=0
F 1322 dma=150 pix=164591 snd=0 prot=0 cmos=0 ctrl=0
F 1323 dma=150 pix=164591 snd=0 prot=0 cmos=0 ctrl=0
F 1324 dma=150 pix=164591 snd=0 prot=0 cmos=0 ctrl=0
F 1325 dma=150 pix=164591 snd=0 prot=0 cmos=0 ctrl=0
F 1326 dma=150 pix=164591 snd=0 prot=0 cmos=0 ctrl=0
F 1327 dma=150 pix=164591 snd=0 prot=0 cmos=0 ctrl=0
F 1328 dma=150 pix=164591 snd=0 prot=0 cmos=0 ctrl=0
F 1329 dma=150 pix=164591 snd=0 prot=0 cmos=0 ctrl=0
F 1330 dma=150 pix=164591 snd=0 prot=0 cmos=0 ctrl=0
F 1331 dma=150 pix=164591 snd=0 prot=0 cmos=0 ctrl=0
F 1332 dma=150 pix=164591 snd=0 prot=0 cmos=0 ctrl=0
F 1333 dma=150 pix=164591 snd=0 prot=0 cmos=0 ctrl=0
F 1334 dma=4 pix=86400 snd=0 prot=0 cmos=0 ctrl=0
PROTW f=1334 off=01b23c30 data=fc00
PROTW f=1334 off=01b23830 data=f800
PROTW f=1334 off=01b23430 data=f400
PROTW f=1334 off=01b23030 data=f000
PROTW f=1334 off=01b22c30 data=ec00
PROTW f=1334 off=01b22830 data=e800
PROTW f=1334 off=01b22430 data=e400
PROTW f=1334 off=01b22030 data=e000
PROTW f=1334 off=01b21c30 data=dc00
PROTW f=1334 off=01b21830 data=d800
PROTW f=1334 off=01b21430 data=d400
PROTW f=1334 off=01b21030 data=d000
PROTW f=1334 off=01b20c30 data=cc00
PROTW f=1334 off=01b20830 data=c800
PROTW f=1334 off=01b20430 data=c400
PROTW f=1334 off=01b20030 data=c000
PROTW f=1334 off=01b1fc30 data=bc00
PROTW f=1334 off=01b1f830 data=b800
PROTW f=1334 off=01b1f430 data=b400
PROTW f=1334 off=01b1f030 data=b000
PROTW f=1334 off=01b1ec30 data=ac00
PROTW f=1334 off=01b1e830 data=a800
PROTW f=1334 off=01b1e430 data=a400
PROTW f=1334 off=01b1e030 data=a000
PROTW f=1334 off=01b1dc30 data=9c00
PROTW f=1334 off=01b1d830 data=9800
PROTW f=1334 off=01b1d430 data=9400
PROTW f=1334 off=01b1d030 data=9000
PROTW f=1334 off=01b1cc30 data=8c00
PROTW f=1334 off=01b1c830 data=8800
PROTW f=1334 off=01b1c430 data=8400
PROTW f=1334 off=01b1c030 data=8000
PROTW f=1334 off=01b1bc30 data=7c00
PROTW f=1334 off=01b1b830 data=7800
PROTW f=1334 off=01b1b430 data=7400
PROTW f=1334 off=01b1b030 data=7000
PROTW f=1334 off=01b1ac30 data=6c00
PROTW f=1334 off=01b1a830 data=6800
PROTW f=1334 off=01b1a430 data=6400
PROTW f=1334 off=01b1a030 data=6000
PROTW f=1334 off=01b19c30 data=5c00
PROTW f=1334 off=01b19830 data=5800
PROTW f=1334 off=01b19430 data=5400
PROTW f=1334 off=01b19030 data=5000
PROTW f=1334 off=01b18c30 data=4c00
PROTW f=1334 off=01b18830 data=4800
PROTW f=1334 off=01b18430 data=4400
PROTW f=1334 off=01b18030 data=4000
PROTW f=1334 off=01b17c30 data=3c00
PROTW f=1334 off=01b17830 data=3800
PROTW f=1334 off=01b17430 data=3400
PROTW f=1334 off=01b17030 data=3000
PROTW f=1334 off=01b16c30 data=2c00
PROTW f=1334 off=01b16830 data=2800
PROTW f=1334 off=01b16430 data=2400
PROTW f=1334 off=01b16030 data=2000
PROTW f=1334 off=01b15c30 data=1c00
PROTW f=1334 off=01b15830 data=1800
PROTW f=1334 off=01b15430 data=1400
PROTW f=1334 off=01b15030 data=1000
PROTW f=1334 off=01b14c30 data=0c00
PROTW f=1334 off=01b14830 data=0800
PROTW f=1334 off=01b14430 data=0400
PROTW f=1334 off=01b14030 data=0000
F 1335 dma=146 pix=78191 snd=0 prot=384 cmos=0 ctrl=0
F 1336 dma=0 pix=0 snd=0 prot=0 cmos=0 ctrl=0
CTRL2 f=1336 data=fff8
F 1337 dma=0 pix=0 snd=0 prot=0 cmos=0 ctrl=0
SND f=1337 off=1d01030 data=ff00 mask=ffff
F 1338 dma=0 pix=0 snd=1 prot=0 cmos=0 ctrl=0
F 1339 dma=0 pix=0 snd=0 prot=0 cmos=0 ctrl=0
F 1340 dma=0 pix=0 snd=0 prot=0 cmos=0 ctrl=0
F 1341 dma=0 pix=0 snd=0 prot=0 cmos=0 ctrl=0
PROTW f=1341 off=01b23c30 data=fc00
PROTW f=1341 off=01b23830 data=f800
PROTW f=1341 off=01b23430 data=f400
PROTW f=1341 off=01b23030 data=f000
PROTW f=1341 off=01b22c30 data=ec00
PROTW f=1341 off=01b22830 data=e800
PROTW f=1341 off=01b22430 data=e400
PROTW f=1341 off=01b22030 data=e000
PROTW f=1341 off=01b21c30 data=dc00
PROTW f=1341 off=01b21830 data=d800
PROTW f=1341 off=01b21430 data=d400
PROTW f=1341 off=01b21030 data=d000
PROTW f=1341 off=01b20c30 data=cc00
PROTW f=1341 off=01b20830 data=c800
PROTW f=1341 off=01b20430 data=c400
PROTW f=1341 off=01b20030 data=c000
PROTW f=1341 off=01b1fc30 data=bc00
PROTW f=1341 off=01b1f830 data=b800
PROTW f=1341 off=01b1f430 data=b400
PROTW f=1341 off=01b1f030 data=b000
PROTW f=1341 off=01b1ec30 data=ac00
PROTW f=1341 off=01b1e830 data=a800
PROTW f=1341 off=01b1e430 data=a400
PROTW f=1341 off=01b1e030 data=a000
PROTW f=1341 off=01b1dc30 data=9c00
PROTW f=1341 off=01b1d830 data=9800
PROTW f=1341 off=01b1d430 data=9400
PROTW f=1341 off=01b1d030 data=9000
PROTW f=1341 off=01b1cc30 data=8c00
PROTW f=1341 off=01b1c830 data=8800
PROTW f=1341 off=01b1c430 data=8400
PROTW f=1341 off=01b1c030 data=8000
PROTW f=1341 off=01b1bc30 data=7c00
PROTW f=1341 off=01b1b830 data=7800
PROTW f=1341 off=01b1b430 data=7400
PROTW f=1341 off=01b1b030 data=7000
PROTW f=1341 off=01b1ac30 data=6c00
PROTW f=1341 off=01b1a830 data=6800
PROTW f=1341 off=01b1a430 data=6400
PROTW f=1341 off=01b1a030 data=6000
PROTW f=1341 off=01b19c30 data=5c00
PROTW f=1341 off=01b19830 data=5800
PROTW f=1341 off=01b19430 data=5400
PROTW f=1341 off=01b19030 data=5000
PROTW f=1341 off=01b18c30 data=4c00
PROTW f=1341 off=01b18830 data=4800
PROTW f=1341 off=01b18430 data=4400
PROTW f=1341 off=01b18030 data=4000
PROTW f=1341 off=01b17c30 data=3c00
PROTW f=1341 off=01b17830 data=3800
PROTW f=1341 off=01b17430 data=3400
PROTW f=1341 off=01b17030 data=3000
PROTW f=1341 off=01b16c30 data=2c00
PROTW f=1341 off=01b16830 data=2800
PROTW f=1341 off=01b16430 data=2400
PROTW f=1341 off=01b16030 data=2000
PROTW f=1341 off=01b15c30 data=1c00
PROTW f=1341 off=01b15830 data=1800
PROTW f=1341 off=01b15430 data=1400
PROTW f=1341 off=01b15030 data=1000
PROTW f=1341 off=01b14c30 data=0c00
PROTW f=1341 off=01b14830 data=0800
PROTW f=1341 off=01b14430 data=0400
PROTW f=1341 off=01b14030 data=0000
F 1342 dma=0 pix=0 snd=0 prot=384 cmos=0 ctrl=0
F 1343 dma=0 pix=0 snd=0 prot=0 cmos=0 ctrl=0
SND f=1343 off=1d01030 data=ffaa mask=ffff
F 1344 dma=199 pix=226792 snd=1 prot=0 cmos=0 ctrl=0
F 1345 dma=199 pix=226792 snd=0 prot=0 cmos=0 ctrl=0
F 1346 dma=199 pix=229173 snd=0 prot=0 cmos=0 ctrl=0
F 1347 dma=199 pix=229173 snd=0 prot=0 cmos=0 ctrl=0
F 1348 dma=207 pix=224702 snd=0 prot=0 cmos=0 ctrl=0
F 1349 dma=0 pix=0 snd=0 prot=0 cmos=0 ctrl=0
CTRL2 f=1349 data=ff18
F 1350 dma=0 pix=0 snd=0 prot=0 cmos=0 ctrl=0
CTRL2 f=1350 data=ff38
F 1351 dma=0 pix=0 snd=0 prot=0 cmos=0 ctrl=0
F 1352 dma=0 pix=0 snd=0 prot=0 cmos=0 ctrl=0
F 1353 dma=0 pix=0 snd=0 prot=0 cmos=0 ctrl=0
F 1354 dma=0 pix=0 snd=0 prot=0 cmos=0 ctrl=0
F 1355 dma=0 pix=0 snd=0 prot=0 cmos=0 ctrl=0
F 1356 dma=0 pix=0 snd=0 prot=0 cmos=0 ctrl=0
F 1357 dma=0 pix=0 snd=0 prot=0 cmos=0 ctrl=0
F 1358 dma=0 pix=0 snd=0 prot=0 cmos=0 ctrl=0
F 1359 dma=0 pix=0 snd=0 prot=0 cmos=0 ctrl=0
F 1360 dma=0 pix=0 snd=0 prot=0 cmos=0 ctrl=0
F 1361 dma=0 pix=0 snd=0 prot=0 cmos=0 ctrl=0
F 1362 dma=0 pix=0 snd=0 prot=0 cmos=0 ctrl=0
F 1363 dma=0 pix=0 snd=0 prot=0 cmos=0 ctrl=0
F 1364 dma=0 pix=0 snd=0 prot=0 cmos=0 ctrl=0
F 1365 dma=0 pix=0 snd=0 prot=0 cmos=0 ctrl=0
F 1366 dma=0 pix=0 snd=0 prot=0 cmos=0 ctrl=0
F 1367 dma=0 pix=0 snd=0 prot=0 cmos=0 ctrl=0
F 1368 dma=0 pix=0 snd=0 prot=0 cmos=0 ctrl=0
F 1369 dma=0 pix=0 snd=0 prot=0 cmos=0 ctrl=0
F 1370 dma=0 pix=0 snd=0 prot=0 cmos=0 ctrl=0
F 1371 dma=0 pix=0 snd=0 prot=0 cmos=0 ctrl=0
F 1372 dma=0 pix=0 snd=0 prot=0 cmos=0 ctrl=0
F 1373 dma=0 pix=0 snd=0 prot=0 cmos=0 ctrl=0
F 1374 dma=0 pix=0 snd=0 prot=0 cmos=0 ctrl=0
F 1375 dma=0 pix=0 snd=0 prot=0 cmos=0 ctrl=0
F 1376 dma=207 pix=224702 snd=0 prot=0 cmos=0 ctrl=0
F 1377 dma=207 pix=224702 snd=0 prot=0 cmos=0 ctrl=0
F 1378 dma=207 pix=224702 snd=0 prot=0 cmos=0 ctrl=0
F 1379 dma=207 pix=224702 snd=0 prot=0 cmos=0 ctrl=0
F 1380 dma=207 pix=224702 snd=0 prot=0 cmos=0 ctrl=0
F 1381 dma=207 pix=224702 snd=0 prot=0 cmos=0 ctrl=0
F 1382 dma=207 pix=224702 snd=0 prot=0 cmos=0 ctrl=0
F 1383 dma=207 pix=224702 snd=0 prot=0 cmos=0 ctrl=0
F 1384 dma=207 pix=224702 snd=0 prot=0 cmos=0 ctrl=0
F 1385 dma=207 pix=224625 snd=0 prot=0 cmos=0 ctrl=0
F 1386 dma=207 pix=224625 snd=0 prot=0 cmos=0 ctrl=0
F 1387 dma=207 pix=224625 snd=0 prot=0 cmos=0 ctrl=0
F 1388 dma=207 pix=224625 snd=0 prot=0 cmos=0 ctrl=0
F 1389 dma=207 pix=224625 snd=0 prot=0 cmos=0 ctrl=0
F 1390 dma=207 pix=224719 snd=0 prot=0 cmos=0 ctrl=0
F 1391 dma=207 pix=224719 snd=0 prot=0 cmos=0 ctrl=0
F 1392 dma=207 pix=224946 snd=0 prot=0 cmos=0 ctrl=0
F 1393 dma=207 pix=224946 snd=0 prot=0 cmos=0 ctrl=0
F 1394 dma=207 pix=224946 snd=0 prot=0 cmos=0 ctrl=0
F 1395 dma=207 pix=225321 snd=0 prot=0 cmos=0 ctrl=0
F 1396 dma=207 pix=225321 snd=0 prot=0 cmos=0 ctrl=0
F 1397 dma=207 pix=225321 snd=0 prot=0 cmos=0 ctrl=0
F 1398 dma=207 pix=225321 snd=0 prot=0 cmos=0 ctrl=0
F 1399 dma=207 pix=225321 snd=0 prot=0 cmos=0 ctrl=0
F 1400 dma=207 pix=225509 snd=0 prot=0 cmos=0 ctrl=0
F 1401 dma=207 pix=225509 snd=0 prot=0 cmos=0 ctrl=0
F 1402 dma=207 pix=225509 snd=0 prot=0 cmos=0 ctrl=0
F 1403 dma=207 pix=225509 snd=0 prot=0 cmos=0 ctrl=0
F 1404 dma=207 pix=225509 snd=0 prot=0 cmos=0 ctrl=0
F 1405 dma=207 pix=225649 snd=0 prot=0 cmos=0 ctrl=0
F 1406 dma=207 pix=225649 snd=0 prot=0 cmos=0 ctrl=0
F 1407 dma=207 pix=225649 snd=0 prot=0 cmos=0 ctrl=0
F 1408 dma=207 pix=225422 snd=0 prot=0 cmos=0 ctrl=0
F 1409 dma=207 pix=225422 snd=0 prot=0 cmos=0 ctrl=0
F 1410 dma=207 pix=225282 snd=0 prot=0 cmos=0 ctrl=0
F 1411 dma=207 pix=225282 snd=0 prot=0 cmos=0 ctrl=0
F 1412 dma=207 pix=225282 snd=0 prot=0 cmos=0 ctrl=0
F 1413 dma=207 pix=225282 snd=0 prot=0 cmos=0 ctrl=0
F 1414 dma=207 pix=225282 snd=0 prot=0 cmos=0 ctrl=0
F 1415 dma=207 pix=225094 snd=0 prot=0 cmos=0 ctrl=0
F 1416 dma=207 pix=225094 snd=0 prot=0 cmos=0 ctrl=0
F 1417 dma=207 pix=225094 snd=0 prot=0 cmos=0 ctrl=0
F 1418 dma=207 pix=225094 snd=0 prot=0 cmos=0 ctrl=0
F 1419 dma=207 pix=225094 snd=0 prot=0 cmos=0 ctrl=0
F 1420 dma=207 pix=224719 snd=0 prot=0 cmos=0 ctrl=0
F 1421 dma=207 pix=224719 snd=0 prot=0 cmos=0 ctrl=0
SND f=1421 off=1d01030 data=ffaa mask=ffff
F 1422 dma=207 pix=224719 snd=1 prot=0 cmos=0 ctrl=0
SND f=1422 off=1d01030 data=ffaa mask=ffff
F 1423 dma=207 pix=224719 snd=1 prot=0 cmos=0 ctrl=0
F 1424 dma=207 pix=224946 snd=0 prot=0 cmos=0 ctrl=0
F 1425 dma=207 pix=224852 snd=0 prot=0 cmos=0 ctrl=0
F 1426 dma=207 pix=224852 snd=0 prot=0 cmos=0 ctrl=0
F 1427 dma=207 pix=224852 snd=0 prot=0 cmos=0 ctrl=0
F 1428 dma=207 pix=224852 snd=0 prot=0 cmos=0 ctrl=0
F 1429 dma=207 pix=224852 snd=0 prot=0 cmos=0 ctrl=0
F 1430 dma=207 pix=224946 snd=0 prot=0 cmos=0 ctrl=0
F 1431 dma=207 pix=224946 snd=0 prot=0 cmos=0 ctrl=0
F 1432 dma=207 pix=224946 snd=0 prot=0 cmos=0 ctrl=0
F 1433 dma=207 pix=224946 snd=0 prot=0 cmos=0 ctrl=0
F 1434 dma=207 pix=224946 snd=0 prot=0 cmos=0 ctrl=0
F 1435 dma=207 pix=225321 snd=0 prot=0 cmos=0 ctrl=0
F 1436 dma=207 pix=225321 snd=0 prot=0 cmos=0 ctrl=0
F 1437 dma=207 pix=225321 snd=0 prot=0 cmos=0 ctrl=0
F 1438 dma=207 pix=225321 snd=0 prot=0 cmos=0 ctrl=0
F 1439 dma=207 pix=225321 snd=0 prot=0 cmos=0 ctrl=0
F 1440 dma=207 pix=225282 snd=0 prot=0 cmos=0 ctrl=0
F 1441 dma=207 pix=225282 snd=0 prot=0 cmos=0 ctrl=0
F 1442 dma=207 pix=225282 snd=0 prot=0 cmos=0 ctrl=0
F 1443 dma=207 pix=225282 snd=0 prot=0 cmos=0 ctrl=0
F 1444 dma=207 pix=225282 snd=0 prot=0 cmos=0 ctrl=0
F 1445 dma=207 pix=225422 snd=0 prot=0 cmos=0 ctrl=0
F 1446 dma=207 pix=225422 snd=0 prot=0 cmos=0 ctrl=0
F 1447 dma=207 pix=225422 snd=0 prot=0 cmos=0 ctrl=0
F 1448 dma=207 pix=225422 snd=0 prot=0 cmos=0 ctrl=0
F 1449 dma=207 pix=225422 snd=0 prot=0 cmos=0 ctrl=0
F 1450 dma=207 pix=225282 snd=0 prot=0 cmos=0 ctrl=0
F 1451 dma=207 pix=225282 snd=0 prot=0 cmos=0 ctrl=0
F 1452 dma=207 pix=225282 snd=0 prot=0 cmos=0 ctrl=0
F 1453 dma=207 pix=225282 snd=0 prot=0 cmos=0 ctrl=0
F 1454 dma=207 pix=225282 snd=0 prot=0 cmos=0 ctrl=0
F 1455 dma=207 pix=225094 snd=0 prot=0 cmos=0 ctrl=0
F 1456 dma=207 pix=225321 snd=0 prot=0 cmos=0 ctrl=0
F 1457 dma=207 pix=225321 snd=0 prot=0 cmos=0 ctrl=0
F 1458 dma=207 pix=225321 snd=0 prot=0 cmos=0 ctrl=0
F 1459 dma=207 pix=225321 snd=0 prot=0 cmos=0 ctrl=0
F 1460 dma=207 pix=224745 snd=0 prot=0 cmos=0 ctrl=0
F 1461 dma=207 pix=224745 snd=0 prot=0 cmos=0 ctrl=0
F 1462 dma=207 pix=224745 snd=0 prot=0 cmos=0 ctrl=0
F 1463 dma=207 pix=224745 snd=0 prot=0 cmos=0 ctrl=0
F 1464 dma=207 pix=224745 snd=0 prot=0 cmos=0 ctrl=0
F 1465 dma=207 pix=224651 snd=0 prot=0 cmos=0 ctrl=0
F 1466 dma=207 pix=224651 snd=0 prot=0 cmos=0 ctrl=0
F 1467 dma=207 pix=224651 snd=0 prot=0 cmos=0 ctrl=0
F 1468 dma=207 pix=224651 snd=0 prot=0 cmos=0 ctrl=0
F 1469 dma=207 pix=224651 snd=0 prot=0 cmos=0 ctrl=0
F 1470 dma=207 pix=224790 snd=0 prot=0 cmos=0 ctrl=0
F 1471 dma=207 pix=224790 snd=0 prot=0 cmos=0 ctrl=0
F 1472 dma=207 pix=224563 snd=0 prot=0 cmos=0 ctrl=0
F 1473 dma=207 pix=224563 snd=0 prot=0 cmos=0 ctrl=0
F 1474 dma=207 pix=224563 snd=0 prot=0 cmos=0 ctrl=0
F 1475 dma=207 pix=224938 snd=0 prot=0 cmos=0 ctrl=0
F 1476 dma=207 pix=224938 snd=0 prot=0 cmos=0 ctrl=0
F 1477 dma=207 pix=224938 snd=0 prot=0 cmos=0 ctrl=0
F 1478 dma=207 pix=224938 snd=0 prot=0 cmos=0 ctrl=0
F 1479 dma=207 pix=224938 snd=0 prot=0 cmos=0 ctrl=0
F 1480 dma=207 pix=225373 snd=0 prot=0 cmos=0 ctrl=0
F 1481 dma=207 pix=225373 snd=0 prot=0 cmos=0 ctrl=0
F 1482 dma=207 pix=225373 snd=0 prot=0 cmos=0 ctrl=0
F 1483 dma=207 pix=225373 snd=0 prot=0 cmos=0 ctrl=0
F 1484 dma=207 pix=225373 snd=0 prot=0 cmos=0 ctrl=0
F 1485 dma=207 pix=225513 snd=0 prot=0 cmos=0 ctrl=0
F 1486 dma=207 pix=225513 snd=0 prot=0 cmos=0 ctrl=0
F 1487 dma=207 pix=225513 snd=0 prot=0 cmos=0 ctrl=0
F 1488 dma=207 pix=225740 snd=0 prot=0 cmos=0 ctrl=0
F 1489 dma=207 pix=225740 snd=0 prot=0 cmos=0 ctrl=0
F 1490 dma=207 pix=225526 snd=0 prot=0 cmos=0 ctrl=0
SND f=1490 off=1d01030 data=ffaa mask=ffff
F 1491 dma=207 pix=225526 snd=1 prot=0 cmos=0 ctrl=0
SND f=1491 off=1d01030 data=ffaa mask=ffff
F 1492 dma=207 pix=225526 snd=1 prot=0 cmos=0 ctrl=0
F 1493 dma=207 pix=225526 snd=0 prot=0 cmos=0 ctrl=0
F 1494 dma=207 pix=225526 snd=0 prot=0 cmos=0 ctrl=0
F 1495 dma=207 pix=225338 snd=0 prot=0 cmos=0 ctrl=0
F 1496 dma=207 pix=225338 snd=0 prot=0 cmos=0 ctrl=0
F 1497 dma=207 pix=225338 snd=0 prot=0 cmos=0 ctrl=0
F 1498 dma=207 pix=225338 snd=0 prot=0 cmos=0 ctrl=0
F 1499 dma=207 pix=225338 snd=0 prot=0 cmos=0 ctrl=0
F 1500 dma=207 pix=224763 snd=0 prot=0 cmos=0 ctrl=0
IO 1500 0015 0032 00fa 00fc 0003 0014 0112 0120 f010 fffc 0112 002c 0000 0000 0000 0000 0000 0404 0402 0000 0000 0008 0000 0000 0000 0000 0000 001c 0032 0111 f01c 6de0
F 1501 dma=207 pix=224763 snd=0 prot=0 cmos=0 ctrl=0
F 1502 dma=207 pix=224763 snd=0 prot=0 cmos=0 ctrl=0
F 1503 dma=207 pix=224763 snd=0 prot=0 cmos=0 ctrl=0
F 1504 dma=207 pix=224536 snd=0 prot=0 cmos=0 ctrl=0
F 1505 dma=207 pix=224442 snd=0 prot=0 cmos=0 ctrl=0
F 1506 dma=207 pix=224442 snd=0 prot=0 cmos=6 ctrl=0
SND f=1506 off=1d01030 data=ffa4 mask=ffff
F 1507 dma=173 pix=167700 snd=1 prot=0 cmos=18 ctrl=0
PROTW f=1507 off=01b23c30 data=fc00
PROTW f=1507 off=01b23830 data=f800
PROTW f=1507 off=01b23430 data=f400
PROTW f=1507 off=01b23030 data=f000
PROTW f=1507 off=01b22c30 data=ec00
PROTW f=1507 off=01b22830 data=e800
PROTW f=1507 off=01b22430 data=e400
PROTW f=1507 off=01b22030 data=e000
PROTW f=1507 off=01b21c30 data=dc00
PROTW f=1507 off=01b21830 data=d800
PROTW f=1507 off=01b21430 data=d400
PROTW f=1507 off=01b21030 data=d000
PROTW f=1507 off=01b20c30 data=cc00
PROTW f=1507 off=01b20830 data=c800
PROTW f=1507 off=01b20430 data=c400
PROTW f=1507 off=01b20030 data=c000
PROTW f=1507 off=01b1fc30 data=bc00
PROTW f=1507 off=01b1f830 data=b800
PROTW f=1507 off=01b1f430 data=b400
PROTW f=1507 off=01b1f030 data=b000
PROTW f=1507 off=01b1ec30 data=ac00
PROTW f=1507 off=01b1e830 data=a800
PROTW f=1507 off=01b1e430 data=a400
PROTW f=1507 off=01b1e030 data=a000
PROTW f=1507 off=01b1dc30 data=9c00
PROTW f=1507 off=01b1d830 data=9800
PROTW f=1507 off=01b1d430 data=9400
PROTW f=1507 off=01b1d030 data=9000
PROTW f=1507 off=01b1cc30 data=8c00
PROTW f=1507 off=01b1c830 data=8800
PROTW f=1507 off=01b1c430 data=8400
PROTW f=1507 off=01b1c030 data=8000
PROTW f=1507 off=01b1bc30 data=7c00
PROTW f=1507 off=01b1b830 data=7800
PROTW f=1507 off=01b1b430 data=7400
PROTW f=1507 off=01b1b030 data=7000
PROTW f=1507 off=01b1ac30 data=6c00
PROTW f=1507 off=01b1a830 data=6800
PROTW f=1507 off=01b1a430 data=6400
PROTW f=1507 off=01b1a030 data=6000
PROTW f=1507 off=01b19c30 data=5c00
PROTW f=1507 off=01b19830 data=5800
PROTW f=1507 off=01b19430 data=5400
PROTW f=1507 off=01b19030 data=5000
PROTW f=1507 off=01b18c30 data=4c00
PROTW f=1507 off=01b18830 data=4800
PROTW f=1507 off=01b18430 data=4400
PROTW f=1507 off=01b18030 data=4000
PROTW f=1507 off=01b17c30 data=3c00
PROTW f=1507 off=01b17830 data=3800
PROTW f=1507 off=01b17430 data=3400
PROTW f=1507 off=01b17030 data=3000
PROTW f=1507 off=01b16c30 data=2c00
PROTW f=1507 off=01b16830 data=2800
PROTW f=1507 off=01b16430 data=2400
PROTW f=1507 off=01b16030 data=2000
PROTW f=1507 off=01b15c30 data=1c00
PROTW f=1507 off=01b15830 data=1800
PROTW f=1507 off=01b15430 data=1400
PROTW f=1507 off=01b15030 data=1000
PROTW f=1507 off=01b14c30 data=0c00
PROTW f=1507 off=01b14830 data=0800
PROTW f=1507 off=01b14430 data=0400
PROTW f=1507 off=01b14030 data=0000
F 1508 dma=34 pix=56742 snd=0 prot=384 cmos=0 ctrl=0
F 1509 dma=0 pix=0 snd=0 prot=0 cmos=0 ctrl=0
CTRL2 f=1509 data=fff8
F 1510 dma=0 pix=0 snd=0 prot=0 cmos=0 ctrl=0
F 1511 dma=0 pix=0 snd=0 prot=0 cmos=0 ctrl=0
SND f=1511 off=1d01020 data=0001 mask=ffff
F 1512 dma=0 pix=0 snd=1 prot=0 cmos=0 ctrl=0
F 1513 dma=0 pix=0 snd=0 prot=0 cmos=0 ctrl=0
F 1514 dma=0 pix=0 snd=0 prot=0 cmos=0 ctrl=0
F 1515 dma=150 pix=164481 snd=0 prot=0 cmos=0 ctrl=0
F 1516 dma=150 pix=164481 snd=0 prot=0 cmos=0 ctrl=0
F 1517 dma=150 pix=164481 snd=0 prot=0 cmos=0 ctrl=0
F 1518 dma=4 pix=86400 snd=0 prot=0 cmos=0 ctrl=0
F 1519 dma=146 pix=78081 snd=0 prot=0 cmos=0 ctrl=0
SND f=1519 off=1d01020 data=0000 mask=ffff
F 1520 dma=0 pix=0 snd=1 prot=0 cmos=0 ctrl=0
F 1521 dma=150 pix=164481 snd=0 prot=0 cmos=0 ctrl=0
F 1522 dma=150 pix=164481 snd=0 prot=0 cmos=0 ctrl=0
F 1523 dma=150 pix=164481 snd=0 prot=0 cmos=0 ctrl=0
F 1524 dma=150 pix=164481 snd=0 prot=0 cmos=0 ctrl=0
F 1525 dma=150 pix=164481 snd=0 prot=0 cmos=0 ctrl=0
F 1526 dma=150 pix=164481 snd=0 prot=0 cmos=0 ctrl=0
F 1527 dma=150 pix=164481 snd=0 prot=0 cmos=0 ctrl=0
F 1528 dma=150 pix=164481 snd=0 prot=0 cmos=0 ctrl=0
F 1529 dma=150 pix=164481 snd=0 prot=0 cmos=0 ctrl=0
F 1530 dma=150 pix=164481 snd=0 prot=0 cmos=0 ctrl=0
F 1531 dma=150 pix=164481 snd=0 prot=0 cmos=0 ctrl=0
F 1532 dma=150 pix=164481 snd=0 prot=0 cmos=0 ctrl=0
F 1533 dma=150 pix=164481 snd=0 prot=0 cmos=0 ctrl=0
F 1534 dma=150 pix=164481 snd=0 prot=0 cmos=0 ctrl=0
F 1535 dma=150 pix=164481 snd=0 prot=0 cmos=0 ctrl=0
F 1536 dma=150 pix=164481 snd=0 prot=0 cmos=0 ctrl=0
F 1537 dma=150 pix=164481 snd=0 prot=0 cmos=0 ctrl=0
F 1538 dma=150 pix=164481 snd=0 prot=0 cmos=0 ctrl=0
F 1539 dma=150 pix=164481 snd=0 prot=0 cmos=0 ctrl=0
F 1540 dma=150 pix=164481 snd=0 prot=0 cmos=0 ctrl=0
F 1541 dma=150 pix=164481 snd=0 prot=0 cmos=0 ctrl=0
F 1542 dma=150 pix=164481 snd=0 prot=0 cmos=0 ctrl=0
F 1543 dma=150 pix=164481 snd=0 prot=0 cmos=0 ctrl=0
F 1544 dma=150 pix=164481 snd=0 prot=0 cmos=0 ctrl=0
F 1545 dma=150 pix=164481 snd=0 prot=0 cmos=0 ctrl=0
F 1546 dma=150 pix=164481 snd=0 prot=0 cmos=0 ctrl=0
F 1547 dma=150 pix=164481 snd=0 prot=0 cmos=0 ctrl=0
F 1548 dma=150 pix=164481 snd=0 prot=0 cmos=0 ctrl=0
F 1549 dma=150 pix=164481 snd=0 prot=0 cmos=0 ctrl=0
F 1550 dma=150 pix=164481 snd=0 prot=0 cmos=0 ctrl=0
F 1551 dma=150 pix=164481 snd=0 prot=0 cmos=0 ctrl=0
F 1552 dma=150 pix=164481 snd=0 prot=0 cmos=0 ctrl=0
F 1553 dma=150 pix=164481 snd=0 prot=0 cmos=0 ctrl=0
F 1554 dma=150 pix=164481 snd=0 prot=0 cmos=0 ctrl=0
F 1555 dma=150 pix=164481 snd=0 prot=0 cmos=0 ctrl=0
F 1556 dma=150 pix=164481 snd=0 prot=0 cmos=0 ctrl=0
F 1557 dma=150 pix=164481 snd=0 prot=0 cmos=0 ctrl=0
F 1558 dma=150 pix=164481 snd=0 prot=0 cmos=0 ctrl=0
F 1559 dma=150 pix=164481 snd=0 prot=0 cmos=0 ctrl=0
F 1560 dma=150 pix=164481 snd=0 prot=0 cmos=0 ctrl=0
F 1561 dma=150 pix=164481 snd=0 prot=0 cmos=0 ctrl=0
F 1562 dma=150 pix=164481 snd=0 prot=0 cmos=0 ctrl=0
F 1563 dma=150 pix=164481 snd=0 prot=0 cmos=0 ctrl=0
F 1564 dma=150 pix=164481 snd=0 prot=0 cmos=0 ctrl=0
F 1565 dma=150 pix=164481 snd=0 prot=0 cmos=0 ctrl=0
F 1566 dma=150 pix=164481 snd=0 prot=0 cmos=0 ctrl=0
F 1567 dma=150 pix=164481 snd=0 prot=0 cmos=0 ctrl=0
F 1568 dma=150 pix=164481 snd=0 prot=0 cmos=0 ctrl=0
F 1569 dma=150 pix=164481 snd=0 prot=0 cmos=0 ctrl=0
F 1570 dma=150 pix=164481 snd=0 prot=0 cmos=0 ctrl=0
F 1571 dma=150 pix=164481 snd=0 prot=0 cmos=0 ctrl=0
F 1572 dma=150 pix=164481 snd=0 prot=0 cmos=0 ctrl=0
F 1573 dma=150 pix=164481 snd=0 prot=0 cmos=0 ctrl=0
F 1574 dma=150 pix=164481 snd=0 prot=0 cmos=0 ctrl=0
F 1575 dma=150 pix=164481 snd=0 prot=0 cmos=0 ctrl=0
F 1576 dma=150 pix=164481 snd=0 prot=0 cmos=0 ctrl=0
F 1577 dma=150 pix=164481 snd=0 prot=0 cmos=0 ctrl=0
F 1578 dma=150 pix=164481 snd=0 prot=0 cmos=0 ctrl=0
F 1579 dma=150 pix=164481 snd=0 prot=0 cmos=0 ctrl=0
F 1580 dma=150 pix=164481 snd=0 prot=0 cmos=0 ctrl=0
F 1581 dma=150 pix=164481 snd=0 prot=0 cmos=0 ctrl=0
F 1582 dma=150 pix=164481 snd=0 prot=0 cmos=0 ctrl=0
F 1583 dma=150 pix=164481 snd=0 prot=0 cmos=0 ctrl=0
F 1584 dma=150 pix=164481 snd=0 prot=0 cmos=0 ctrl=0
F 1585 dma=150 pix=164481 snd=0 prot=0 cmos=0 ctrl=0
F 1586 dma=150 pix=164481 snd=0 prot=0 cmos=0 ctrl=0
F 1587 dma=150 pix=164481 snd=0 prot=0 cmos=0 ctrl=0
F 1588 dma=150 pix=164481 snd=0 prot=0 cmos=0 ctrl=0
F 1589 dma=150 pix=164481 snd=0 prot=0 cmos=0 ctrl=0
F 1590 dma=150 pix=164481 snd=0 prot=0 cmos=0 ctrl=0
F 1591 dma=150 pix=164481 snd=0 prot=0 cmos=0 ctrl=0
F 1592 dma=150 pix=164481 snd=0 prot=0 cmos=0 ctrl=0
F 1593 dma=150 pix=164481 snd=0 prot=0 cmos=0 ctrl=0
F 1594 dma=150 pix=164481 snd=0 prot=0 cmos=0 ctrl=0
F 1595 dma=150 pix=164481 snd=0 prot=0 cmos=0 ctrl=0
F 1596 dma=150 pix=164481 snd=0 prot=0 cmos=0 ctrl=0
F 1597 dma=150 pix=164481 snd=0 prot=0 cmos=0 ctrl=0
F 1598 dma=150 pix=164481 snd=0 prot=0 cmos=0 ctrl=0
F 1599 dma=150 pix=164481 snd=0 prot=0 cmos=0 ctrl=0
F 1600 dma=150 pix=164481 snd=0 prot=0 cmos=0 ctrl=0
F 1601 dma=150 pix=164481 snd=0 prot=0 cmos=0 ctrl=0
F 1602 dma=150 pix=164481 snd=0 prot=0 cmos=0 ctrl=0
F 1603 dma=150 pix=164481 snd=0 prot=0 cmos=0 ctrl=0
F 1604 dma=150 pix=164481 snd=0 prot=0 cmos=0 ctrl=0
F 1605 dma=150 pix=164481 snd=0 prot=0 cmos=0 ctrl=0
F 1606 dma=150 pix=164481 snd=0 prot=0 cmos=0 ctrl=0
F 1607 dma=150 pix=164481 snd=0 prot=0 cmos=0 ctrl=0
F 1608 dma=150 pix=164481 snd=0 prot=0 cmos=0 ctrl=0
F 1609 dma=150 pix=164481 snd=0 prot=0 cmos=0 ctrl=0
F 1610 dma=150 pix=164481 snd=0 prot=0 cmos=0 ctrl=0
F 1611 dma=150 pix=164481 snd=0 prot=0 cmos=0 ctrl=0
F 1612 dma=150 pix=164481 snd=0 prot=0 cmos=0 ctrl=0
F 1613 dma=150 pix=164481 snd=0 prot=0 cmos=0 ctrl=0
F 1614 dma=150 pix=164481 snd=0 prot=0 cmos=0 ctrl=0
F 1615 dma=150 pix=164481 snd=0 prot=0 cmos=0 ctrl=0
F 1616 dma=150 pix=164481 snd=0 prot=0 cmos=0 ctrl=0
F 1617 dma=150 pix=164481 snd=0 prot=0 cmos=0 ctrl=0
F 1618 dma=150 pix=164481 snd=0 prot=0 cmos=0 ctrl=0
F 1619 dma=150 pix=164481 snd=0 prot=0 cmos=0 ctrl=0
F 1620 dma=150 pix=164481 snd=0 prot=0 cmos=0 ctrl=0
F 1621 dma=150 pix=164481 snd=0 prot=0 cmos=0 ctrl=0
F 1622 dma=150 pix=164481 snd=0 prot=0 cmos=0 ctrl=0
F 1623 dma=150 pix=164481 snd=0 prot=0 cmos=0 ctrl=0
F 1624 dma=150 pix=164481 snd=0 prot=0 cmos=0 ctrl=0
F 1625 dma=150 pix=164481 snd=0 prot=0 cmos=0 ctrl=0
F 1626 dma=150 pix=164481 snd=0 prot=0 cmos=0 ctrl=0
F 1627 dma=150 pix=164481 snd=0 prot=0 cmos=0 ctrl=0
F 1628 dma=150 pix=164481 snd=0 prot=0 cmos=0 ctrl=0
F 1629 dma=150 pix=164481 snd=0 prot=0 cmos=0 ctrl=0
F 1630 dma=150 pix=164481 snd=0 prot=0 cmos=0 ctrl=0
F 1631 dma=150 pix=164481 snd=0 prot=0 cmos=0 ctrl=0
F 1632 dma=150 pix=164481 snd=0 prot=0 cmos=0 ctrl=0
F 1633 dma=150 pix=164481 snd=0 prot=0 cmos=0 ctrl=0
F 1634 dma=150 pix=164481 snd=0 prot=0 cmos=0 ctrl=0
F 1635 dma=150 pix=164481 snd=0 prot=0 cmos=0 ctrl=0
F 1636 dma=150 pix=164481 snd=0 prot=0 cmos=0 ctrl=0
F 1637 dma=150 pix=164481 snd=0 prot=0 cmos=0 ctrl=0
F 1638 dma=150 pix=164481 snd=0 prot=0 cmos=0 ctrl=0
F 1639 dma=150 pix=164481 snd=0 prot=0 cmos=0 ctrl=0
F 1640 dma=150 pix=164481 snd=0 prot=0 cmos=0 ctrl=0
F 1641 dma=150 pix=164481 snd=0 prot=0 cmos=0 ctrl=0
F 1642 dma=150 pix=164481 snd=0 prot=0 cmos=0 ctrl=0
F 1643 dma=150 pix=164481 snd=0 prot=0 cmos=0 ctrl=0
F 1644 dma=150 pix=164481 snd=0 prot=0 cmos=0 ctrl=0
F 1645 dma=150 pix=164481 snd=0 prot=0 cmos=0 ctrl=0
F 1646 dma=150 pix=164481 snd=0 prot=0 cmos=0 ctrl=0
F 1647 dma=150 pix=164481 snd=0 prot=0 cmos=0 ctrl=0
F 1648 dma=150 pix=164481 snd=0 prot=0 cmos=0 ctrl=0
F 1649 dma=150 pix=164481 snd=0 prot=0 cmos=0 ctrl=0
F 1650 dma=150 pix=164481 snd=0 prot=0 cmos=0 ctrl=0
F 1651 dma=150 pix=164481 snd=0 prot=0 cmos=0 ctrl=0
F 1652 dma=150 pix=164481 snd=0 prot=0 cmos=0 ctrl=0
F 1653 dma=150 pix=164481 snd=0 prot=0 cmos=0 ctrl=0
F 1654 dma=150 pix=164481 snd=0 prot=0 cmos=0 ctrl=0
F 1655 dma=150 pix=164481 snd=0 prot=0 cmos=0 ctrl=0
F 1656 dma=150 pix=164481 snd=0 prot=0 cmos=0 ctrl=0
F 1657 dma=150 pix=164481 snd=0 prot=0 cmos=0 ctrl=0
F 1658 dma=150 pix=164481 snd=0 prot=0 cmos=0 ctrl=0
F 1659 dma=150 pix=164481 snd=0 prot=0 cmos=0 ctrl=0
F 1660 dma=150 pix=164481 snd=0 prot=0 cmos=0 ctrl=0
F 1661 dma=150 pix=164481 snd=0 prot=0 cmos=0 ctrl=0
F 1662 dma=150 pix=164481 snd=0 prot=0 cmos=0 ctrl=0
F 1663 dma=150 pix=164481 snd=0 prot=0 cmos=0 ctrl=0
F 1664 dma=150 pix=164481 snd=0 prot=0 cmos=0 ctrl=0
F 1665 dma=150 pix=164481 snd=0 prot=0 cmos=0 ctrl=0
F 1666 dma=150 pix=164481 snd=0 prot=0 cmos=0 ctrl=0
F 1667 dma=150 pix=164481 snd=0 prot=0 cmos=0 ctrl=0
F 1668 dma=150 pix=164481 snd=0 prot=0 cmos=0 ctrl=0
F 1669 dma=150 pix=164481 snd=0 prot=0 cmos=0 ctrl=0
F 1670 dma=150 pix=164481 snd=0 prot=0 cmos=0 ctrl=0
F 1671 dma=150 pix=164481 snd=0 prot=0 cmos=0 ctrl=0
F 1672 dma=150 pix=164481 snd=0 prot=0 cmos=0 ctrl=0
F 1673 dma=150 pix=164481 snd=0 prot=0 cmos=0 ctrl=0
F 1674 dma=150 pix=164481 snd=0 prot=0 cmos=0 ctrl=0
F 1675 dma=150 pix=164481 snd=0 prot=0 cmos=0 ctrl=0
F 1676 dma=150 pix=164481 snd=0 prot=0 cmos=0 ctrl=0
F 1677 dma=150 pix=164481 snd=0 prot=0 cmos=0 ctrl=0
F 1678 dma=150 pix=164481 snd=0 prot=0 cmos=0 ctrl=0
F 1679 dma=150 pix=164481 snd=0 prot=0 cmos=0 ctrl=0
F 1680 dma=150 pix=164481 snd=0 prot=0 cmos=0 ctrl=0
F 1681 dma=150 pix=164481 snd=0 prot=0 cmos=0 ctrl=0
F 1682 dma=150 pix=164481 snd=0 prot=0 cmos=0 ctrl=0
F 1683 dma=150 pix=164481 snd=0 prot=0 cmos=0 ctrl=0
F 1684 dma=150 pix=164481 snd=0 prot=0 cmos=0 ctrl=0
F 1685 dma=150 pix=164481 snd=0 prot=0 cmos=0 ctrl=0
F 1686 dma=150 pix=164481 snd=0 prot=0 cmos=0 ctrl=0
F 1687 dma=150 pix=164481 snd=0 prot=0 cmos=0 ctrl=0
F 1688 dma=150 pix=164481 snd=0 prot=0 cmos=0 ctrl=0
F 1689 dma=150 pix=164481 snd=0 prot=0 cmos=0 ctrl=0
F 1690 dma=150 pix=164481 snd=0 prot=0 cmos=0 ctrl=0
F 1691 dma=150 pix=164481 snd=0 prot=0 cmos=0 ctrl=0
F 1692 dma=150 pix=164481 snd=0 prot=0 cmos=0 ctrl=0
F 1693 dma=150 pix=164481 snd=0 prot=0 cmos=0 ctrl=0
F 1694 dma=150 pix=164481 snd=0 prot=0 cmos=0 ctrl=0
F 1695 dma=150 pix=164481 snd=0 prot=0 cmos=0 ctrl=0
F 1696 dma=150 pix=164481 snd=0 prot=0 cmos=0 ctrl=0
F 1697 dma=150 pix=164481 snd=0 prot=0 cmos=0 ctrl=0
F 1698 dma=150 pix=164481 snd=0 prot=0 cmos=0 ctrl=0
F 1699 dma=150 pix=164481 snd=0 prot=0 cmos=0 ctrl=0
F 1700 dma=150 pix=164481 snd=0 prot=0 cmos=0 ctrl=0
F 1701 dma=150 pix=164481 snd=0 prot=0 cmos=0 ctrl=0
F 1702 dma=150 pix=164481 snd=0 prot=0 cmos=0 ctrl=0
F 1703 dma=150 pix=164481 snd=0 prot=0 cmos=0 ctrl=0
F 1704 dma=150 pix=164481 snd=0 prot=0 cmos=0 ctrl=0
F 1705 dma=150 pix=164481 snd=0 prot=0 cmos=0 ctrl=0
F 1706 dma=150 pix=164481 snd=0 prot=0 cmos=0 ctrl=0
F 1707 dma=150 pix=164481 snd=0 prot=0 cmos=0 ctrl=0
F 1708 dma=150 pix=164481 snd=0 prot=0 cmos=0 ctrl=0
F 1709 dma=150 pix=164481 snd=0 prot=0 cmos=0 ctrl=0
F 1710 dma=150 pix=164481 snd=0 prot=0 cmos=0 ctrl=0
F 1711 dma=150 pix=164481 snd=0 prot=0 cmos=0 ctrl=0
F 1712 dma=150 pix=164481 snd=0 prot=0 cmos=0 ctrl=0
F 1713 dma=150 pix=164481 snd=0 prot=0 cmos=0 ctrl=0
F 1714 dma=150 pix=164481 snd=0 prot=0 cmos=0 ctrl=0
F 1715 dma=150 pix=164481 snd=0 prot=0 cmos=0 ctrl=0
F 1716 dma=150 pix=164481 snd=0 prot=0 cmos=0 ctrl=0
F 1717 dma=150 pix=164481 snd=0 prot=0 cmos=0 ctrl=0
F 1718 dma=150 pix=164481 snd=0 prot=0 cmos=0 ctrl=0
F 1719 dma=150 pix=164481 snd=0 prot=0 cmos=0 ctrl=0
F 1720 dma=150 pix=164481 snd=0 prot=0 cmos=0 ctrl=0
F 1721 dma=150 pix=164481 snd=0 prot=0 cmos=0 ctrl=0
F 1722 dma=150 pix=164481 snd=0 prot=0 cmos=0 ctrl=0
F 1723 dma=150 pix=164481 snd=0 prot=0 cmos=0 ctrl=0
F 1724 dma=150 pix=164481 snd=0 prot=0 cmos=0 ctrl=0
F 1725 dma=150 pix=164481 snd=0 prot=0 cmos=0 ctrl=0
F 1726 dma=150 pix=164481 snd=0 prot=0 cmos=0 ctrl=0
F 1727 dma=150 pix=164481 snd=0 prot=0 cmos=0 ctrl=0
F 1728 dma=150 pix=164481 snd=0 prot=0 cmos=0 ctrl=0
F 1729 dma=150 pix=164481 snd=0 prot=0 cmos=0 ctrl=0
F 1730 dma=150 pix=164481 snd=0 prot=0 cmos=0 ctrl=0
F 1731 dma=150 pix=164481 snd=0 prot=0 cmos=0 ctrl=0
F 1732 dma=150 pix=164481 snd=0 prot=0 cmos=0 ctrl=0
F 1733 dma=150 pix=164481 snd=0 prot=0 cmos=0 ctrl=0
F 1734 dma=150 pix=164481 snd=0 prot=0 cmos=0 ctrl=0
F 1735 dma=150 pix=164481 snd=0 prot=0 cmos=0 ctrl=0
F 1736 dma=150 pix=164481 snd=0 prot=0 cmos=0 ctrl=0
F 1737 dma=150 pix=164481 snd=0 prot=0 cmos=0 ctrl=0
F 1738 dma=150 pix=164481 snd=0 prot=0 cmos=0 ctrl=0
F 1739 dma=150 pix=164481 snd=0 prot=0 cmos=0 ctrl=0
F 1740 dma=150 pix=164481 snd=0 prot=0 cmos=0 ctrl=0
F 1741 dma=150 pix=164481 snd=0 prot=0 cmos=0 ctrl=0
F 1742 dma=150 pix=164481 snd=0 prot=0 cmos=0 ctrl=0
F 1743 dma=150 pix=164481 snd=0 prot=0 cmos=0 ctrl=0
F 1744 dma=150 pix=164481 snd=0 prot=0 cmos=0 ctrl=0
F 1745 dma=150 pix=164481 snd=0 prot=0 cmos=0 ctrl=0
F 1746 dma=150 pix=164481 snd=0 prot=0 cmos=0 ctrl=0
F 1747 dma=150 pix=164481 snd=0 prot=0 cmos=0 ctrl=0
F 1748 dma=150 pix=164481 snd=0 prot=0 cmos=0 ctrl=0
F 1749 dma=150 pix=164481 snd=0 prot=0 cmos=0 ctrl=0
F 1750 dma=150 pix=164481 snd=0 prot=0 cmos=0 ctrl=0
IO 1750 0015 0032 00fa 00fc 0003 0014 0112 0120 f010 effc 0112 002c 0000 0000 0000 0000 0000 0404 0402 0000 0000 0008 0000 0000 0000 0000 0000 001c 0032 0111 e01c aadc
F 1751 dma=150 pix=164481 snd=0 prot=0 cmos=0 ctrl=0
F 1752 dma=150 pix=164481 snd=0 prot=0 cmos=0 ctrl=0
F 1753 dma=150 pix=164481 snd=0 prot=0 cmos=0 ctrl=0
F 1754 dma=150 pix=164481 snd=0 prot=0 cmos=0 ctrl=0
F 1755 dma=150 pix=164481 snd=0 prot=0 cmos=0 ctrl=0
F 1756 dma=150 pix=164481 snd=0 prot=0 cmos=0 ctrl=0
F 1757 dma=150 pix=164481 snd=0 prot=0 cmos=0 ctrl=0
F 1758 dma=150 pix=164481 snd=0 prot=0 cmos=0 ctrl=0
F 1759 dma=150 pix=164481 snd=0 prot=0 cmos=0 ctrl=0
F 1760 dma=150 pix=164481 snd=0 prot=0 cmos=0 ctrl=0
F 1761 dma=150 pix=164481 snd=0 prot=0 cmos=0 ctrl=0
F 1762 dma=150 pix=164481 snd=0 prot=0 cmos=0 ctrl=0
F 1763 dma=150 pix=164481 snd=0 prot=0 cmos=0 ctrl=0
F 1764 dma=150 pix=164481 snd=0 prot=0 cmos=0 ctrl=0
F 1765 dma=150 pix=164481 snd=0 prot=0 cmos=0 ctrl=0
F 1766 dma=150 pix=164481 snd=0 prot=0 cmos=0 ctrl=0
F 1767 dma=150 pix=164481 snd=0 prot=0 cmos=0 ctrl=0
F 1768 dma=150 pix=164481 snd=0 prot=0 cmos=0 ctrl=0
F 1769 dma=150 pix=164481 snd=0 prot=0 cmos=0 ctrl=0
F 1770 dma=150 pix=164481 snd=0 prot=0 cmos=0 ctrl=0
F 1771 dma=150 pix=164481 snd=0 prot=0 cmos=0 ctrl=0
F 1772 dma=150 pix=164481 snd=0 prot=0 cmos=0 ctrl=0
F 1773 dma=150 pix=164481 snd=0 prot=0 cmos=0 ctrl=0
F 1774 dma=150 pix=164481 snd=0 prot=0 cmos=0 ctrl=0
F 1775 dma=150 pix=164481 snd=0 prot=0 cmos=0 ctrl=0
F 1776 dma=150 pix=164481 snd=0 prot=0 cmos=0 ctrl=0
F 1777 dma=150 pix=164481 snd=0 prot=0 cmos=0 ctrl=0
F 1778 dma=150 pix=164481 snd=0 prot=0 cmos=6 ctrl=0
F 1779 dma=150 pix=164481 snd=0 prot=0 cmos=0 ctrl=0
F 1780 dma=150 pix=164481 snd=0 prot=0 cmos=0 ctrl=0
F 1781 dma=150 pix=164481 snd=0 prot=0 cmos=0 ctrl=0
F 1782 dma=150 pix=164481 snd=0 prot=0 cmos=0 ctrl=0
F 1783 dma=150 pix=164481 snd=0 prot=0 cmos=0 ctrl=0
F 1784 dma=150 pix=164481 snd=0 prot=0 cmos=0 ctrl=0
F 1785 dma=150 pix=164481 snd=0 prot=0 cmos=0 ctrl=0
F 1786 dma=150 pix=164481 snd=0 prot=0 cmos=0 ctrl=0
F 1787 dma=150 pix=164481 snd=0 prot=0 cmos=0 ctrl=0
F 1788 dma=150 pix=164481 snd=0 prot=0 cmos=0 ctrl=0
F 1789 dma=150 pix=164481 snd=0 prot=0 cmos=0 ctrl=0
F 1790 dma=150 pix=164481 snd=0 prot=0 cmos=0 ctrl=0
F 1791 dma=150 pix=164481 snd=0 prot=0 cmos=0 ctrl=0
F 1792 dma=150 pix=164481 snd=0 prot=0 cmos=0 ctrl=0
F 1793 dma=150 pix=164481 snd=0 prot=0 cmos=0 ctrl=0
F 1794 dma=150 pix=164481 snd=0 prot=0 cmos=0 ctrl=0
F 1795 dma=150 pix=164481 snd=0 prot=0 cmos=0 ctrl=0
F 1796 dma=150 pix=164481 snd=0 prot=0 cmos=0 ctrl=0
F 1797 dma=150 pix=164481 snd=0 prot=0 cmos=0 ctrl=0
F 1798 dma=150 pix=164481 snd=0 prot=0 cmos=0 ctrl=0
F 1799 dma=150 pix=164481 snd=0 prot=0 cmos=0 ctrl=0
F 1800 dma=150 pix=164481 snd=0 prot=0 cmos=0 ctrl=0
F 1801 dma=150 pix=164481 snd=0 prot=0 cmos=0 ctrl=0
F 1802 dma=150 pix=164481 snd=0 prot=0 cmos=0 ctrl=0
F 1803 dma=150 pix=164481 snd=0 prot=0 cmos=0 ctrl=0
F 1804 dma=150 pix=164481 snd=0 prot=0 cmos=0 ctrl=0
F 1805 dma=150 pix=164481 snd=0 prot=0 cmos=0 ctrl=0
F 1806 dma=150 pix=164481 snd=0 prot=0 cmos=0 ctrl=0
F 1807 dma=150 pix=164481 snd=0 prot=0 cmos=0 ctrl=0
F 1808 dma=150 pix=164481 snd=0 prot=0 cmos=0 ctrl=0
F 1809 dma=150 pix=164481 snd=0 prot=0 cmos=0 ctrl=0
F 1810 dma=150 pix=164481 snd=0 prot=0 cmos=0 ctrl=0
F 1811 dma=150 pix=164481 snd=0 prot=0 cmos=0 ctrl=0
F 1812 dma=150 pix=164481 snd=0 prot=0 cmos=0 ctrl=0
F 1813 dma=150 pix=164481 snd=0 prot=0 cmos=0 ctrl=0
F 1814 dma=150 pix=164481 snd=0 prot=0 cmos=0 ctrl=0
F 1815 dma=150 pix=164481 snd=0 prot=0 cmos=0 ctrl=0
F 1816 dma=150 pix=164481 snd=0 prot=0 cmos=0 ctrl=0
F 1817 dma=150 pix=164481 snd=0 prot=0 cmos=0 ctrl=0
F 1818 dma=150 pix=164481 snd=0 prot=0 cmos=0 ctrl=0
F 1819 dma=150 pix=164481 snd=0 prot=0 cmos=0 ctrl=0
F 1820 dma=150 pix=164481 snd=0 prot=0 cmos=0 ctrl=0
F 1821 dma=150 pix=164481 snd=0 prot=0 cmos=0 ctrl=0
F 1822 dma=150 pix=164481 snd=0 prot=0 cmos=0 ctrl=0
F 1823 dma=150 pix=164481 snd=0 prot=0 cmos=0 ctrl=0
F 1824 dma=150 pix=164481 snd=0 prot=0 cmos=0 ctrl=0
F 1825 dma=150 pix=164481 snd=0 prot=0 cmos=0 ctrl=0
F 1826 dma=150 pix=164481 snd=0 prot=0 cmos=0 ctrl=0
F 1827 dma=150 pix=164481 snd=0 prot=0 cmos=0 ctrl=0
F 1828 dma=150 pix=164481 snd=0 prot=0 cmos=0 ctrl=0
F 1829 dma=150 pix=164481 snd=0 prot=0 cmos=0 ctrl=0
F 1830 dma=150 pix=164481 snd=0 prot=0 cmos=0 ctrl=0
F 1831 dma=150 pix=164481 snd=0 prot=0 cmos=0 ctrl=0
F 1832 dma=150 pix=164481 snd=0 prot=0 cmos=0 ctrl=0
F 1833 dma=150 pix=164481 snd=0 prot=0 cmos=0 ctrl=0
F 1834 dma=150 pix=164481 snd=0 prot=0 cmos=0 ctrl=0
F 1835 dma=150 pix=164481 snd=0 prot=0 cmos=0 ctrl=0
F 1836 dma=150 pix=164481 snd=0 prot=0 cmos=0 ctrl=0
F 1837 dma=150 pix=164481 snd=0 prot=0 cmos=0 ctrl=0
F 1838 dma=150 pix=164481 snd=0 prot=0 cmos=0 ctrl=0
F 1839 dma=150 pix=164481 snd=0 prot=0 cmos=0 ctrl=0
F 1840 dma=150 pix=164481 snd=0 prot=0 cmos=0 ctrl=0
F 1841 dma=150 pix=164481 snd=0 prot=0 cmos=0 ctrl=0
F 1842 dma=150 pix=164481 snd=0 prot=0 cmos=0 ctrl=0
F 1843 dma=150 pix=164481 snd=0 prot=0 cmos=0 ctrl=0
F 1844 dma=150 pix=164481 snd=0 prot=0 cmos=0 ctrl=0
F 1845 dma=150 pix=164481 snd=0 prot=0 cmos=0 ctrl=0
F 1846 dma=150 pix=164481 snd=0 prot=0 cmos=0 ctrl=0
F 1847 dma=150 pix=164481 snd=0 prot=0 cmos=0 ctrl=0
F 1848 dma=150 pix=164481 snd=0 prot=0 cmos=0 ctrl=0
F 1849 dma=150 pix=164481 snd=0 prot=0 cmos=0 ctrl=0
F 1850 dma=150 pix=164481 snd=0 prot=0 cmos=0 ctrl=0
F 1851 dma=150 pix=164481 snd=0 prot=0 cmos=0 ctrl=0
F 1852 dma=150 pix=164481 snd=0 prot=0 cmos=0 ctrl=0
F 1853 dma=150 pix=164481 snd=0 prot=0 cmos=0 ctrl=0
F 1854 dma=150 pix=164481 snd=0 prot=0 cmos=0 ctrl=0
F 1855 dma=150 pix=164481 snd=0 prot=0 cmos=0 ctrl=0
F 1856 dma=150 pix=164481 snd=0 prot=0 cmos=0 ctrl=0
F 1857 dma=150 pix=164481 snd=0 prot=0 cmos=0 ctrl=0
F 1858 dma=150 pix=164481 snd=0 prot=0 cmos=0 ctrl=0
F 1859 dma=150 pix=164481 snd=0 prot=0 cmos=0 ctrl=0
F 1860 dma=150 pix=164481 snd=0 prot=0 cmos=0 ctrl=0
F 1861 dma=150 pix=164481 snd=0 prot=0 cmos=0 ctrl=0
F 1862 dma=150 pix=164481 snd=0 prot=0 cmos=0 ctrl=0
F 1863 dma=150 pix=164481 snd=0 prot=0 cmos=0 ctrl=0
F 1864 dma=150 pix=164481 snd=0 prot=0 cmos=0 ctrl=0
F 1865 dma=150 pix=164481 snd=0 prot=0 cmos=0 ctrl=0
F 1866 dma=150 pix=164481 snd=0 prot=0 cmos=0 ctrl=0
F 1867 dma=150 pix=164481 snd=0 prot=0 cmos=0 ctrl=0
F 1868 dma=150 pix=164481 snd=0 prot=0 cmos=0 ctrl=0
F 1869 dma=150 pix=164481 snd=0 prot=0 cmos=0 ctrl=0
F 1870 dma=150 pix=164481 snd=0 prot=0 cmos=0 ctrl=0
F 1871 dma=150 pix=164481 snd=0 prot=0 cmos=0 ctrl=0
F 1872 dma=150 pix=164481 snd=0 prot=0 cmos=0 ctrl=0
F 1873 dma=150 pix=164481 snd=0 prot=0 cmos=0 ctrl=0
F 1874 dma=150 pix=164481 snd=0 prot=0 cmos=0 ctrl=0
F 1875 dma=150 pix=164481 snd=0 prot=0 cmos=0 ctrl=0
F 1876 dma=150 pix=164481 snd=0 prot=0 cmos=0 ctrl=0
F 1877 dma=150 pix=164481 snd=0 prot=0 cmos=0 ctrl=0
F 1878 dma=150 pix=164481 snd=0 prot=0 cmos=0 ctrl=0
F 1879 dma=150 pix=164481 snd=0 prot=0 cmos=0 ctrl=0
F 1880 dma=150 pix=164481 snd=0 prot=0 cmos=0 ctrl=0
F 1881 dma=150 pix=164481 snd=0 prot=0 cmos=0 ctrl=0
F 1882 dma=150 pix=164481 snd=0 prot=0 cmos=0 ctrl=0
F 1883 dma=150 pix=164481 snd=0 prot=0 cmos=0 ctrl=0
F 1884 dma=150 pix=164481 snd=0 prot=0 cmos=0 ctrl=0
F 1885 dma=150 pix=164481 snd=0 prot=0 cmos=0 ctrl=0
F 1886 dma=150 pix=164481 snd=0 prot=0 cmos=0 ctrl=0
F 1887 dma=150 pix=164481 snd=0 prot=0 cmos=0 ctrl=0
F 1888 dma=150 pix=164481 snd=0 prot=0 cmos=0 ctrl=0
F 1889 dma=150 pix=164481 snd=0 prot=0 cmos=0 ctrl=0
F 1890 dma=150 pix=164481 snd=0 prot=0 cmos=0 ctrl=0
F 1891 dma=150 pix=164481 snd=0 prot=0 cmos=0 ctrl=0
F 1892 dma=150 pix=164481 snd=0 prot=0 cmos=0 ctrl=0
F 1893 dma=150 pix=164481 snd=0 prot=0 cmos=0 ctrl=0
F 1894 dma=150 pix=164481 snd=0 prot=0 cmos=0 ctrl=0
F 1895 dma=150 pix=164481 snd=0 prot=0 cmos=0 ctrl=0
F 1896 dma=150 pix=164481 snd=0 prot=0 cmos=0 ctrl=0
F 1897 dma=150 pix=164481 snd=0 prot=0 cmos=0 ctrl=0
F 1898 dma=150 pix=164481 snd=0 prot=0 cmos=0 ctrl=0
F 1899 dma=150 pix=164481 snd=0 prot=0 cmos=0 ctrl=0
F 1900 dma=150 pix=164481 snd=0 prot=0 cmos=0 ctrl=0
F 1901 dma=150 pix=164481 snd=0 prot=0 cmos=0 ctrl=0
F 1902 dma=150 pix=164481 snd=0 prot=0 cmos=0 ctrl=0
F 1903 dma=150 pix=164481 snd=0 prot=0 cmos=0 ctrl=0
F 1904 dma=150 pix=164481 snd=0 prot=0 cmos=0 ctrl=0
F 1905 dma=150 pix=164481 snd=0 prot=0 cmos=0 ctrl=0
F 1906 dma=150 pix=164481 snd=0 prot=0 cmos=0 ctrl=0
F 1907 dma=150 pix=164481 snd=0 prot=0 cmos=0 ctrl=0
F 1908 dma=150 pix=164481 snd=0 prot=0 cmos=0 ctrl=0
F 1909 dma=150 pix=164481 snd=0 prot=0 cmos=0 ctrl=0
F 1910 dma=150 pix=164481 snd=0 prot=0 cmos=0 ctrl=0
F 1911 dma=150 pix=164481 snd=0 prot=0 cmos=0 ctrl=0
F 1912 dma=150 pix=164481 snd=0 prot=0 cmos=0 ctrl=0
F 1913 dma=150 pix=164481 snd=0 prot=0 cmos=0 ctrl=0
F 1914 dma=150 pix=164481 snd=0 prot=0 cmos=0 ctrl=0
F 1915 dma=150 pix=164481 snd=0 prot=0 cmos=0 ctrl=0
F 1916 dma=150 pix=164481 snd=0 prot=0 cmos=0 ctrl=0
F 1917 dma=150 pix=164481 snd=0 prot=0 cmos=0 ctrl=0
F 1918 dma=150 pix=164481 snd=0 prot=0 cmos=0 ctrl=0
F 1919 dma=150 pix=164481 snd=0 prot=0 cmos=0 ctrl=0
F 1920 dma=150 pix=164481 snd=0 prot=0 cmos=0 ctrl=0
F 1921 dma=150 pix=164481 snd=0 prot=0 cmos=0 ctrl=0
F 1922 dma=150 pix=164481 snd=0 prot=0 cmos=0 ctrl=0
F 1923 dma=150 pix=164481 snd=0 prot=0 cmos=0 ctrl=0
F 1924 dma=150 pix=164481 snd=0 prot=0 cmos=0 ctrl=0
F 1925 dma=150 pix=164481 snd=0 prot=0 cmos=0 ctrl=0
F 1926 dma=150 pix=164481 snd=0 prot=0 cmos=0 ctrl=0
F 1927 dma=150 pix=164481 snd=0 prot=0 cmos=0 ctrl=0
F 1928 dma=150 pix=164481 snd=0 prot=0 cmos=0 ctrl=0
F 1929 dma=150 pix=164481 snd=0 prot=0 cmos=0 ctrl=0
F 1930 dma=150 pix=164481 snd=0 prot=0 cmos=0 ctrl=0
F 1931 dma=150 pix=164481 snd=0 prot=0 cmos=0 ctrl=0
F 1932 dma=150 pix=164481 snd=0 prot=0 cmos=0 ctrl=0
F 1933 dma=150 pix=164481 snd=0 prot=0 cmos=0 ctrl=0
F 1934 dma=150 pix=164481 snd=0 prot=0 cmos=0 ctrl=0
F 1935 dma=150 pix=164481 snd=0 prot=0 cmos=0 ctrl=0
F 1936 dma=150 pix=164481 snd=0 prot=0 cmos=0 ctrl=0
F 1937 dma=150 pix=164481 snd=0 prot=0 cmos=0 ctrl=0
F 1938 dma=150 pix=164481 snd=0 prot=0 cmos=0 ctrl=0
F 1939 dma=150 pix=164481 snd=0 prot=0 cmos=0 ctrl=0
F 1940 dma=150 pix=164481 snd=0 prot=0 cmos=0 ctrl=0
F 1941 dma=150 pix=164481 snd=0 prot=0 cmos=0 ctrl=0
F 1942 dma=150 pix=164481 snd=0 prot=0 cmos=0 ctrl=0
F 1943 dma=150 pix=164481 snd=0 prot=0 cmos=0 ctrl=0
F 1944 dma=150 pix=164481 snd=0 prot=0 cmos=0 ctrl=0
F 1945 dma=150 pix=164481 snd=0 prot=0 cmos=0 ctrl=0
F 1946 dma=150 pix=164481 snd=0 prot=0 cmos=0 ctrl=0
F 1947 dma=150 pix=164481 snd=0 prot=0 cmos=0 ctrl=0
F 1948 dma=150 pix=164481 snd=0 prot=0 cmos=0 ctrl=0
F 1949 dma=150 pix=164481 snd=0 prot=0 cmos=0 ctrl=0
F 1950 dma=150 pix=164481 snd=0 prot=0 cmos=0 ctrl=0
F 1951 dma=150 pix=164481 snd=0 prot=0 cmos=0 ctrl=0
F 1952 dma=150 pix=164481 snd=0 prot=0 cmos=0 ctrl=0
F 1953 dma=150 pix=164481 snd=0 prot=0 cmos=0 ctrl=0
F 1954 dma=150 pix=164481 snd=0 prot=0 cmos=0 ctrl=0
F 1955 dma=150 pix=164481 snd=0 prot=0 cmos=0 ctrl=0
F 1956 dma=150 pix=164481 snd=0 prot=0 cmos=0 ctrl=0
F 1957 dma=150 pix=164481 snd=0 prot=0 cmos=0 ctrl=0
F 1958 dma=150 pix=164481 snd=0 prot=0 cmos=0 ctrl=0
F 1959 dma=150 pix=164481 snd=0 prot=0 cmos=0 ctrl=0
F 1960 dma=150 pix=164481 snd=0 prot=0 cmos=0 ctrl=0
F 1961 dma=150 pix=164481 snd=0 prot=0 cmos=0 ctrl=0
F 1962 dma=150 pix=164481 snd=0 prot=0 cmos=0 ctrl=0
F 1963 dma=150 pix=164481 snd=0 prot=0 cmos=0 ctrl=0
F 1964 dma=150 pix=164481 snd=0 prot=0 cmos=0 ctrl=0
F 1965 dma=150 pix=164481 snd=0 prot=0 cmos=0 ctrl=0
F 1966 dma=150 pix=164481 snd=0 prot=0 cmos=0 ctrl=0
F 1967 dma=150 pix=164481 snd=0 prot=0 cmos=0 ctrl=0
F 1968 dma=150 pix=164481 snd=0 prot=0 cmos=0 ctrl=0
F 1969 dma=150 pix=164481 snd=0 prot=0 cmos=0 ctrl=0
F 1970 dma=150 pix=164481 snd=0 prot=0 cmos=0 ctrl=0
F 1971 dma=150 pix=164481 snd=0 prot=0 cmos=0 ctrl=0
F 1972 dma=150 pix=164481 snd=0 prot=0 cmos=0 ctrl=0
F 1973 dma=150 pix=164481 snd=0 prot=0 cmos=0 ctrl=0
F 1974 dma=150 pix=164481 snd=0 prot=0 cmos=0 ctrl=0
F 1975 dma=150 pix=164481 snd=0 prot=0 cmos=0 ctrl=0
F 1976 dma=150 pix=164481 snd=0 prot=0 cmos=0 ctrl=0
F 1977 dma=150 pix=164481 snd=0 prot=0 cmos=0 ctrl=0
F 1978 dma=150 pix=164481 snd=0 prot=0 cmos=0 ctrl=0
F 1979 dma=150 pix=164481 snd=0 prot=0 cmos=0 ctrl=0
F 1980 dma=150 pix=164481 snd=0 prot=0 cmos=0 ctrl=0
F 1981 dma=150 pix=164481 snd=0 prot=0 cmos=0 ctrl=0
F 1982 dma=150 pix=164481 snd=0 prot=0 cmos=0 ctrl=0
F 1983 dma=150 pix=164481 snd=0 prot=0 cmos=0 ctrl=0
F 1984 dma=150 pix=164481 snd=0 prot=0 cmos=0 ctrl=0
F 1985 dma=150 pix=164481 snd=0 prot=0 cmos=0 ctrl=0
F 1986 dma=150 pix=164481 snd=0 prot=0 cmos=0 ctrl=0
F 1987 dma=150 pix=164481 snd=0 prot=0 cmos=0 ctrl=0
F 1988 dma=150 pix=164481 snd=0 prot=0 cmos=0 ctrl=0
F 1989 dma=150 pix=164481 snd=0 prot=0 cmos=0 ctrl=0
F 1990 dma=150 pix=164481 snd=0 prot=0 cmos=0 ctrl=0
F 1991 dma=150 pix=164481 snd=0 prot=0 cmos=0 ctrl=0
F 1992 dma=150 pix=164481 snd=0 prot=0 cmos=0 ctrl=0
F 1993 dma=150 pix=164481 snd=0 prot=0 cmos=0 ctrl=0
F 1994 dma=150 pix=164481 snd=0 prot=0 cmos=0 ctrl=0
F 1995 dma=150 pix=164481 snd=0 prot=0 cmos=0 ctrl=0
F 1996 dma=150 pix=164481 snd=0 prot=0 cmos=0 ctrl=0
F 1997 dma=150 pix=164481 snd=0 prot=0 cmos=0 ctrl=0
F 1998 dma=150 pix=164481 snd=0 prot=0 cmos=0 ctrl=0
F 1999 dma=150 pix=164481 snd=0 prot=0 cmos=0 ctrl=0
F 2000 dma=150 pix=164481 snd=0 prot=0 cmos=0 ctrl=0
IO 2000 0015 0032 00fa 00fc 0003 0014 0112 0120 f010 effc 0112 002c 0000 0000 0000 0000 0000 0404 0402 0000 0000 0008 0000 0000 0000 0000 0000 001c 0032 0111 e01c e7d8
F 2001 dma=150 pix=164481 snd=0 prot=0 cmos=0 ctrl=0
F 2002 dma=150 pix=164481 snd=0 prot=0 cmos=0 ctrl=0
F 2003 dma=150 pix=164481 snd=0 prot=0 cmos=0 ctrl=0
F 2004 dma=150 pix=164481 snd=0 prot=0 cmos=0 ctrl=0
F 2005 dma=150 pix=164481 snd=0 prot=0 cmos=0 ctrl=0
F 2006 dma=150 pix=164481 snd=0 prot=0 cmos=0 ctrl=0
F 2007 dma=150 pix=164481 snd=0 prot=0 cmos=0 ctrl=0
F 2008 dma=150 pix=164481 snd=0 prot=0 cmos=0 ctrl=0
F 2009 dma=150 pix=164481 snd=0 prot=0 cmos=0 ctrl=0
F 2010 dma=150 pix=164481 snd=0 prot=0 cmos=0 ctrl=0
F 2011 dma=150 pix=164481 snd=0 prot=0 cmos=0 ctrl=0
F 2012 dma=150 pix=164481 snd=0 prot=0 cmos=0 ctrl=0
F 2013 dma=150 pix=164481 snd=0 prot=0 cmos=0 ctrl=0
F 2014 dma=150 pix=164481 snd=0 prot=0 cmos=0 ctrl=0
F 2015 dma=150 pix=164481 snd=0 prot=0 cmos=0 ctrl=0
F 2016 dma=150 pix=164481 snd=0 prot=0 cmos=0 ctrl=0
F 2017 dma=150 pix=164481 snd=0 prot=0 cmos=0 ctrl=0
F 2018 dma=150 pix=164481 snd=0 prot=0 cmos=0 ctrl=0
F 2019 dma=150 pix=164481 snd=0 prot=0 cmos=0 ctrl=0
F 2020 dma=150 pix=164481 snd=0 prot=0 cmos=0 ctrl=0
F 2021 dma=150 pix=164481 snd=0 prot=0 cmos=0 ctrl=0
F 2022 dma=150 pix=164481 snd=0 prot=0 cmos=0 ctrl=0
F 2023 dma=150 pix=164481 snd=0 prot=0 cmos=0 ctrl=0
F 2024 dma=150 pix=164481 snd=0 prot=0 cmos=0 ctrl=0
F 2025 dma=150 pix=164481 snd=0 prot=0 cmos=0 ctrl=0
F 2026 dma=150 pix=164481 snd=0 prot=0 cmos=0 ctrl=0
F 2027 dma=150 pix=164481 snd=0 prot=0 cmos=0 ctrl=0
F 2028 dma=150 pix=164481 snd=0 prot=0 cmos=0 ctrl=0
F 2029 dma=150 pix=164481 snd=0 prot=0 cmos=0 ctrl=0
F 2030 dma=150 pix=164481 snd=0 prot=0 cmos=0 ctrl=0
F 2031 dma=150 pix=164481 snd=0 prot=0 cmos=0 ctrl=0
F 2032 dma=150 pix=164481 snd=0 prot=0 cmos=0 ctrl=0
F 2033 dma=150 pix=164481 snd=0 prot=0 cmos=0 ctrl=0
F 2034 dma=150 pix=164481 snd=0 prot=0 cmos=0 ctrl=0
F 2035 dma=150 pix=164481 snd=0 prot=0 cmos=0 ctrl=0
F 2036 dma=150 pix=164481 snd=0 prot=0 cmos=0 ctrl=0
F 2037 dma=150 pix=164481 snd=0 prot=0 cmos=0 ctrl=0
F 2038 dma=150 pix=164481 snd=0 prot=0 cmos=0 ctrl=0
F 2039 dma=150 pix=164481 snd=0 prot=0 cmos=0 ctrl=0
F 2040 dma=150 pix=164481 snd=0 prot=0 cmos=0 ctrl=0
F 2041 dma=150 pix=164481 snd=0 prot=0 cmos=0 ctrl=0
F 2042 dma=150 pix=164481 snd=0 prot=0 cmos=0 ctrl=0
F 2043 dma=150 pix=164481 snd=0 prot=0 cmos=6 ctrl=0
F 2044 dma=150 pix=164481 snd=0 prot=0 cmos=0 ctrl=0
F 2045 dma=150 pix=164481 snd=0 prot=0 cmos=0 ctrl=0
F 2046 dma=150 pix=164481 snd=0 prot=0 cmos=0 ctrl=0
F 2047 dma=150 pix=164481 snd=0 prot=0 cmos=0 ctrl=0
F 2048 dma=150 pix=164481 snd=0 prot=0 cmos=0 ctrl=0
F 2049 dma=150 pix=164481 snd=0 prot=0 cmos=0 ctrl=0
F 2050 dma=150 pix=164481 snd=0 prot=0 cmos=0 ctrl=0
F 2051 dma=150 pix=164481 snd=0 prot=0 cmos=0 ctrl=0
F 2052 dma=150 pix=164481 snd=0 prot=0 cmos=0 ctrl=0
F 2053 dma=150 pix=164481 snd=0 prot=0 cmos=0 ctrl=0
F 2054 dma=150 pix=164481 snd=0 prot=0 cmos=0 ctrl=0
F 2055 dma=150 pix=164481 snd=0 prot=0 cmos=0 ctrl=0
F 2056 dma=150 pix=164481 snd=0 prot=0 cmos=0 ctrl=0
F 2057 dma=150 pix=164481 snd=0 prot=0 cmos=0 ctrl=0
F 2058 dma=150 pix=164481 snd=0 prot=0 cmos=0 ctrl=0
F 2059 dma=150 pix=164481 snd=0 prot=0 cmos=0 ctrl=0
F 2060 dma=150 pix=164481 snd=0 prot=0 cmos=0 ctrl=0
F 2061 dma=150 pix=164481 snd=0 prot=0 cmos=0 ctrl=0
F 2062 dma=150 pix=164481 snd=0 prot=0 cmos=0 ctrl=0
F 2063 dma=150 pix=164481 snd=0 prot=0 cmos=0 ctrl=0
F 2064 dma=150 pix=164481 snd=0 prot=0 cmos=0 ctrl=0
F 2065 dma=150 pix=164481 snd=0 prot=0 cmos=0 ctrl=0
F 2066 dma=150 pix=164481 snd=0 prot=0 cmos=0 ctrl=0
F 2067 dma=150 pix=164481 snd=0 prot=0 cmos=0 ctrl=0
F 2068 dma=150 pix=164481 snd=0 prot=0 cmos=0 ctrl=0
F 2069 dma=150 pix=164481 snd=0 prot=0 cmos=0 ctrl=0
F 2070 dma=150 pix=164481 snd=0 prot=0 cmos=0 ctrl=0
F 2071 dma=150 pix=164481 snd=0 prot=0 cmos=0 ctrl=0
F 2072 dma=150 pix=164481 snd=0 prot=0 cmos=0 ctrl=0
F 2073 dma=150 pix=164481 snd=0 prot=0 cmos=0 ctrl=0
F 2074 dma=150 pix=164481 snd=0 prot=0 cmos=0 ctrl=0
F 2075 dma=150 pix=164481 snd=0 prot=0 cmos=0 ctrl=0
F 2076 dma=150 pix=164481 snd=0 prot=0 cmos=0 ctrl=0
F 2077 dma=150 pix=164481 snd=0 prot=0 cmos=0 ctrl=0
F 2078 dma=150 pix=164481 snd=0 prot=0 cmos=0 ctrl=0
F 2079 dma=150 pix=164481 snd=0 prot=0 cmos=0 ctrl=0
F 2080 dma=150 pix=164481 snd=0 prot=0 cmos=0 ctrl=0
F 2081 dma=150 pix=164481 snd=0 prot=0 cmos=0 ctrl=0
F 2082 dma=150 pix=164481 snd=0 prot=0 cmos=0 ctrl=0
F 2083 dma=150 pix=164481 snd=0 prot=0 cmos=0 ctrl=0
F 2084 dma=150 pix=164481 snd=0 prot=0 cmos=0 ctrl=0
F 2085 dma=150 pix=164481 snd=0 prot=0 cmos=0 ctrl=0
F 2086 dma=150 pix=164481 snd=0 prot=0 cmos=0 ctrl=0
F 2087 dma=150 pix=164481 snd=0 prot=0 cmos=0 ctrl=0
F 2088 dma=150 pix=164481 snd=0 prot=0 cmos=0 ctrl=0
F 2089 dma=150 pix=164481 snd=0 prot=0 cmos=0 ctrl=0
F 2090 dma=150 pix=164481 snd=0 prot=0 cmos=0 ctrl=0
F 2091 dma=150 pix=164481 snd=0 prot=0 cmos=0 ctrl=0
F 2092 dma=150 pix=164481 snd=0 prot=0 cmos=0 ctrl=0
F 2093 dma=150 pix=164481 snd=0 prot=0 cmos=0 ctrl=0
F 2094 dma=150 pix=164481 snd=0 prot=0 cmos=0 ctrl=0
F 2095 dma=150 pix=164481 snd=0 prot=0 cmos=0 ctrl=0
F 2096 dma=150 pix=164481 snd=0 prot=0 cmos=0 ctrl=0
F 2097 dma=150 pix=164481 snd=0 prot=0 cmos=0 ctrl=0
F 2098 dma=150 pix=164481 snd=0 prot=0 cmos=0 ctrl=0
F 2099 dma=150 pix=164481 snd=0 prot=0 cmos=0 ctrl=0
F 2100 dma=150 pix=164481 snd=0 prot=0 cmos=0 ctrl=0
F 2101 dma=150 pix=164481 snd=0 prot=0 cmos=0 ctrl=0
F 2102 dma=150 pix=164481 snd=0 prot=0 cmos=0 ctrl=0
F 2103 dma=150 pix=164481 snd=0 prot=0 cmos=0 ctrl=0
F 2104 dma=150 pix=164481 snd=0 prot=0 cmos=0 ctrl=0
F 2105 dma=150 pix=164481 snd=0 prot=0 cmos=0 ctrl=0
F 2106 dma=150 pix=164481 snd=0 prot=0 cmos=0 ctrl=0
F 2107 dma=150 pix=164481 snd=0 prot=0 cmos=0 ctrl=0
F 2108 dma=150 pix=164481 snd=0 prot=0 cmos=0 ctrl=0
F 2109 dma=150 pix=164481 snd=0 prot=0 cmos=0 ctrl=0
F 2110 dma=150 pix=164481 snd=0 prot=0 cmos=0 ctrl=0
F 2111 dma=150 pix=164481 snd=0 prot=0 cmos=0 ctrl=0
F 2112 dma=150 pix=164481 snd=0 prot=0 cmos=0 ctrl=0
F 2113 dma=150 pix=164481 snd=0 prot=0 cmos=0 ctrl=0
F 2114 dma=150 pix=164481 snd=0 prot=0 cmos=0 ctrl=0
F 2115 dma=150 pix=164481 snd=0 prot=0 cmos=0 ctrl=0
F 2116 dma=150 pix=164481 snd=0 prot=0 cmos=0 ctrl=0
F 2117 dma=150 pix=164481 snd=0 prot=0 cmos=0 ctrl=0
F 2118 dma=150 pix=164481 snd=0 prot=0 cmos=0 ctrl=0
F 2119 dma=150 pix=164481 snd=0 prot=0 cmos=0 ctrl=0
F 2120 dma=150 pix=164481 snd=0 prot=0 cmos=0 ctrl=0
F 2121 dma=150 pix=164481 snd=0 prot=0 cmos=0 ctrl=0
F 2122 dma=150 pix=164481 snd=0 prot=0 cmos=0 ctrl=0
F 2123 dma=150 pix=164481 snd=0 prot=0 cmos=0 ctrl=0
F 2124 dma=150 pix=164481 snd=0 prot=0 cmos=0 ctrl=0
F 2125 dma=150 pix=164481 snd=0 prot=0 cmos=0 ctrl=0
F 2126 dma=150 pix=164481 snd=0 prot=0 cmos=0 ctrl=0
F 2127 dma=150 pix=164481 snd=0 prot=0 cmos=0 ctrl=0
F 2128 dma=150 pix=164481 snd=0 prot=0 cmos=0 ctrl=0
F 2129 dma=150 pix=164481 snd=0 prot=0 cmos=0 ctrl=0
F 2130 dma=150 pix=164481 snd=0 prot=0 cmos=0 ctrl=0
F 2131 dma=150 pix=164481 snd=0 prot=0 cmos=0 ctrl=0
F 2132 dma=150 pix=164481 snd=0 prot=0 cmos=0 ctrl=0
F 2133 dma=150 pix=164481 snd=0 prot=0 cmos=0 ctrl=0
F 2134 dma=150 pix=164481 snd=0 prot=0 cmos=0 ctrl=0
F 2135 dma=150 pix=164481 snd=0 prot=0 cmos=0 ctrl=0
F 2136 dma=150 pix=164481 snd=0 prot=0 cmos=0 ctrl=0
F 2137 dma=150 pix=164481 snd=0 prot=0 cmos=0 ctrl=0
F 2138 dma=150 pix=164481 snd=0 prot=0 cmos=0 ctrl=0
F 2139 dma=150 pix=164481 snd=0 prot=0 cmos=0 ctrl=0
F 2140 dma=150 pix=164481 snd=0 prot=0 cmos=0 ctrl=0
F 2141 dma=150 pix=164481 snd=0 prot=0 cmos=0 ctrl=0
F 2142 dma=150 pix=164481 snd=0 prot=0 cmos=0 ctrl=0
F 2143 dma=150 pix=164481 snd=0 prot=0 cmos=0 ctrl=0
F 2144 dma=150 pix=164481 snd=0 prot=0 cmos=0 ctrl=0
F 2145 dma=150 pix=164481 snd=0 prot=0 cmos=0 ctrl=0
F 2146 dma=150 pix=164481 snd=0 prot=0 cmos=0 ctrl=0
F 2147 dma=150 pix=164481 snd=0 prot=0 cmos=0 ctrl=0
F 2148 dma=150 pix=164481 snd=0 prot=0 cmos=0 ctrl=0
F 2149 dma=150 pix=164481 snd=0 prot=0 cmos=0 ctrl=0
F 2150 dma=150 pix=164481 snd=0 prot=0 cmos=0 ctrl=0
F 2151 dma=150 pix=164481 snd=0 prot=0 cmos=0 ctrl=0
F 2152 dma=150 pix=164481 snd=0 prot=0 cmos=0 ctrl=0
F 2153 dma=150 pix=164481 snd=0 prot=0 cmos=0 ctrl=0
F 2154 dma=150 pix=164481 snd=0 prot=0 cmos=0 ctrl=0
F 2155 dma=150 pix=164481 snd=0 prot=0 cmos=0 ctrl=0
F 2156 dma=150 pix=164481 snd=0 prot=0 cmos=0 ctrl=0
F 2157 dma=150 pix=164481 snd=0 prot=0 cmos=0 ctrl=0
F 2158 dma=150 pix=164481 snd=0 prot=0 cmos=0 ctrl=0
F 2159 dma=150 pix=164481 snd=0 prot=0 cmos=0 ctrl=0
F 2160 dma=150 pix=164481 snd=0 prot=0 cmos=0 ctrl=0
F 2161 dma=150 pix=164481 snd=0 prot=0 cmos=0 ctrl=0
F 2162 dma=150 pix=164481 snd=0 prot=0 cmos=0 ctrl=0
F 2163 dma=150 pix=164481 snd=0 prot=0 cmos=0 ctrl=0
F 2164 dma=150 pix=164481 snd=0 prot=0 cmos=0 ctrl=0
F 2165 dma=150 pix=164481 snd=0 prot=0 cmos=0 ctrl=0
F 2166 dma=150 pix=164481 snd=0 prot=0 cmos=0 ctrl=0
F 2167 dma=150 pix=164481 snd=0 prot=0 cmos=0 ctrl=0
F 2168 dma=150 pix=164481 snd=0 prot=0 cmos=0 ctrl=0
F 2169 dma=150 pix=164481 snd=0 prot=0 cmos=0 ctrl=0
F 2170 dma=150 pix=164481 snd=0 prot=0 cmos=0 ctrl=0
F 2171 dma=150 pix=164481 snd=0 prot=0 cmos=0 ctrl=0
F 2172 dma=150 pix=164481 snd=0 prot=0 cmos=0 ctrl=0
F 2173 dma=150 pix=164481 snd=0 prot=0 cmos=0 ctrl=0
F 2174 dma=150 pix=164481 snd=0 prot=0 cmos=0 ctrl=0
F 2175 dma=150 pix=164481 snd=0 prot=0 cmos=0 ctrl=0
F 2176 dma=150 pix=164481 snd=0 prot=0 cmos=0 ctrl=0
F 2177 dma=150 pix=164481 snd=0 prot=0 cmos=0 ctrl=0
F 2178 dma=150 pix=164481 snd=0 prot=0 cmos=0 ctrl=0
F 2179 dma=150 pix=164481 snd=0 prot=0 cmos=0 ctrl=0
F 2180 dma=150 pix=164481 snd=0 prot=0 cmos=0 ctrl=0
F 2181 dma=150 pix=164481 snd=0 prot=0 cmos=0 ctrl=0
F 2182 dma=150 pix=164481 snd=0 prot=0 cmos=0 ctrl=0
F 2183 dma=150 pix=164481 snd=0 prot=0 cmos=0 ctrl=0
F 2184 dma=150 pix=164481 snd=0 prot=0 cmos=0 ctrl=0
F 2185 dma=150 pix=164481 snd=0 prot=0 cmos=0 ctrl=0
F 2186 dma=150 pix=164481 snd=0 prot=0 cmos=0 ctrl=0
F 2187 dma=150 pix=164481 snd=0 prot=0 cmos=0 ctrl=0
F 2188 dma=150 pix=164481 snd=0 prot=0 cmos=0 ctrl=0
F 2189 dma=150 pix=164481 snd=0 prot=0 cmos=0 ctrl=0
F 2190 dma=150 pix=164481 snd=0 prot=0 cmos=0 ctrl=0
F 2191 dma=150 pix=164481 snd=0 prot=0 cmos=0 ctrl=0
F 2192 dma=150 pix=164481 snd=0 prot=0 cmos=0 ctrl=0
F 2193 dma=150 pix=164481 snd=0 prot=0 cmos=0 ctrl=0
F 2194 dma=150 pix=164481 snd=0 prot=0 cmos=0 ctrl=0
F 2195 dma=150 pix=164481 snd=0 prot=0 cmos=0 ctrl=0
F 2196 dma=150 pix=164481 snd=0 prot=0 cmos=0 ctrl=0
F 2197 dma=150 pix=164481 snd=0 prot=0 cmos=0 ctrl=0
F 2198 dma=150 pix=164481 snd=0 prot=0 cmos=0 ctrl=0
F 2199 dma=150 pix=164481 snd=0 prot=0 cmos=0 ctrl=0
F 2200 dma=150 pix=164481 snd=0 prot=0 cmos=0 ctrl=0
F 2201 dma=150 pix=164481 snd=0 prot=0 cmos=0 ctrl=0
F 2202 dma=150 pix=164481 snd=0 prot=0 cmos=0 ctrl=0
F 2203 dma=150 pix=164481 snd=0 prot=0 cmos=0 ctrl=0
F 2204 dma=150 pix=164481 snd=0 prot=0 cmos=0 ctrl=0
F 2205 dma=150 pix=164481 snd=0 prot=0 cmos=0 ctrl=0
F 2206 dma=150 pix=164481 snd=0 prot=0 cmos=0 ctrl=0
F 2207 dma=150 pix=164481 snd=0 prot=0 cmos=0 ctrl=0
F 2208 dma=150 pix=164481 snd=0 prot=0 cmos=0 ctrl=0
F 2209 dma=150 pix=164481 snd=0 prot=0 cmos=0 ctrl=0
F 2210 dma=150 pix=164481 snd=0 prot=0 cmos=0 ctrl=0
F 2211 dma=150 pix=164481 snd=0 prot=0 cmos=0 ctrl=0
F 2212 dma=150 pix=164481 snd=0 prot=0 cmos=0 ctrl=0
F 2213 dma=150 pix=164481 snd=0 prot=0 cmos=0 ctrl=0
F 2214 dma=150 pix=164481 snd=0 prot=0 cmos=0 ctrl=0
F 2215 dma=150 pix=164481 snd=0 prot=0 cmos=0 ctrl=0
F 2216 dma=150 pix=164481 snd=0 prot=0 cmos=0 ctrl=0
F 2217 dma=150 pix=164481 snd=0 prot=0 cmos=0 ctrl=0
F 2218 dma=150 pix=164481 snd=0 prot=0 cmos=0 ctrl=0
F 2219 dma=150 pix=164481 snd=0 prot=0 cmos=0 ctrl=0
F 2220 dma=150 pix=164481 snd=0 prot=0 cmos=0 ctrl=0
F 2221 dma=150 pix=164481 snd=0 prot=0 cmos=0 ctrl=0
F 2222 dma=150 pix=164481 snd=0 prot=0 cmos=0 ctrl=0
F 2223 dma=150 pix=164481 snd=0 prot=0 cmos=0 ctrl=0
F 2224 dma=150 pix=164481 snd=0 prot=0 cmos=0 ctrl=0
F 2225 dma=150 pix=164481 snd=0 prot=0 cmos=0 ctrl=0
F 2226 dma=150 pix=164481 snd=0 prot=0 cmos=0 ctrl=0
F 2227 dma=150 pix=164481 snd=0 prot=0 cmos=0 ctrl=0
F 2228 dma=150 pix=164481 snd=0 prot=0 cmos=0 ctrl=0
F 2229 dma=150 pix=164481 snd=0 prot=0 cmos=0 ctrl=0
F 2230 dma=150 pix=164481 snd=0 prot=0 cmos=0 ctrl=0
F 2231 dma=150 pix=164481 snd=0 prot=0 cmos=0 ctrl=0
F 2232 dma=150 pix=164481 snd=0 prot=0 cmos=0 ctrl=0
F 2233 dma=150 pix=164481 snd=0 prot=0 cmos=0 ctrl=0
F 2234 dma=150 pix=164481 snd=0 prot=0 cmos=0 ctrl=0
F 2235 dma=150 pix=164481 snd=0 prot=0 cmos=0 ctrl=0
F 2236 dma=150 pix=164481 snd=0 prot=0 cmos=0 ctrl=0
F 2237 dma=150 pix=164481 snd=0 prot=0 cmos=0 ctrl=0
F 2238 dma=150 pix=164481 snd=0 prot=0 cmos=0 ctrl=0
F 2239 dma=150 pix=164481 snd=0 prot=0 cmos=0 ctrl=0
F 2240 dma=150 pix=164481 snd=0 prot=0 cmos=0 ctrl=0
F 2241 dma=150 pix=164481 snd=0 prot=0 cmos=0 ctrl=0
F 2242 dma=150 pix=164481 snd=0 prot=0 cmos=0 ctrl=0
F 2243 dma=150 pix=164481 snd=0 prot=0 cmos=0 ctrl=0
F 2244 dma=150 pix=164481 snd=0 prot=0 cmos=0 ctrl=0
F 2245 dma=150 pix=164481 snd=0 prot=0 cmos=0 ctrl=0
F 2246 dma=150 pix=164481 snd=0 prot=0 cmos=0 ctrl=0
F 2247 dma=150 pix=164481 snd=0 prot=0 cmos=0 ctrl=0
F 2248 dma=150 pix=164481 snd=0 prot=0 cmos=0 ctrl=0
F 2249 dma=150 pix=164481 snd=0 prot=0 cmos=0 ctrl=0
F 2250 dma=150 pix=164481 snd=0 prot=0 cmos=0 ctrl=0
IO 2250 0015 0032 00fa 00fc 0003 0014 0112 0120 f010 effc 0112 002c 0000 0000 0000 0000 0000 0404 0402 0000 0000 0008 0000 0000 0000 0000 0000 001c 0032 0111 e01c 24d0
F 2251 dma=150 pix=164481 snd=0 prot=0 cmos=0 ctrl=0
F 2252 dma=150 pix=164481 snd=0 prot=0 cmos=0 ctrl=0
F 2253 dma=150 pix=164481 snd=0 prot=0 cmos=0 ctrl=0
F 2254 dma=150 pix=164481 snd=0 prot=0 cmos=0 ctrl=0
F 2255 dma=150 pix=164481 snd=0 prot=0 cmos=0 ctrl=0
F 2256 dma=150 pix=164481 snd=0 prot=0 cmos=0 ctrl=0
F 2257 dma=150 pix=164481 snd=0 prot=0 cmos=0 ctrl=0
F 2258 dma=150 pix=164481 snd=0 prot=0 cmos=0 ctrl=0
F 2259 dma=150 pix=164481 snd=0 prot=0 cmos=0 ctrl=0
F 2260 dma=150 pix=164481 snd=0 prot=0 cmos=0 ctrl=0
F 2261 dma=150 pix=164481 snd=0 prot=0 cmos=0 ctrl=0
F 2262 dma=150 pix=164481 snd=0 prot=0 cmos=0 ctrl=0
F 2263 dma=150 pix=164481 snd=0 prot=0 cmos=0 ctrl=0
F 2264 dma=150 pix=164481 snd=0 prot=0 cmos=0 ctrl=0
F 2265 dma=150 pix=164481 snd=0 prot=0 cmos=0 ctrl=0
F 2266 dma=150 pix=164481 snd=0 prot=0 cmos=0 ctrl=0
F 2267 dma=150 pix=164481 snd=0 prot=0 cmos=0 ctrl=0
F 2268 dma=150 pix=164481 snd=0 prot=0 cmos=0 ctrl=0
F 2269 dma=150 pix=164481 snd=0 prot=0 cmos=0 ctrl=0
F 2270 dma=150 pix=164481 snd=0 prot=0 cmos=0 ctrl=0
F 2271 dma=150 pix=164481 snd=0 prot=0 cmos=0 ctrl=0
F 2272 dma=150 pix=164481 snd=0 prot=0 cmos=0 ctrl=0
F 2273 dma=150 pix=164481 snd=0 prot=0 cmos=0 ctrl=0
F 2274 dma=150 pix=164481 snd=0 prot=0 cmos=0 ctrl=0
F 2275 dma=150 pix=164481 snd=0 prot=0 cmos=0 ctrl=0
F 2276 dma=150 pix=164481 snd=0 prot=0 cmos=0 ctrl=0
F 2277 dma=150 pix=164481 snd=0 prot=0 cmos=0 ctrl=0
F 2278 dma=150 pix=164481 snd=0 prot=0 cmos=0 ctrl=0
F 2279 dma=150 pix=164481 snd=0 prot=0 cmos=0 ctrl=0
F 2280 dma=150 pix=164481 snd=0 prot=0 cmos=0 ctrl=0
F 2281 dma=150 pix=164481 snd=0 prot=0 cmos=0 ctrl=0
F 2282 dma=150 pix=164481 snd=0 prot=0 cmos=0 ctrl=0
F 2283 dma=150 pix=164481 snd=0 prot=0 cmos=0 ctrl=0
F 2284 dma=150 pix=164481 snd=0 prot=0 cmos=0 ctrl=0
F 2285 dma=150 pix=164481 snd=0 prot=0 cmos=0 ctrl=0
F 2286 dma=150 pix=164481 snd=0 prot=0 cmos=0 ctrl=0
F 2287 dma=150 pix=164481 snd=0 prot=0 cmos=0 ctrl=0
F 2288 dma=150 pix=164481 snd=0 prot=0 cmos=0 ctrl=0
F 2289 dma=150 pix=164481 snd=0 prot=0 cmos=0 ctrl=0
F 2290 dma=150 pix=164481 snd=0 prot=0 cmos=0 ctrl=0
F 2291 dma=150 pix=164481 snd=0 prot=0 cmos=0 ctrl=0
F 2292 dma=150 pix=164481 snd=0 prot=0 cmos=0 ctrl=0
F 2293 dma=150 pix=164481 snd=0 prot=0 cmos=0 ctrl=0
F 2294 dma=150 pix=164481 snd=0 prot=0 cmos=0 ctrl=0
F 2295 dma=150 pix=164481 snd=0 prot=0 cmos=0 ctrl=0
F 2296 dma=150 pix=164481 snd=0 prot=0 cmos=0 ctrl=0
F 2297 dma=150 pix=164481 snd=0 prot=0 cmos=0 ctrl=0
F 2298 dma=150 pix=164481 snd=0 prot=0 cmos=0 ctrl=0
F 2299 dma=150 pix=164481 snd=0 prot=0 cmos=0 ctrl=0
F 2300 dma=150 pix=164481 snd=0 prot=0 cmos=0 ctrl=0
F 2301 dma=150 pix=164481 snd=0 prot=0 cmos=0 ctrl=0
F 2302 dma=150 pix=164481 snd=0 prot=0 cmos=0 ctrl=0
F 2303 dma=150 pix=164481 snd=0 prot=0 cmos=0 ctrl=0
F 2304 dma=150 pix=164481 snd=0 prot=0 cmos=0 ctrl=0
F 2305 dma=150 pix=164481 snd=0 prot=0 cmos=0 ctrl=0
F 2306 dma=150 pix=164481 snd=0 prot=0 cmos=0 ctrl=0
F 2307 dma=150 pix=164481 snd=0 prot=0 cmos=0 ctrl=0
F 2308 dma=150 pix=164481 snd=0 prot=0 cmos=6 ctrl=0
F 2309 dma=150 pix=164481 snd=0 prot=0 cmos=0 ctrl=0
F 2310 dma=150 pix=164481 snd=0 prot=0 cmos=0 ctrl=0
F 2311 dma=150 pix=164481 snd=0 prot=0 cmos=0 ctrl=0
F 2312 dma=150 pix=164481 snd=0 prot=0 cmos=0 ctrl=0
F 2313 dma=150 pix=164481 snd=0 prot=0 cmos=0 ctrl=0
F 2314 dma=150 pix=164481 snd=0 prot=0 cmos=0 ctrl=0
F 2315 dma=4 pix=86400 snd=0 prot=0 cmos=0 ctrl=0
PROTW f=2315 off=01b23c30 data=fc00
PROTW f=2315 off=01b23830 data=f800
PROTW f=2315 off=01b23430 data=f400
PROTW f=2315 off=01b23030 data=f000
PROTW f=2315 off=01b22c30 data=ec00
PROTW f=2315 off=01b22830 data=e800
PROTW f=2315 off=01b22430 data=e400
PROTW f=2315 off=01b22030 data=e000
PROTW f=2315 off=01b21c30 data=dc00
PROTW f=2315 off=01b21830 data=d800
PROTW f=2315 off=01b21430 data=d400
PROTW f=2315 off=01b21030 data=d000
PROTW f=2315 off=01b20c30 data=cc00
PROTW f=2315 off=01b20830 data=c800
PROTW f=2315 off=01b20430 data=c400
PROTW f=2315 off=01b20030 data=c000
PROTW f=2315 off=01b1fc30 data=bc00
PROTW f=2315 off=01b1f830 data=b800
PROTW f=2315 off=01b1f430 data=b400
PROTW f=2315 off=01b1f030 data=b000
PROTW f=2315 off=01b1ec30 data=ac00
PROTW f=2315 off=01b1e830 data=a800
PROTW f=2315 off=01b1e430 data=a400
PROTW f=2315 off=01b1e030 data=a000
PROTW f=2315 off=01b1dc30 data=9c00
PROTW f=2315 off=01b1d830 data=9800
PROTW f=2315 off=01b1d430 data=9400
PROTW f=2315 off=01b1d030 data=9000
PROTW f=2315 off=01b1cc30 data=8c00
PROTW f=2315 off=01b1c830 data=8800
PROTW f=2315 off=01b1c430 data=8400
PROTW f=2315 off=01b1c030 data=8000
PROTW f=2315 off=01b1bc30 data=7c00
PROTW f=2315 off=01b1b830 data=7800
PROTW f=2315 off=01b1b430 data=7400
PROTW f=2315 off=01b1b030 data=7000
PROTW f=2315 off=01b1ac30 data=6c00
PROTW f=2315 off=01b1a830 data=6800
PROTW f=2315 off=01b1a430 data=6400
PROTW f=2315 off=01b1a030 data=6000
PROTW f=2315 off=01b19c30 data=5c00
PROTW f=2315 off=01b19830 data=5800
PROTW f=2315 off=01b19430 data=5400
PROTW f=2315 off=01b19030 data=5000
PROTW f=2315 off=01b18c30 data=4c00
PROTW f=2315 off=01b18830 data=4800
PROTW f=2315 off=01b18430 data=4400
PROTW f=2315 off=01b18030 data=4000
PROTW f=2315 off=01b17c30 data=3c00
PROTW f=2315 off=01b17830 data=3800
PROTW f=2315 off=01b17430 data=3400
PROTW f=2315 off=01b17030 data=3000
PROTW f=2315 off=01b16c30 data=2c00
PROTW f=2315 off=01b16830 data=2800
PROTW f=2315 off=01b16430 data=2400
PROTW f=2315 off=01b16030 data=2000
PROTW f=2315 off=01b15c30 data=1c00
PROTW f=2315 off=01b15830 data=1800
PROTW f=2315 off=01b15430 data=1400
PROTW f=2315 off=01b15030 data=1000
PROTW f=2315 off=01b14c30 data=0c00
PROTW f=2315 off=01b14830 data=0800
PROTW f=2315 off=01b14430 data=0400
PROTW f=2315 off=01b14030 data=0000
F 2316 dma=146 pix=78081 snd=0 prot=384 cmos=0 ctrl=0
F 2317 dma=0 pix=0 snd=0 prot=0 cmos=0 ctrl=0
CTRL2 f=2317 data=fff8
F 2318 dma=0 pix=0 snd=0 prot=0 cmos=0 ctrl=0
F 2319 dma=0 pix=0 snd=0 prot=0 cmos=0 ctrl=0
PROTW f=2319 off=01b23c30 data=fc00
PROTW f=2319 off=01b23830 data=f800
PROTW f=2319 off=01b23430 data=f400
PROTW f=2319 off=01b23030 data=f000
PROTW f=2319 off=01b22c30 data=ec00
PROTW f=2319 off=01b22830 data=e800
PROTW f=2319 off=01b22430 data=e400
PROTW f=2319 off=01b22030 data=e000
PROTW f=2319 off=01b21c30 data=dc00
PROTW f=2319 off=01b21830 data=d800
PROTW f=2319 off=01b21430 data=d400
PROTW f=2319 off=01b21030 data=d000
PROTW f=2319 off=01b20c30 data=cc00
PROTW f=2319 off=01b20830 data=c800
PROTW f=2319 off=01b20430 data=c400
PROTW f=2319 off=01b20030 data=c000
PROTW f=2319 off=01b1fc30 data=bc00
PROTW f=2319 off=01b1f830 data=b800
PROTW f=2319 off=01b1f430 data=b400
PROTW f=2319 off=01b1f030 data=b000
PROTW f=2319 off=01b1ec30 data=ac00
PROTW f=2319 off=01b1e830 data=a800
PROTW f=2319 off=01b1e430 data=a400
PROTW f=2319 off=01b1e030 data=a000
PROTW f=2319 off=01b1dc30 data=9c00
PROTW f=2319 off=01b1d830 data=9800
PROTW f=2319 off=01b1d430 data=9400
PROTW f=2319 off=01b1d030 data=9000
PROTW f=2319 off=01b1cc30 data=8c00
PROTW f=2319 off=01b1c830 data=8800
PROTW f=2319 off=01b1c430 data=8400
PROTW f=2319 off=01b1c030 data=8000
PROTW f=2319 off=01b1bc30 data=7c00
PROTW f=2319 off=01b1b830 data=7800
PROTW f=2319 off=01b1b430 data=7400
PROTW f=2319 off=01b1b030 data=7000
PROTW f=2319 off=01b1ac30 data=6c00
PROTW f=2319 off=01b1a830 data=6800
PROTW f=2319 off=01b1a430 data=6400
PROTW f=2319 off=01b1a030 data=6000
PROTW f=2319 off=01b19c30 data=5c00
PROTW f=2319 off=01b19830 data=5800
PROTW f=2319 off=01b19430 data=5400
PROTW f=2319 off=01b19030 data=5000
PROTW f=2319 off=01b18c30 data=4c00
PROTW f=2319 off=01b18830 data=4800
PROTW f=2319 off=01b18430 data=4400
PROTW f=2319 off=01b18030 data=4000
PROTW f=2319 off=01b17c30 data=3c00
PROTW f=2319 off=01b17830 data=3800
PROTW f=2319 off=01b17430 data=3400
PROTW f=2319 off=01b17030 data=3000
PROTW f=2319 off=01b16c30 data=2c00
PROTW f=2319 off=01b16830 data=2800
PROTW f=2319 off=01b16430 data=2400
PROTW f=2319 off=01b16030 data=2000
PROTW f=2319 off=01b15c30 data=1c00
PROTW f=2319 off=01b15830 data=1800
PROTW f=2319 off=01b15430 data=1400
PROTW f=2319 off=01b15030 data=1000
PROTW f=2319 off=01b14c30 data=0c00
PROTW f=2319 off=01b14830 data=0800
PROTW f=2319 off=01b14430 data=0400
PROTW f=2319 off=01b14030 data=0000
F 2320 dma=0 pix=0 snd=0 prot=384 cmos=0 ctrl=0
F 2321 dma=0 pix=0 snd=0 prot=0 cmos=0 ctrl=0
CTRL2 f=2321 data=fff8
F 2322 dma=0 pix=0 snd=0 prot=0 cmos=0 ctrl=0
F 2323 dma=0 pix=0 snd=0 prot=0 cmos=0 ctrl=0
F 2324 dma=0 pix=0 snd=0 prot=0 cmos=0 ctrl=0
F 2325 dma=0 pix=0 snd=0 prot=0 cmos=0 ctrl=0
F 2326 dma=0 pix=0 snd=0 prot=0 cmos=0 ctrl=0
F 2327 dma=21 pix=109452 snd=0 prot=0 cmos=0 ctrl=0
F 2328 dma=21 pix=109452 snd=0 prot=0 cmos=0 ctrl=0
F 2329 dma=21 pix=109452 snd=0 prot=0 cmos=0 ctrl=0
F 2330 dma=21 pix=109452 snd=0 prot=0 cmos=0 ctrl=0
F 2331 dma=0 pix=0 snd=0 prot=0 cmos=0 ctrl=0
CTRL2 f=2331 data=ffd8
F 2332 dma=0 pix=0 snd=0 prot=0 cmos=0 ctrl=0
CTRL2 f=2332 data=fff8
F 2333 dma=0 pix=0 snd=0 prot=0 cmos=0 ctrl=0
F 2334 dma=0 pix=0 snd=0 prot=0 cmos=0 ctrl=0
F 2335 dma=0 pix=0 snd=0 prot=0 cmos=0 ctrl=0
F 2336 dma=0 pix=0 snd=0 prot=0 cmos=0 ctrl=0
F 2337 dma=0 pix=0 snd=0 prot=0 cmos=0 ctrl=0
F 2338 dma=0 pix=0 snd=0 prot=0 cmos=0 ctrl=0
F 2339 dma=0 pix=0 snd=0 prot=0 cmos=0 ctrl=0
F 2340 dma=0 pix=0 snd=0 prot=0 cmos=0 ctrl=0
F 2341 dma=0 pix=0 snd=0 prot=0 cmos=0 ctrl=0
F 2342 dma=0 pix=0 snd=0 prot=0 cmos=0 ctrl=0
F 2343 dma=0 pix=0 snd=0 prot=0 cmos=0 ctrl=0
F 2344 dma=0 pix=0 snd=0 prot=0 cmos=0 ctrl=0
F 2345 dma=0 pix=0 snd=0 prot=0 cmos=0 ctrl=0
F 2346 dma=0 pix=0 snd=0 prot=0 cmos=0 ctrl=0
F 2347 dma=0 pix=0 snd=0 prot=0 cmos=0 ctrl=0
F 2348 dma=0 pix=0 snd=0 prot=0 cmos=0 ctrl=0
F 2349 dma=0 pix=0 snd=0 prot=0 cmos=0 ctrl=0
F 2350 dma=0 pix=0 snd=0 prot=0 cmos=0 ctrl=0
F 2351 dma=0 pix=0 snd=0 prot=0 cmos=0 ctrl=0
F 2352 dma=0 pix=0 snd=0 prot=0 cmos=0 ctrl=0
F 2353 dma=0 pix=0 snd=0 prot=0 cmos=0 ctrl=0
F 2354 dma=0 pix=0 snd=0 prot=0 cmos=0 ctrl=0
F 2355 dma=0 pix=0 snd=0 prot=0 cmos=0 ctrl=0
F 2356 dma=0 pix=0 snd=0 prot=0 cmos=0 ctrl=0
F 2357 dma=0 pix=0 snd=0 prot=0 cmos=0 ctrl=0
F 2358 dma=22 pix=111505 snd=0 prot=0 cmos=0 ctrl=0
F 2359 dma=22 pix=111654 snd=0 prot=0 cmos=0 ctrl=0
F 2360 dma=22 pix=111818 snd=0 prot=0 cmos=0 ctrl=0
F 2361 dma=22 pix=112000 snd=0 prot=0 cmos=0 ctrl=0
F 2362 dma=22 pix=112186 snd=0 prot=0 cmos=0 ctrl=0
F 2363 dma=22 pix=112429 snd=0 prot=0 cmos=0 ctrl=0
F 2364 dma=22 pix=112683 snd=0 prot=0 cmos=0 ctrl=0
F 2365 dma=22 pix=112968 snd=0 prot=0 cmos=0 ctrl=0
F 2366 dma=22 pix=113291 snd=0 prot=0 cmos=0 ctrl=0
F 2367 dma=22 pix=113683 snd=0 prot=0 cmos=0 ctrl=0
F 2368 dma=22 pix=114105 snd=0 prot=0 cmos=0 ctrl=0
F 2369 dma=22 pix=114620 snd=0 prot=0 cmos=0 ctrl=0
F 2370 dma=22 pix=115218 snd=0 prot=0 cmos=0 ctrl=0
F 2371 dma=22 pix=115916 snd=0 prot=0 cmos=0 ctrl=0
F 2372 dma=22 pix=116738 snd=0 prot=0 cmos=0 ctrl=0
F 2373 dma=22 pix=117761 snd=0 prot=0 cmos=0 ctrl=0
F 2374 dma=22 pix=118939 snd=0 prot=0 cmos=0 ctrl=0
F 2375 dma=22 pix=120487 snd=0 prot=0 cmos=0 ctrl=0
F 2376 dma=22 pix=122327 snd=0 prot=0 cmos=0 ctrl=0
F 2377 dma=22 pix=124786 snd=0 prot=0 cmos=0 ctrl=0
F 2378 dma=22 pix=127919 snd=0 prot=0 cmos=0 ctrl=0
F 2379 dma=22 pix=131429 snd=0 prot=0 cmos=0 ctrl=0
F 2380 dma=22 pix=136044 snd=0 prot=0 cmos=0 ctrl=0
F 2381 dma=22 pix=142283 snd=0 prot=0 cmos=0 ctrl=0
F 2382 dma=22 pix=151004 snd=0 prot=0 cmos=0 ctrl=0
F 2383 dma=22 pix=163724 snd=0 prot=0 cmos=0 ctrl=0
F 2384 dma=22 pix=180684 snd=0 prot=0 cmos=0 ctrl=0
F 2385 dma=22 pix=197914 snd=0 prot=0 cmos=0 ctrl=0
F 2386 dma=22 pix=188841 snd=0 prot=0 cmos=0 ctrl=0
F 2387 dma=22 pix=180684 snd=0 prot=0 cmos=0 ctrl=0
F 2388 dma=22 pix=172393 snd=0 prot=0 cmos=0 ctrl=0
F 2389 dma=22 pix=163724 snd=0 prot=0 cmos=0 ctrl=0
F 2390 dma=22 pix=156728 snd=0 prot=0 cmos=0 ctrl=0
F 2391 dma=22 pix=151004 snd=0 prot=0 cmos=0 ctrl=0
F 2392 dma=22 pix=151004 snd=0 prot=0 cmos=0 ctrl=0
F 2393 dma=22 pix=151004 snd=0 prot=0 cmos=0 ctrl=0
F 2394 dma=22 pix=151004 snd=0 prot=0 cmos=0 ctrl=0
F 2395 dma=22 pix=151004 snd=0 prot=0 cmos=0 ctrl=0
F 2396 dma=22 pix=151004 snd=0 prot=0 cmos=0 ctrl=0
F 2397 dma=22 pix=151004 snd=0 prot=0 cmos=0 ctrl=0
F 2398 dma=22 pix=151004 snd=0 prot=0 cmos=0 ctrl=0
F 2399 dma=22 pix=151004 snd=0 prot=0 cmos=0 ctrl=0
F 2400 dma=22 pix=151004 snd=0 prot=0 cmos=0 ctrl=0
F 2401 dma=22 pix=151004 snd=0 prot=0 cmos=0 ctrl=0
F 2402 dma=22 pix=151004 snd=0 prot=0 cmos=0 ctrl=0
F 2403 dma=22 pix=151004 snd=0 prot=0 cmos=0 ctrl=0
F 2404 dma=22 pix=151004 snd=0 prot=0 cmos=0 ctrl=0
F 2405 dma=22 pix=151004 snd=0 prot=0 cmos=0 ctrl=0
F 2406 dma=22 pix=151004 snd=0 prot=0 cmos=0 ctrl=0
F 2407 dma=22 pix=151004 snd=0 prot=0 cmos=0 ctrl=0
F 2408 dma=22 pix=151004 snd=0 prot=0 cmos=0 ctrl=0
F 2409 dma=22 pix=151004 snd=0 prot=0 cmos=0 ctrl=0
F 2410 dma=22 pix=151004 snd=0 prot=0 cmos=0 ctrl=0
F 2411 dma=22 pix=151004 snd=0 prot=0 cmos=0 ctrl=0
F 2412 dma=22 pix=151004 snd=0 prot=0 cmos=0 ctrl=0
F 2413 dma=22 pix=151004 snd=0 prot=0 cmos=0 ctrl=0
F 2414 dma=22 pix=151004 snd=0 prot=0 cmos=0 ctrl=0
F 2415 dma=22 pix=151004 snd=0 prot=0 cmos=0 ctrl=0
F 2416 dma=22 pix=151004 snd=0 prot=0 cmos=0 ctrl=0
F 2417 dma=22 pix=151004 snd=0 prot=0 cmos=0 ctrl=0
F 2418 dma=22 pix=151004 snd=0 prot=0 cmos=0 ctrl=0
F 2419 dma=22 pix=151004 snd=0 prot=0 cmos=0 ctrl=0
F 2420 dma=22 pix=151004 snd=0 prot=0 cmos=0 ctrl=0
F 2421 dma=22 pix=151004 snd=0 prot=0 cmos=0 ctrl=0
F 2422 dma=22 pix=151004 snd=0 prot=0 cmos=0 ctrl=0
F 2423 dma=22 pix=151004 snd=0 prot=0 cmos=0 ctrl=0
F 2424 dma=22 pix=151004 snd=0 prot=0 cmos=0 ctrl=0
F 2425 dma=22 pix=151004 snd=0 prot=0 cmos=0 ctrl=0
F 2426 dma=22 pix=151004 snd=0 prot=0 cmos=0 ctrl=0
F 2427 dma=22 pix=151004 snd=0 prot=0 cmos=0 ctrl=0
F 2428 dma=22 pix=151004 snd=0 prot=0 cmos=0 ctrl=0
F 2429 dma=22 pix=151004 snd=0 prot=0 cmos=0 ctrl=0
F 2430 dma=22 pix=151004 snd=0 prot=0 cmos=0 ctrl=0
F 2431 dma=22 pix=151004 snd=0 prot=0 cmos=0 ctrl=0
F 2432 dma=22 pix=151004 snd=0 prot=0 cmos=0 ctrl=0
F 2433 dma=22 pix=151004 snd=0 prot=0 cmos=0 ctrl=0
F 2434 dma=22 pix=151004 snd=0 prot=0 cmos=0 ctrl=0
F 2435 dma=22 pix=151004 snd=0 prot=0 cmos=0 ctrl=0
F 2436 dma=22 pix=151004 snd=0 prot=0 cmos=0 ctrl=0
F 2437 dma=22 pix=151004 snd=0 prot=0 cmos=0 ctrl=0
F 2438 dma=22 pix=151004 snd=0 prot=0 cmos=0 ctrl=0
F 2439 dma=22 pix=151004 snd=0 prot=0 cmos=0 ctrl=0
F 2440 dma=22 pix=151004 snd=0 prot=0 cmos=0 ctrl=0
F 2441 dma=22 pix=151004 snd=0 prot=0 cmos=0 ctrl=0
F 2442 dma=22 pix=151004 snd=0 prot=0 cmos=0 ctrl=0
F 2443 dma=22 pix=151004 snd=0 prot=0 cmos=0 ctrl=0
F 2444 dma=22 pix=151004 snd=0 prot=0 cmos=0 ctrl=0
F 2445 dma=22 pix=151004 snd=0 prot=0 cmos=0 ctrl=0
F 2446 dma=22 pix=151004 snd=0 prot=0 cmos=0 ctrl=0
F 2447 dma=22 pix=151004 snd=0 prot=0 cmos=0 ctrl=0
F 2448 dma=22 pix=151004 snd=0 prot=0 cmos=0 ctrl=0
F 2449 dma=22 pix=151004 snd=0 prot=0 cmos=0 ctrl=0
F 2450 dma=22 pix=151004 snd=0 prot=0 cmos=0 ctrl=0
F 2451 dma=22 pix=151004 snd=0 prot=0 cmos=0 ctrl=0
F 2452 dma=22 pix=151004 snd=0 prot=0 cmos=0 ctrl=0
F 2453 dma=22 pix=151004 snd=0 prot=0 cmos=0 ctrl=0
F 2454 dma=22 pix=151004 snd=0 prot=0 cmos=0 ctrl=0
F 2455 dma=22 pix=151004 snd=0 prot=0 cmos=0 ctrl=0
F 2456 dma=22 pix=151004 snd=0 prot=0 cmos=0 ctrl=0
F 2457 dma=22 pix=151004 snd=0 prot=0 cmos=0 ctrl=0
F 2458 dma=22 pix=151004 snd=0 prot=0 cmos=0 ctrl=0
F 2459 dma=22 pix=151004 snd=0 prot=0 cmos=0 ctrl=0
F 2460 dma=22 pix=151004 snd=0 prot=0 cmos=0 ctrl=0
F 2461 dma=22 pix=151004 snd=0 prot=0 cmos=0 ctrl=0
F 2462 dma=22 pix=151004 snd=0 prot=0 cmos=0 ctrl=0
F 2463 dma=22 pix=151004 snd=0 prot=0 cmos=0 ctrl=0
F 2464 dma=22 pix=151004 snd=0 prot=0 cmos=0 ctrl=0
F 2465 dma=22 pix=151004 snd=0 prot=0 cmos=0 ctrl=0
F 2466 dma=22 pix=151004 snd=0 prot=0 cmos=0 ctrl=0
F 2467 dma=22 pix=151004 snd=0 prot=0 cmos=0 ctrl=0
F 2468 dma=22 pix=151004 snd=0 prot=0 cmos=0 ctrl=0
F 2469 dma=22 pix=151004 snd=0 prot=0 cmos=0 ctrl=0
F 2470 dma=22 pix=151004 snd=0 prot=0 cmos=0 ctrl=0
F 2471 dma=22 pix=151004 snd=0 prot=0 cmos=0 ctrl=0
F 2472 dma=22 pix=151004 snd=0 prot=0 cmos=0 ctrl=0
F 2473 dma=22 pix=151004 snd=0 prot=0 cmos=0 ctrl=0
F 2474 dma=22 pix=151004 snd=0 prot=0 cmos=0 ctrl=0
F 2475 dma=22 pix=151004 snd=0 prot=0 cmos=0 ctrl=0
F 2476 dma=22 pix=151004 snd=0 prot=0 cmos=0 ctrl=0
F 2477 dma=22 pix=151004 snd=0 prot=0 cmos=0 ctrl=0
F 2478 dma=22 pix=151004 snd=0 prot=0 cmos=0 ctrl=0
F 2479 dma=22 pix=151004 snd=0 prot=0 cmos=0 ctrl=0
F 2480 dma=22 pix=151004 snd=0 prot=0 cmos=0 ctrl=0
F 2481 dma=22 pix=151004 snd=0 prot=0 cmos=0 ctrl=0
F 2482 dma=22 pix=151004 snd=0 prot=0 cmos=0 ctrl=0
F 2483 dma=22 pix=151004 snd=0 prot=0 cmos=0 ctrl=0
F 2484 dma=22 pix=151004 snd=0 prot=0 cmos=0 ctrl=0
F 2485 dma=22 pix=151004 snd=0 prot=0 cmos=0 ctrl=0
F 2486 dma=22 pix=151004 snd=0 prot=0 cmos=0 ctrl=0
F 2487 dma=22 pix=151004 snd=0 prot=0 cmos=0 ctrl=0
F 2488 dma=22 pix=151004 snd=0 prot=0 cmos=0 ctrl=0
F 2489 dma=22 pix=151004 snd=0 prot=0 cmos=0 ctrl=0
F 2490 dma=22 pix=151004 snd=0 prot=0 cmos=0 ctrl=0
F 2491 dma=22 pix=151004 snd=0 prot=0 cmos=0 ctrl=0
F 2492 dma=22 pix=151004 snd=0 prot=0 cmos=0 ctrl=0
F 2493 dma=22 pix=151004 snd=0 prot=0 cmos=0 ctrl=0
F 2494 dma=22 pix=151004 snd=0 prot=0 cmos=0 ctrl=0
F 2495 dma=22 pix=151004 snd=0 prot=0 cmos=0 ctrl=0
F 2496 dma=22 pix=151004 snd=0 prot=0 cmos=0 ctrl=0
F 2497 dma=22 pix=151004 snd=0 prot=0 cmos=0 ctrl=0
F 2498 dma=22 pix=151004 snd=0 prot=0 cmos=0 ctrl=0
F 2499 dma=22 pix=151004 snd=0 prot=0 cmos=0 ctrl=0
F 2500 dma=22 pix=151004 snd=0 prot=0 cmos=0 ctrl=0
IO 2500 0015 0032 00fa 00fc 0003 0014 0112 0120 f010 effc 0112 002c 0000 0000 0000 0000 0000 0404 0402 0000 0000 0008 0000 0000 0000 0000 0000 001c 0032 0111 e01c 61cc
F 2501 dma=22 pix=151004 snd=0 prot=0 cmos=0 ctrl=0
F 2502 dma=22 pix=151004 snd=0 prot=0 cmos=0 ctrl=0
F 2503 dma=22 pix=151004 snd=0 prot=0 cmos=0 ctrl=0
F 2504 dma=22 pix=151004 snd=0 prot=0 cmos=0 ctrl=0
F 2505 dma=22 pix=151004 snd=0 prot=0 cmos=0 ctrl=0
F 2506 dma=22 pix=151004 snd=0 prot=0 cmos=0 ctrl=0
F 2507 dma=22 pix=151004 snd=0 prot=0 cmos=0 ctrl=0
F 2508 dma=22 pix=151004 snd=0 prot=0 cmos=0 ctrl=0
F 2509 dma=22 pix=151004 snd=0 prot=0 cmos=0 ctrl=0
F 2510 dma=22 pix=151004 snd=0 prot=0 cmos=0 ctrl=0
F 2511 dma=22 pix=151004 snd=0 prot=0 cmos=0 ctrl=0
F 2512 dma=22 pix=151004 snd=0 prot=0 cmos=0 ctrl=0
F 2513 dma=22 pix=151004 snd=0 prot=0 cmos=0 ctrl=0
F 2514 dma=22 pix=151004 snd=0 prot=0 cmos=0 ctrl=0
F 2515 dma=22 pix=151004 snd=0 prot=0 cmos=0 ctrl=0
F 2516 dma=22 pix=151004 snd=0 prot=0 cmos=0 ctrl=0
F 2517 dma=22 pix=151004 snd=0 prot=0 cmos=0 ctrl=0
F 2518 dma=22 pix=151004 snd=0 prot=0 cmos=0 ctrl=0
F 2519 dma=22 pix=151004 snd=0 prot=0 cmos=0 ctrl=0
F 2520 dma=22 pix=151004 snd=0 prot=0 cmos=0 ctrl=0
F 2521 dma=22 pix=151004 snd=0 prot=0 cmos=0 ctrl=0
F 2522 dma=22 pix=151004 snd=0 prot=0 cmos=0 ctrl=0
F 2523 dma=22 pix=151004 snd=0 prot=0 cmos=0 ctrl=0
F 2524 dma=22 pix=151004 snd=0 prot=0 cmos=0 ctrl=0
F 2525 dma=22 pix=151004 snd=0 prot=0 cmos=0 ctrl=0
F 2526 dma=22 pix=151004 snd=0 prot=0 cmos=0 ctrl=0
F 2527 dma=22 pix=151004 snd=0 prot=0 cmos=0 ctrl=0
F 2528 dma=22 pix=151004 snd=0 prot=0 cmos=0 ctrl=0
F 2529 dma=22 pix=151004 snd=0 prot=0 cmos=0 ctrl=0
F 2530 dma=22 pix=151004 snd=0 prot=0 cmos=0 ctrl=0
F 2531 dma=22 pix=151004 snd=0 prot=0 cmos=0 ctrl=0
F 2532 dma=22 pix=151004 snd=0 prot=0 cmos=0 ctrl=0
F 2533 dma=22 pix=151004 snd=0 prot=0 cmos=0 ctrl=0
F 2534 dma=22 pix=151004 snd=0 prot=0 cmos=0 ctrl=0
F 2535 dma=22 pix=151004 snd=0 prot=0 cmos=0 ctrl=0
F 2536 dma=22 pix=151004 snd=0 prot=0 cmos=0 ctrl=0
F 2537 dma=22 pix=151004 snd=0 prot=0 cmos=0 ctrl=0
F 2538 dma=22 pix=151004 snd=0 prot=0 cmos=0 ctrl=0
F 2539 dma=22 pix=151004 snd=0 prot=0 cmos=0 ctrl=0
F 2540 dma=22 pix=151004 snd=0 prot=0 cmos=0 ctrl=0
F 2541 dma=22 pix=151004 snd=0 prot=0 cmos=0 ctrl=0
F 2542 dma=22 pix=151004 snd=0 prot=0 cmos=0 ctrl=0
F 2543 dma=22 pix=151004 snd=0 prot=0 cmos=0 ctrl=0
F 2544 dma=22 pix=151004 snd=0 prot=0 cmos=0 ctrl=0
F 2545 dma=22 pix=151004 snd=0 prot=0 cmos=0 ctrl=0
F 2546 dma=22 pix=151004 snd=0 prot=0 cmos=0 ctrl=0
F 2547 dma=22 pix=151004 snd=0 prot=0 cmos=0 ctrl=0
F 2548 dma=22 pix=151004 snd=0 prot=0 cmos=0 ctrl=0
F 2549 dma=22 pix=151004 snd=0 prot=0 cmos=0 ctrl=0
F 2550 dma=22 pix=151004 snd=0 prot=0 cmos=0 ctrl=0
F 2551 dma=22 pix=151004 snd=0 prot=0 cmos=0 ctrl=0
F 2552 dma=22 pix=151004 snd=0 prot=0 cmos=0 ctrl=0
F 2553 dma=22 pix=151004 snd=0 prot=0 cmos=0 ctrl=0
F 2554 dma=22 pix=151004 snd=0 prot=0 cmos=0 ctrl=0
F 2555 dma=22 pix=151004 snd=0 prot=0 cmos=0 ctrl=0
F 2556 dma=22 pix=151004 snd=0 prot=0 cmos=0 ctrl=0
F 2557 dma=22 pix=151004 snd=0 prot=0 cmos=0 ctrl=0
F 2558 dma=22 pix=151004 snd=0 prot=0 cmos=0 ctrl=0
F 2559 dma=22 pix=151004 snd=0 prot=0 cmos=0 ctrl=0
F 2560 dma=22 pix=151004 snd=0 prot=0 cmos=0 ctrl=0
F 2561 dma=22 pix=151004 snd=0 prot=0 cmos=0 ctrl=0
F 2562 dma=22 pix=151004 snd=0 prot=0 cmos=0 ctrl=0
F 2563 dma=22 pix=151004 snd=0 prot=0 cmos=0 ctrl=0
F 2564 dma=22 pix=151004 snd=0 prot=0 cmos=0 ctrl=0
F 2565 dma=22 pix=151004 snd=0 prot=0 cmos=0 ctrl=0
F 2566 dma=22 pix=151004 snd=0 prot=0 cmos=0 ctrl=0
F 2567 dma=22 pix=151004 snd=0 prot=0 cmos=0 ctrl=0
F 2568 dma=22 pix=151004 snd=0 prot=0 cmos=0 ctrl=0
F 2569 dma=22 pix=151004 snd=0 prot=0 cmos=0 ctrl=0
F 2570 dma=22 pix=151004 snd=0 prot=0 cmos=0 ctrl=0
F 2571 dma=22 pix=151004 snd=0 prot=0 cmos=0 ctrl=0
F 2572 dma=22 pix=151004 snd=0 prot=0 cmos=0 ctrl=0
F 2573 dma=22 pix=151004 snd=0 prot=0 cmos=0 ctrl=0
F 2574 dma=22 pix=151004 snd=0 prot=0 cmos=0 ctrl=0
F 2575 dma=22 pix=151004 snd=0 prot=0 cmos=0 ctrl=0
F 2576 dma=22 pix=151004 snd=0 prot=0 cmos=0 ctrl=0
F 2577 dma=22 pix=151004 snd=0 prot=0 cmos=0 ctrl=0
F 2578 dma=22 pix=151004 snd=0 prot=0 cmos=0 ctrl=0
F 2579 dma=22 pix=151004 snd=0 prot=0 cmos=0 ctrl=0
F 2580 dma=22 pix=151004 snd=0 prot=0 cmos=0 ctrl=0
F 2581 dma=22 pix=151004 snd=0 prot=0 cmos=6 ctrl=0
F 2582 dma=22 pix=151004 snd=0 prot=0 cmos=0 ctrl=0
F 2583 dma=22 pix=151004 snd=0 prot=0 cmos=0 ctrl=0
F 2584 dma=22 pix=151004 snd=0 prot=0 cmos=0 ctrl=0
F 2585 dma=22 pix=151004 snd=0 prot=0 cmos=0 ctrl=0
F 2586 dma=22 pix=151004 snd=0 prot=0 cmos=0 ctrl=0
F 2587 dma=22 pix=151004 snd=0 prot=0 cmos=0 ctrl=0
F 2588 dma=22 pix=151004 snd=0 prot=0 cmos=0 ctrl=0
F 2589 dma=22 pix=151004 snd=0 prot=0 cmos=0 ctrl=0
F 2590 dma=22 pix=151004 snd=0 prot=0 cmos=0 ctrl=0
F 2591 dma=22 pix=151004 snd=0 prot=0 cmos=0 ctrl=0
F 2592 dma=22 pix=151004 snd=0 prot=0 cmos=0 ctrl=0
F 2593 dma=22 pix=151004 snd=0 prot=0 cmos=0 ctrl=0
F 2594 dma=22 pix=151004 snd=0 prot=0 cmos=0 ctrl=0
F 2595 dma=22 pix=151004 snd=0 prot=0 cmos=0 ctrl=0
F 2596 dma=22 pix=151004 snd=0 prot=0 cmos=0 ctrl=0
F 2597 dma=22 pix=151004 snd=0 prot=0 cmos=0 ctrl=0
F 2598 dma=22 pix=151004 snd=0 prot=0 cmos=0 ctrl=0
F 2599 dma=22 pix=151004 snd=0 prot=0 cmos=0 ctrl=0
F 2600 dma=22 pix=151004 snd=0 prot=0 cmos=0 ctrl=0
F 2601 dma=22 pix=151004 snd=0 prot=0 cmos=0 ctrl=0
F 2602 dma=22 pix=151004 snd=0 prot=0 cmos=0 ctrl=0
F 2603 dma=22 pix=151004 snd=0 prot=0 cmos=0 ctrl=0
F 2604 dma=22 pix=151004 snd=0 prot=0 cmos=0 ctrl=0
F 2605 dma=22 pix=151004 snd=0 prot=0 cmos=0 ctrl=0
F 2606 dma=22 pix=151004 snd=0 prot=0 cmos=0 ctrl=0
F 2607 dma=22 pix=151004 snd=0 prot=0 cmos=0 ctrl=0
F 2608 dma=22 pix=151004 snd=0 prot=0 cmos=0 ctrl=0
F 2609 dma=22 pix=151004 snd=0 prot=0 cmos=0 ctrl=0
F 2610 dma=22 pix=151004 snd=0 prot=0 cmos=0 ctrl=0
F 2611 dma=22 pix=151004 snd=0 prot=0 cmos=0 ctrl=0
F 2612 dma=22 pix=151004 snd=0 prot=0 cmos=0 ctrl=0
F 2613 dma=22 pix=151004 snd=0 prot=0 cmos=0 ctrl=0
F 2614 dma=22 pix=151004 snd=0 prot=0 cmos=0 ctrl=0
F 2615 dma=22 pix=151004 snd=0 prot=0 cmos=0 ctrl=0
F 2616 dma=22 pix=151004 snd=0 prot=0 cmos=0 ctrl=0
F 2617 dma=22 pix=151004 snd=0 prot=0 cmos=0 ctrl=0
F 2618 dma=22 pix=151004 snd=0 prot=0 cmos=0 ctrl=0
F 2619 dma=22 pix=151004 snd=0 prot=0 cmos=0 ctrl=0
F 2620 dma=22 pix=151004 snd=0 prot=0 cmos=0 ctrl=0
F 2621 dma=22 pix=151004 snd=0 prot=0 cmos=0 ctrl=0
F 2622 dma=22 pix=151004 snd=0 prot=0 cmos=0 ctrl=0
F 2623 dma=22 pix=151004 snd=0 prot=0 cmos=0 ctrl=0
F 2624 dma=22 pix=151004 snd=0 prot=0 cmos=0 ctrl=0
F 2625 dma=22 pix=151004 snd=0 prot=0 cmos=0 ctrl=0
F 2626 dma=22 pix=151004 snd=0 prot=0 cmos=0 ctrl=0
F 2627 dma=22 pix=151004 snd=0 prot=0 cmos=0 ctrl=0
F 2628 dma=22 pix=151004 snd=0 prot=0 cmos=0 ctrl=0
F 2629 dma=22 pix=151004 snd=0 prot=0 cmos=0 ctrl=0
F 2630 dma=22 pix=151004 snd=0 prot=0 cmos=0 ctrl=0
F 2631 dma=22 pix=151004 snd=0 prot=0 cmos=0 ctrl=0
F 2632 dma=22 pix=151004 snd=0 prot=0 cmos=0 ctrl=0
F 2633 dma=22 pix=151004 snd=0 prot=0 cmos=0 ctrl=0
F 2634 dma=22 pix=151004 snd=0 prot=0 cmos=0 ctrl=0
F 2635 dma=22 pix=151004 snd=0 prot=0 cmos=0 ctrl=0
F 2636 dma=22 pix=151004 snd=0 prot=0 cmos=0 ctrl=0
F 2637 dma=22 pix=151004 snd=0 prot=0 cmos=0 ctrl=0
F 2638 dma=22 pix=151004 snd=0 prot=0 cmos=0 ctrl=0
F 2639 dma=22 pix=151004 snd=0 prot=0 cmos=0 ctrl=0
F 2640 dma=22 pix=151004 snd=0 prot=0 cmos=0 ctrl=0
F 2641 dma=22 pix=151004 snd=0 prot=0 cmos=0 ctrl=0
F 2642 dma=22 pix=151004 snd=0 prot=0 cmos=0 ctrl=0
F 2643 dma=22 pix=151004 snd=0 prot=0 cmos=0 ctrl=0
F 2644 dma=22 pix=151004 snd=0 prot=0 cmos=0 ctrl=0
F 2645 dma=22 pix=151004 snd=0 prot=0 cmos=0 ctrl=0
F 2646 dma=22 pix=151004 snd=0 prot=0 cmos=0 ctrl=0
F 2647 dma=22 pix=151004 snd=0 prot=0 cmos=0 ctrl=0
F 2648 dma=22 pix=151004 snd=0 prot=0 cmos=0 ctrl=0
F 2649 dma=22 pix=151004 snd=0 prot=0 cmos=0 ctrl=0
F 2650 dma=22 pix=151004 snd=0 prot=0 cmos=0 ctrl=0
F 2651 dma=22 pix=151004 snd=0 prot=0 cmos=0 ctrl=0
F 2652 dma=22 pix=151004 snd=0 prot=0 cmos=0 ctrl=0
F 2653 dma=22 pix=151004 snd=0 prot=0 cmos=0 ctrl=0
F 2654 dma=22 pix=151004 snd=0 prot=0 cmos=0 ctrl=0
F 2655 dma=22 pix=151004 snd=0 prot=0 cmos=0 ctrl=0
F 2656 dma=22 pix=151004 snd=0 prot=0 cmos=0 ctrl=0
F 2657 dma=22 pix=151004 snd=0 prot=0 cmos=0 ctrl=0
F 2658 dma=22 pix=151004 snd=0 prot=0 cmos=0 ctrl=0
F 2659 dma=22 pix=151004 snd=0 prot=0 cmos=0 ctrl=0
F 2660 dma=22 pix=151004 snd=0 prot=0 cmos=0 ctrl=0
F 2661 dma=22 pix=151004 snd=0 prot=0 cmos=0 ctrl=0
F 2662 dma=22 pix=151004 snd=0 prot=0 cmos=0 ctrl=0
F 2663 dma=22 pix=151004 snd=0 prot=0 cmos=0 ctrl=0
F 2664 dma=22 pix=151004 snd=0 prot=0 cmos=0 ctrl=0
F 2665 dma=22 pix=151004 snd=0 prot=0 cmos=0 ctrl=0
F 2666 dma=22 pix=151004 snd=0 prot=0 cmos=0 ctrl=0
F 2667 dma=22 pix=151004 snd=0 prot=0 cmos=0 ctrl=0
F 2668 dma=22 pix=151004 snd=0 prot=0 cmos=0 ctrl=0
F 2669 dma=22 pix=151004 snd=0 prot=0 cmos=0 ctrl=0
F 2670 dma=22 pix=151004 snd=0 prot=0 cmos=0 ctrl=0
F 2671 dma=22 pix=151004 snd=0 prot=0 cmos=0 ctrl=0
F 2672 dma=22 pix=151004 snd=0 prot=0 cmos=0 ctrl=0
F 2673 dma=22 pix=151004 snd=0 prot=0 cmos=0 ctrl=0
F 2674 dma=22 pix=151004 snd=0 prot=0 cmos=0 ctrl=0
F 2675 dma=22 pix=151004 snd=0 prot=0 cmos=0 ctrl=0
F 2676 dma=22 pix=151004 snd=0 prot=0 cmos=0 ctrl=0
F 2677 dma=22 pix=151004 snd=0 prot=0 cmos=0 ctrl=0
F 2678 dma=22 pix=151004 snd=0 prot=0 cmos=0 ctrl=0
F 2679 dma=22 pix=151004 snd=0 prot=0 cmos=0 ctrl=0
F 2680 dma=22 pix=151004 snd=0 prot=0 cmos=0 ctrl=0
F 2681 dma=22 pix=151004 snd=0 prot=0 cmos=0 ctrl=0
F 2682 dma=22 pix=151004 snd=0 prot=0 cmos=0 ctrl=0
F 2683 dma=22 pix=151004 snd=0 prot=0 cmos=0 ctrl=0
F 2684 dma=22 pix=151004 snd=0 prot=0 cmos=0 ctrl=0
F 2685 dma=22 pix=151004 snd=0 prot=0 cmos=0 ctrl=0
F 2686 dma=22 pix=151004 snd=0 prot=0 cmos=0 ctrl=0
F 2687 dma=22 pix=151004 snd=0 prot=0 cmos=0 ctrl=0
F 2688 dma=22 pix=151004 snd=0 prot=0 cmos=0 ctrl=0
F 2689 dma=22 pix=151004 snd=0 prot=0 cmos=0 ctrl=0
F 2690 dma=22 pix=151004 snd=0 prot=0 cmos=0 ctrl=0
F 2691 dma=22 pix=151004 snd=0 prot=0 cmos=0 ctrl=0
F 2692 dma=22 pix=151004 snd=0 prot=0 cmos=0 ctrl=0
F 2693 dma=22 pix=151004 snd=0 prot=0 cmos=0 ctrl=0
F 2694 dma=22 pix=151004 snd=0 prot=0 cmos=0 ctrl=0
F 2695 dma=22 pix=151004 snd=0 prot=0 cmos=0 ctrl=0
F 2696 dma=22 pix=151004 snd=0 prot=0 cmos=0 ctrl=0
F 2697 dma=22 pix=151004 snd=0 prot=0 cmos=0 ctrl=0
F 2698 dma=22 pix=151004 snd=0 prot=0 cmos=0 ctrl=0
F 2699 dma=22 pix=151004 snd=0 prot=0 cmos=0 ctrl=0
F 2700 dma=22 pix=151004 snd=0 prot=0 cmos=0 ctrl=0
F 2701 dma=22 pix=151004 snd=0 prot=0 cmos=0 ctrl=0
F 2702 dma=22 pix=151004 snd=0 prot=0 cmos=0 ctrl=0
F 2703 dma=22 pix=151004 snd=0 prot=0 cmos=0 ctrl=0
F 2704 dma=22 pix=151004 snd=0 prot=0 cmos=0 ctrl=0
F 2705 dma=22 pix=151004 snd=0 prot=0 cmos=0 ctrl=0
F 2706 dma=22 pix=151004 snd=0 prot=0 cmos=0 ctrl=0
F 2707 dma=22 pix=151004 snd=0 prot=0 cmos=0 ctrl=0
F 2708 dma=22 pix=151004 snd=0 prot=0 cmos=0 ctrl=0
F 2709 dma=22 pix=151004 snd=0 prot=0 cmos=0 ctrl=0
F 2710 dma=0 pix=0 snd=0 prot=0 cmos=0 ctrl=0
CTRL2 f=2710 data=ff18
F 2711 dma=0 pix=0 snd=0 prot=0 cmos=0 ctrl=0
CTRL2 f=2711 data=ff38
F 2712 dma=0 pix=0 snd=0 prot=0 cmos=0 ctrl=0
F 2713 dma=0 pix=0 snd=0 prot=0 cmos=0 ctrl=0
F 2714 dma=0 pix=0 snd=0 prot=0 cmos=0 ctrl=0
F 2715 dma=0 pix=0 snd=0 prot=0 cmos=0 ctrl=0
F 2716 dma=0 pix=0 snd=0 prot=0 cmos=0 ctrl=0
F 2717 dma=0 pix=0 snd=0 prot=0 cmos=0 ctrl=0
F 2718 dma=0 pix=0 snd=0 prot=0 cmos=0 ctrl=0
F 2719 dma=0 pix=0 snd=0 prot=0 cmos=0 ctrl=0
F 2720 dma=0 pix=0 snd=0 prot=0 cmos=0 ctrl=0
F 2721 dma=0 pix=0 snd=0 prot=0 cmos=0 ctrl=0
F 2722 dma=0 pix=0 snd=0 prot=0 cmos=0 ctrl=0
F 2723 dma=0 pix=0 snd=0 prot=0 cmos=0 ctrl=0
F 2724 dma=0 pix=0 snd=0 prot=0 cmos=0 ctrl=0
F 2725 dma=0 pix=0 snd=0 prot=0 cmos=0 ctrl=0
F 2726 dma=0 pix=0 snd=0 prot=0 cmos=0 ctrl=0
F 2727 dma=0 pix=0 snd=0 prot=0 cmos=0 ctrl=0
F 2728 dma=0 pix=0 snd=0 prot=0 cmos=0 ctrl=0
F 2729 dma=0 pix=0 snd=0 prot=0 cmos=0 ctrl=0
F 2730 dma=0 pix=0 snd=0 prot=0 cmos=0 ctrl=0
F 2731 dma=0 pix=0 snd=0 prot=0 cmos=0 ctrl=0
F 2732 dma=0 pix=0 snd=0 prot=0 cmos=0 ctrl=0
F 2733 dma=0 pix=0 snd=0 prot=0 cmos=0 ctrl=0
F 2734 dma=0 pix=0 snd=0 prot=0 cmos=0 ctrl=0
F 2735 dma=0 pix=0 snd=0 prot=0 cmos=0 ctrl=0
F 2736 dma=0 pix=0 snd=0 prot=0 cmos=0 ctrl=0
F 2737 dma=0 pix=0 snd=0 prot=0 cmos=0 ctrl=0
F 2738 dma=0 pix=0 snd=0 prot=0 cmos=0 ctrl=0
F 2739 dma=0 pix=0 snd=0 prot=0 cmos=0 ctrl=0
F 2740 dma=0 pix=0 snd=0 prot=0 cmos=0 ctrl=0
F 2741 dma=0 pix=0 snd=0 prot=0 cmos=0 ctrl=0
F 2742 dma=0 pix=0 snd=0 prot=0 cmos=0 ctrl=0
F 2743 dma=0 pix=0 snd=0 prot=0 cmos=0 ctrl=0
F 2744 dma=0 pix=0 snd=0 prot=0 cmos=0 ctrl=0
F 2745 dma=0 pix=0 snd=0 prot=0 cmos=0 ctrl=0
F 2746 dma=0 pix=0 snd=0 prot=0 cmos=0 ctrl=0
F 2747 dma=0 pix=0 snd=0 prot=0 cmos=0 ctrl=0
F 2748 dma=0 pix=0 snd=0 prot=0 cmos=0 ctrl=0
F 2749 dma=0 pix=0 snd=0 prot=0 cmos=0 ctrl=0
F 2750 dma=0 pix=0 snd=0 prot=0 cmos=0 ctrl=0
IO 2750 0015 0032 00fa 00fc 0003 0014 0112 0120 f010 fffc 0112 002c 0000 0000 0000 0000 0000 0404 0400 0000 0000 0008 0000 0000 0000 0000 0000 001c 0032 0111 f01c 9ec8
F 2751 dma=0 pix=0 snd=0 prot=0 cmos=0 ctrl=0
F 2752 dma=0 pix=0 snd=0 prot=0 cmos=0 ctrl=0
F 2753 dma=0 pix=0 snd=0 prot=0 cmos=0 ctrl=0
F 2754 dma=0 pix=0 snd=0 prot=0 cmos=0 ctrl=0
F 2755 dma=0 pix=0 snd=0 prot=0 cmos=0 ctrl=0
F 2756 dma=0 pix=0 snd=0 prot=0 cmos=0 ctrl=0
F 2757 dma=0 pix=0 snd=0 prot=0 cmos=0 ctrl=0
F 2758 dma=0 pix=0 snd=0 prot=0 cmos=0 ctrl=0
F 2759 dma=0 pix=0 snd=0 prot=0 cmos=0 ctrl=0
F 2760 dma=0 pix=0 snd=0 prot=0 cmos=0 ctrl=0
F 2761 dma=0 pix=0 snd=0 prot=0 cmos=0 ctrl=0
F 2762 dma=0 pix=0 snd=0 prot=0 cmos=0 ctrl=0
F 2763 dma=0 pix=0 snd=0 prot=0 cmos=0 ctrl=0
F 2764 dma=0 pix=0 snd=0 prot=0 cmos=0 ctrl=0
F 2765 dma=0 pix=0 snd=0 prot=0 cmos=0 ctrl=0
PROTW f=2765 off=01b23c30 data=fc00
PROTW f=2765 off=01b23830 data=f800
PROTW f=2765 off=01b23430 data=f400
PROTW f=2765 off=01b23030 data=f000
PROTW f=2765 off=01b22c30 data=ec00
PROTW f=2765 off=01b22830 data=e800
PROTW f=2765 off=01b22430 data=e400
PROTW f=2765 off=01b22030 data=e000
PROTW f=2765 off=01b21c30 data=dc00
PROTW f=2765 off=01b21830 data=d800
PROTW f=2765 off=01b21430 data=d400
PROTW f=2765 off=01b21030 data=d000
PROTW f=2765 off=01b20c30 data=cc00
PROTW f=2765 off=01b20830 data=c800
PROTW f=2765 off=01b20430 data=c400
PROTW f=2765 off=01b20030 data=c000
PROTW f=2765 off=01b1fc30 data=bc00
PROTW f=2765 off=01b1f830 data=b800
PROTW f=2765 off=01b1f430 data=b400
PROTW f=2765 off=01b1f030 data=b000
PROTW f=2765 off=01b1ec30 data=ac00
PROTW f=2765 off=01b1e830 data=a800
PROTW f=2765 off=01b1e430 data=a400
PROTW f=2765 off=01b1e030 data=a000
PROTW f=2765 off=01b1dc30 data=9c00
PROTW f=2765 off=01b1d830 data=9800
PROTW f=2765 off=01b1d430 data=9400
PROTW f=2765 off=01b1d030 data=9000
PROTW f=2765 off=01b1cc30 data=8c00
PROTW f=2765 off=01b1c830 data=8800
PROTW f=2765 off=01b1c430 data=8400
PROTW f=2765 off=01b1c030 data=8000
PROTW f=2765 off=01b1bc30 data=7c00
PROTW f=2765 off=01b1b830 data=7800
PROTW f=2765 off=01b1b430 data=7400
PROTW f=2765 off=01b1b030 data=7000
PROTW f=2765 off=01b1ac30 data=6c00
PROTW f=2765 off=01b1a830 data=6800
PROTW f=2765 off=01b1a430 data=6400
PROTW f=2765 off=01b1a030 data=6000
PROTW f=2765 off=01b19c30 data=5c00
PROTW f=2765 off=01b19830 data=5800
PROTW f=2765 off=01b19430 data=5400
PROTW f=2765 off=01b19030 data=5000
PROTW f=2765 off=01b18c30 data=4c00
PROTW f=2765 off=01b18830 data=4800
PROTW f=2765 off=01b18430 data=4400
PROTW f=2765 off=01b18030 data=4000
PROTW f=2765 off=01b17c30 data=3c00
PROTW f=2765 off=01b17830 data=3800
PROTW f=2765 off=01b17430 data=3400
PROTW f=2765 off=01b17030 data=3000
PROTW f=2765 off=01b16c30 data=2c00
PROTW f=2765 off=01b16830 data=2800
PROTW f=2765 off=01b16430 data=2400
PROTW f=2765 off=01b16030 data=2000
PROTW f=2765 off=01b15c30 data=1c00
PROTW f=2765 off=01b15830 data=1800
PROTW f=2765 off=01b15430 data=1400
PROTW f=2765 off=01b15030 data=1000
PROTW f=2765 off=01b14c30 data=0c00
PROTW f=2765 off=01b14830 data=0800
PROTW f=2765 off=01b14430 data=0400
PROTW f=2765 off=01b14030 data=0000
F 2766 dma=0 pix=0 snd=0 prot=384 cmos=0 ctrl=0
F 2767 dma=0 pix=0 snd=0 prot=0 cmos=0 ctrl=0
CTRL2 f=2767 data=fff8
F 2768 dma=0 pix=0 snd=0 prot=0 cmos=0 ctrl=0
PROTW f=2768 off=01b23c30 data=fc00
PROTW f=2768 off=01b23830 data=f800
PROTW f=2768 off=01b23430 data=f400
PROTW f=2768 off=01b23030 data=f000
PROTW f=2768 off=01b22c30 data=ec00
PROTW f=2768 off=01b22830 data=e800
PROTW f=2768 off=01b22430 data=e400
PROTW f=2768 off=01b22030 data=e000
PROTW f=2768 off=01b21c30 data=dc00
PROTW f=2768 off=01b21830 data=d800
PROTW f=2768 off=01b21430 data=d400
PROTW f=2768 off=01b21030 data=d000
PROTW f=2768 off=01b20c30 data=cc00
PROTW f=2768 off=01b20830 data=c800
PROTW f=2768 off=01b20430 data=c400
PROTW f=2768 off=01b20030 data=c000
PROTW f=2768 off=01b1fc30 data=bc00
PROTW f=2768 off=01b1f830 data=b800
PROTW f=2768 off=01b1f430 data=b400
PROTW f=2768 off=01b1f030 data=b000
PROTW f=2768 off=01b1ec30 data=ac00
PROTW f=2768 off=01b1e830 data=a800
PROTW f=2768 off=01b1e430 data=a400
PROTW f=2768 off=01b1e030 data=a000
PROTW f=2768 off=01b1dc30 data=9c00
PROTW f=2768 off=01b1d830 data=9800
PROTW f=2768 off=01b1d430 data=9400
PROTW f=2768 off=01b1d030 data=9000
PROTW f=2768 off=01b1cc30 data=8c00
PROTW f=2768 off=01b1c830 data=8800
PROTW f=2768 off=01b1c430 data=8400
PROTW f=2768 off=01b1c030 data=8000
PROTW f=2768 off=01b1bc30 data=7c00
PROTW f=2768 off=01b1b830 data=7800
PROTW f=2768 off=01b1b430 data=7400
PROTW f=2768 off=01b1b030 data=7000
PROTW f=2768 off=01b1ac30 data=6c00
PROTW f=2768 off=01b1a830 data=6800
PROTW f=2768 off=01b1a430 data=6400
PROTW f=2768 off=01b1a030 data=6000
PROTW f=2768 off=01b19c30 data=5c00
PROTW f=2768 off=01b19830 data=5800
PROTW f=2768 off=01b19430 data=5400
PROTW f=2768 off=01b19030 data=5000
PROTW f=2768 off=01b18c30 data=4c00
PROTW f=2768 off=01b18830 data=4800
PROTW f=2768 off=01b18430 data=4400
PROTW f=2768 off=01b18030 data=4000
PROTW f=2768 off=01b17c30 data=3c00
PROTW f=2768 off=01b17830 data=3800
PROTW f=2768 off=01b17430 data=3400
PROTW f=2768 off=01b17030 data=3000
PROTW f=2768 off=01b16c30 data=2c00
PROTW f=2768 off=01b16830 data=2800
PROTW f=2768 off=01b16430 data=2400
PROTW f=2768 off=01b16030 data=2000
PROTW f=2768 off=01b15c30 data=1c00
PROTW f=2768 off=01b15830 data=1800
PROTW f=2768 off=01b15430 data=1400
PROTW f=2768 off=01b15030 data=1000
PROTW f=2768 off=01b14c30 data=0c00
PROTW f=2768 off=01b14830 data=0800
PROTW f=2768 off=01b14430 data=0400
PROTW f=2768 off=01b14030 data=0000
F 2769 dma=0 pix=0 snd=0 prot=384 cmos=0 ctrl=0
F 2770 dma=0 pix=0 snd=0 prot=0 cmos=0 ctrl=0
CTRL2 f=2770 data=fff8
F 2771 dma=0 pix=0 snd=0 prot=0 cmos=0 ctrl=0
F 2772 dma=0 pix=0 snd=0 prot=0 cmos=0 ctrl=0
F 2773 dma=0 pix=0 snd=0 prot=0 cmos=0 ctrl=0
F 2774 dma=0 pix=0 snd=0 prot=0 cmos=0 ctrl=0
F 2775 dma=0 pix=0 snd=0 prot=0 cmos=0 ctrl=0
F 2776 dma=0 pix=0 snd=0 prot=0 cmos=0 ctrl=0
F 2777 dma=0 pix=0 snd=0 prot=0 cmos=0 ctrl=0
F 2778 dma=204 pix=13812 snd=0 prot=0 cmos=0 ctrl=0
F 2779 dma=204 pix=13812 snd=0 prot=0 cmos=0 ctrl=0
F 2780 dma=0 pix=0 snd=0 prot=0 cmos=0 ctrl=0
F 2781 dma=204 pix=13812 snd=0 prot=0 cmos=0 ctrl=0
F 2782 dma=204 pix=13812 snd=0 prot=0 cmos=0 ctrl=0
F 2783 dma=204 pix=13812 snd=0 prot=0 cmos=0 ctrl=0
F 2784 dma=204 pix=13812 snd=0 prot=0 cmos=0 ctrl=0
F 2785 dma=204 pix=13812 snd=0 prot=0 cmos=0 ctrl=0
F 2786 dma=204 pix=13812 snd=0 prot=0 cmos=0 ctrl=0
F 2787 dma=204 pix=13812 snd=0 prot=0 cmos=0 ctrl=0
F 2788 dma=204 pix=13812 snd=0 prot=0 cmos=0 ctrl=0
F 2789 dma=204 pix=13812 snd=0 prot=0 cmos=0 ctrl=0
F 2790 dma=204 pix=13812 snd=0 prot=0 cmos=0 ctrl=0
F 2791 dma=204 pix=13812 snd=0 prot=0 cmos=0 ctrl=0
F 2792 dma=204 pix=13812 snd=0 prot=0 cmos=0 ctrl=0
F 2793 dma=204 pix=13812 snd=0 prot=0 cmos=0 ctrl=0
F 2794 dma=204 pix=13812 snd=0 prot=0 cmos=0 ctrl=0
F 2795 dma=204 pix=13812 snd=0 prot=0 cmos=0 ctrl=0
F 2796 dma=204 pix=13812 snd=0 prot=0 cmos=0 ctrl=0
F 2797 dma=204 pix=13812 snd=0 prot=0 cmos=0 ctrl=0
F 2798 dma=204 pix=13812 snd=0 prot=0 cmos=0 ctrl=0
F 2799 dma=204 pix=13812 snd=0 prot=0 cmos=0 ctrl=0
F 2800 dma=204 pix=13812 snd=0 prot=0 cmos=0 ctrl=0
F 2801 dma=204 pix=13812 snd=0 prot=0 cmos=0 ctrl=0
F 2802 dma=204 pix=13812 snd=0 prot=0 cmos=0 ctrl=0
F 2803 dma=204 pix=13812 snd=0 prot=0 cmos=0 ctrl=0
F 2804 dma=204 pix=13812 snd=0 prot=0 cmos=0 ctrl=0
F 2805 dma=204 pix=13812 snd=0 prot=0 cmos=0 ctrl=0
F 2806 dma=204 pix=13812 snd=0 prot=0 cmos=0 ctrl=0
F 2807 dma=204 pix=13812 snd=0 prot=0 cmos=0 ctrl=0
F 2808 dma=204 pix=13812 snd=0 prot=0 cmos=0 ctrl=0
F 2809 dma=204 pix=13812 snd=0 prot=0 cmos=0 ctrl=0
F 2810 dma=204 pix=13812 snd=0 prot=0 cmos=0 ctrl=0
F 2811 dma=204 pix=13812 snd=0 prot=0 cmos=0 ctrl=0
F 2812 dma=204 pix=13812 snd=0 prot=0 cmos=0 ctrl=0
F 2813 dma=204 pix=13812 snd=0 prot=0 cmos=0 ctrl=0
F 2814 dma=204 pix=13812 snd=0 prot=0 cmos=0 ctrl=0
F 2815 dma=204 pix=13812 snd=0 prot=0 cmos=0 ctrl=0
F 2816 dma=204 pix=13812 snd=0 prot=0 cmos=0 ctrl=0
F 2817 dma=204 pix=13812 snd=0 prot=0 cmos=0 ctrl=0
F 2818 dma=204 pix=13812 snd=0 prot=0 cmos=0 ctrl=0
F 2819 dma=204 pix=13812 snd=0 prot=0 cmos=0 ctrl=0
F 2820 dma=204 pix=13812 snd=0 prot=0 cmos=0 ctrl=0
F 2821 dma=204 pix=13812 snd=0 prot=0 cmos=0 ctrl=0
F 2822 dma=204 pix=13812 snd=0 prot=0 cmos=0 ctrl=0
F 2823 dma=204 pix=13812 snd=0 prot=0 cmos=0 ctrl=0
F 2824 dma=204 pix=13812 snd=0 prot=0 cmos=0 ctrl=0
F 2825 dma=204 pix=13812 snd=0 prot=0 cmos=0 ctrl=0
F 2826 dma=204 pix=13812 snd=0 prot=0 cmos=0 ctrl=0
F 2827 dma=204 pix=13812 snd=0 prot=0 cmos=0 ctrl=0
F 2828 dma=204 pix=13812 snd=0 prot=0 cmos=0 ctrl=0
F 2829 dma=204 pix=13812 snd=0 prot=0 cmos=0 ctrl=0
F 2830 dma=204 pix=13812 snd=0 prot=0 cmos=0 ctrl=0
F 2831 dma=204 pix=13812 snd=0 prot=0 cmos=0 ctrl=0
F 2832 dma=204 pix=13812 snd=0 prot=0 cmos=0 ctrl=0
F 2833 dma=204 pix=13812 snd=0 prot=0 cmos=0 ctrl=0
F 2834 dma=204 pix=13812 snd=0 prot=0 cmos=0 ctrl=0
F 2835 dma=204 pix=13812 snd=0 prot=0 cmos=0 ctrl=0
F 2836 dma=204 pix=13812 snd=0 prot=0 cmos=0 ctrl=0
F 2837 dma=204 pix=13812 snd=0 prot=0 cmos=0 ctrl=0
F 2838 dma=204 pix=13812 snd=0 prot=0 cmos=0 ctrl=0
F 2839 dma=204 pix=13812 snd=0 prot=0 cmos=0 ctrl=0
F 2840 dma=204 pix=13812 snd=0 prot=0 cmos=0 ctrl=0
F 2841 dma=204 pix=13812 snd=0 prot=0 cmos=0 ctrl=0
F 2842 dma=204 pix=13812 snd=0 prot=0 cmos=0 ctrl=0
F 2843 dma=204 pix=13812 snd=0 prot=0 cmos=0 ctrl=0
F 2844 dma=204 pix=13812 snd=0 prot=0 cmos=0 ctrl=0
F 2845 dma=204 pix=13812 snd=0 prot=0 cmos=0 ctrl=0
F 2846 dma=204 pix=13812 snd=0 prot=0 cmos=0 ctrl=0
F 2847 dma=204 pix=13812 snd=0 prot=0 cmos=0 ctrl=0
F 2848 dma=204 pix=13812 snd=0 prot=0 cmos=0 ctrl=0
F 2849 dma=204 pix=13812 snd=0 prot=0 cmos=0 ctrl=0
F 2850 dma=204 pix=13812 snd=0 prot=0 cmos=0 ctrl=0
F 2851 dma=204 pix=13812 snd=0 prot=0 cmos=0 ctrl=0
F 2852 dma=204 pix=13812 snd=0 prot=0 cmos=0 ctrl=0
F 2853 dma=204 pix=13812 snd=0 prot=0 cmos=0 ctrl=0
F 2854 dma=204 pix=13812 snd=0 prot=0 cmos=0 ctrl=0
F 2855 dma=204 pix=13812 snd=0 prot=0 cmos=0 ctrl=0
F 2856 dma=204 pix=13812 snd=0 prot=0 cmos=6 ctrl=0
F 2857 dma=204 pix=13812 snd=0 prot=0 cmos=0 ctrl=0
F 2858 dma=204 pix=13812 snd=0 prot=0 cmos=0 ctrl=0
F 2859 dma=204 pix=13812 snd=0 prot=0 cmos=0 ctrl=0
F 2860 dma=204 pix=13812 snd=0 prot=0 cmos=0 ctrl=0
F 2861 dma=204 pix=13812 snd=0 prot=0 cmos=0 ctrl=0
F 2862 dma=204 pix=13812 snd=0 prot=0 cmos=0 ctrl=0
F 2863 dma=204 pix=13812 snd=0 prot=0 cmos=0 ctrl=0
F 2864 dma=204 pix=13812 snd=0 prot=0 cmos=0 ctrl=0
F 2865 dma=204 pix=13812 snd=0 prot=0 cmos=0 ctrl=0
F 2866 dma=204 pix=13812 snd=0 prot=0 cmos=0 ctrl=0
F 2867 dma=204 pix=13812 snd=0 prot=0 cmos=0 ctrl=0
F 2868 dma=204 pix=13812 snd=0 prot=0 cmos=0 ctrl=0
F 2869 dma=204 pix=13812 snd=0 prot=0 cmos=0 ctrl=0
F 2870 dma=204 pix=13812 snd=0 prot=0 cmos=0 ctrl=0
F 2871 dma=204 pix=13812 snd=0 prot=0 cmos=0 ctrl=0
F 2872 dma=204 pix=13812 snd=0 prot=0 cmos=0 ctrl=0
F 2873 dma=204 pix=13812 snd=0 prot=0 cmos=0 ctrl=0
F 2874 dma=204 pix=13812 snd=0 prot=0 cmos=0 ctrl=0
F 2875 dma=204 pix=13812 snd=0 prot=0 cmos=0 ctrl=0
F 2876 dma=204 pix=13812 snd=0 prot=0 cmos=0 ctrl=0
F 2877 dma=204 pix=13812 snd=0 prot=0 cmos=0 ctrl=0
F 2878 dma=204 pix=13812 snd=0 prot=0 cmos=0 ctrl=0
F 2879 dma=204 pix=13812 snd=0 prot=0 cmos=0 ctrl=0
F 2880 dma=204 pix=13812 snd=0 prot=0 cmos=0 ctrl=0
F 2881 dma=204 pix=13812 snd=0 prot=0 cmos=0 ctrl=0
F 2882 dma=204 pix=13812 snd=0 prot=0 cmos=0 ctrl=0
F 2883 dma=204 pix=13812 snd=0 prot=0 cmos=0 ctrl=0
F 2884 dma=204 pix=13812 snd=0 prot=0 cmos=0 ctrl=0
F 2885 dma=204 pix=13812 snd=0 prot=0 cmos=0 ctrl=0
F 2886 dma=204 pix=13812 snd=0 prot=0 cmos=0 ctrl=0
F 2887 dma=204 pix=13812 snd=0 prot=0 cmos=0 ctrl=0
F 2888 dma=204 pix=13812 snd=0 prot=0 cmos=0 ctrl=0
F 2889 dma=204 pix=13812 snd=0 prot=0 cmos=0 ctrl=0
F 2890 dma=204 pix=13812 snd=0 prot=0 cmos=0 ctrl=0
F 2891 dma=204 pix=13812 snd=0 prot=0 cmos=0 ctrl=0
F 2892 dma=204 pix=13812 snd=0 prot=0 cmos=0 ctrl=0
F 2893 dma=204 pix=13812 snd=0 prot=0 cmos=0 ctrl=0
F 2894 dma=204 pix=13812 snd=0 prot=0 cmos=0 ctrl=0
F 2895 dma=204 pix=13812 snd=0 prot=0 cmos=0 ctrl=0
F 2896 dma=204 pix=13812 snd=0 prot=0 cmos=0 ctrl=0
F 2897 dma=204 pix=13812 snd=0 prot=0 cmos=0 ctrl=0
F 2898 dma=204 pix=13812 snd=0 prot=0 cmos=0 ctrl=0
F 2899 dma=204 pix=13812 snd=0 prot=0 cmos=0 ctrl=0
F 2900 dma=204 pix=13812 snd=0 prot=0 cmos=0 ctrl=0
F 2901 dma=204 pix=13812 snd=0 prot=0 cmos=0 ctrl=0
F 2902 dma=204 pix=13812 snd=0 prot=0 cmos=0 ctrl=0
F 2903 dma=204 pix=13812 snd=0 prot=0 cmos=0 ctrl=0
F 2904 dma=204 pix=13812 snd=0 prot=0 cmos=0 ctrl=0
F 2905 dma=204 pix=13812 snd=0 prot=0 cmos=0 ctrl=0
F 2906 dma=204 pix=13812 snd=0 prot=0 cmos=0 ctrl=0
F 2907 dma=204 pix=13812 snd=0 prot=0 cmos=0 ctrl=0
F 2908 dma=204 pix=13812 snd=0 prot=0 cmos=0 ctrl=0
F 2909 dma=204 pix=13812 snd=0 prot=0 cmos=0 ctrl=0
F 2910 dma=204 pix=13812 snd=0 prot=0 cmos=0 ctrl=0
F 2911 dma=204 pix=13812 snd=0 prot=0 cmos=0 ctrl=0
F 2912 dma=204 pix=13812 snd=0 prot=0 cmos=0 ctrl=0
F 2913 dma=204 pix=13812 snd=0 prot=0 cmos=0 ctrl=0
F 2914 dma=204 pix=13812 snd=0 prot=0 cmos=0 ctrl=0
F 2915 dma=204 pix=13812 snd=0 prot=0 cmos=0 ctrl=0
F 2916 dma=204 pix=13812 snd=0 prot=0 cmos=0 ctrl=0
F 2917 dma=204 pix=13812 snd=0 prot=0 cmos=0 ctrl=0
F 2918 dma=204 pix=13812 snd=0 prot=0 cmos=0 ctrl=0
F 2919 dma=204 pix=13812 snd=0 prot=0 cmos=0 ctrl=0
F 2920 dma=204 pix=13812 snd=0 prot=0 cmos=0 ctrl=0
F 2921 dma=204 pix=13812 snd=0 prot=0 cmos=0 ctrl=0
F 2922 dma=204 pix=13812 snd=0 prot=0 cmos=0 ctrl=0
F 2923 dma=204 pix=13812 snd=0 prot=0 cmos=0 ctrl=0
F 2924 dma=204 pix=13812 snd=0 prot=0 cmos=0 ctrl=0
F 2925 dma=204 pix=13812 snd=0 prot=0 cmos=0 ctrl=0
F 2926 dma=204 pix=13812 snd=0 prot=0 cmos=0 ctrl=0
F 2927 dma=204 pix=13812 snd=0 prot=0 cmos=0 ctrl=0
F 2928 dma=204 pix=13812 snd=0 prot=0 cmos=0 ctrl=0
F 2929 dma=204 pix=13812 snd=0 prot=0 cmos=0 ctrl=0
F 2930 dma=204 pix=13812 snd=0 prot=0 cmos=0 ctrl=0
F 2931 dma=204 pix=13812 snd=0 prot=0 cmos=0 ctrl=0
F 2932 dma=204 pix=13812 snd=0 prot=0 cmos=0 ctrl=0
F 2933 dma=204 pix=13812 snd=0 prot=0 cmos=0 ctrl=0
F 2934 dma=204 pix=13812 snd=0 prot=0 cmos=0 ctrl=0
F 2935 dma=204 pix=13812 snd=0 prot=0 cmos=0 ctrl=0
F 2936 dma=204 pix=13812 snd=0 prot=0 cmos=0 ctrl=0
F 2937 dma=204 pix=13812 snd=0 prot=0 cmos=0 ctrl=0
F 2938 dma=204 pix=13812 snd=0 prot=0 cmos=0 ctrl=0
F 2939 dma=204 pix=13812 snd=0 prot=0 cmos=0 ctrl=0
F 2940 dma=204 pix=13812 snd=0 prot=0 cmos=0 ctrl=0
F 2941 dma=204 pix=13812 snd=0 prot=0 cmos=0 ctrl=0
F 2942 dma=204 pix=13812 snd=0 prot=0 cmos=0 ctrl=0
F 2943 dma=204 pix=13812 snd=0 prot=0 cmos=0 ctrl=0
F 2944 dma=204 pix=13812 snd=0 prot=0 cmos=0 ctrl=0
F 2945 dma=204 pix=13812 snd=0 prot=0 cmos=0 ctrl=0
F 2946 dma=204 pix=13812 snd=0 prot=0 cmos=0 ctrl=0
F 2947 dma=204 pix=13812 snd=0 prot=0 cmos=0 ctrl=0
F 2948 dma=204 pix=13812 snd=0 prot=0 cmos=0 ctrl=0
F 2949 dma=204 pix=13812 snd=0 prot=0 cmos=0 ctrl=0
F 2950 dma=204 pix=13812 snd=0 prot=0 cmos=0 ctrl=0
F 2951 dma=204 pix=13812 snd=0 prot=0 cmos=0 ctrl=0
F 2952 dma=204 pix=13812 snd=0 prot=0 cmos=0 ctrl=0
F 2953 dma=204 pix=13812 snd=0 prot=0 cmos=0 ctrl=0
F 2954 dma=204 pix=13812 snd=0 prot=0 cmos=0 ctrl=0
F 2955 dma=204 pix=13812 snd=0 prot=0 cmos=0 ctrl=0
F 2956 dma=204 pix=13812 snd=0 prot=0 cmos=0 ctrl=0
F 2957 dma=204 pix=13812 snd=0 prot=0 cmos=0 ctrl=0
F 2958 dma=204 pix=13812 snd=0 prot=0 cmos=0 ctrl=0
F 2959 dma=204 pix=13812 snd=0 prot=0 cmos=0 ctrl=0
F 2960 dma=204 pix=13812 snd=0 prot=0 cmos=0 ctrl=0
F 2961 dma=204 pix=13812 snd=0 prot=0 cmos=0 ctrl=0
F 2962 dma=204 pix=13812 snd=0 prot=0 cmos=0 ctrl=0
F 2963 dma=204 pix=13812 snd=0 prot=0 cmos=0 ctrl=0
F 2964 dma=204 pix=13812 snd=0 prot=0 cmos=0 ctrl=0
F 2965 dma=204 pix=13812 snd=0 prot=0 cmos=0 ctrl=0
F 2966 dma=204 pix=13812 snd=0 prot=0 cmos=0 ctrl=0
F 2967 dma=204 pix=13812 snd=0 prot=0 cmos=0 ctrl=0
F 2968 dma=204 pix=13812 snd=0 prot=0 cmos=0 ctrl=0
F 2969 dma=204 pix=13812 snd=0 prot=0 cmos=0 ctrl=0
F 2970 dma=204 pix=13812 snd=0 prot=0 cmos=0 ctrl=0
F 2971 dma=204 pix=13812 snd=0 prot=0 cmos=0 ctrl=0
F 2972 dma=204 pix=13812 snd=0 prot=0 cmos=0 ctrl=0
F 2973 dma=204 pix=13812 snd=0 prot=0 cmos=0 ctrl=0
F 2974 dma=204 pix=13812 snd=0 prot=0 cmos=0 ctrl=0
F 2975 dma=204 pix=13812 snd=0 prot=0 cmos=0 ctrl=0
F 2976 dma=204 pix=13812 snd=0 prot=0 cmos=0 ctrl=0
F 2977 dma=204 pix=13812 snd=0 prot=0 cmos=0 ctrl=0
F 2978 dma=204 pix=13812 snd=0 prot=0 cmos=0 ctrl=0
F 2979 dma=204 pix=13812 snd=0 prot=0 cmos=0 ctrl=0
F 2980 dma=204 pix=13812 snd=0 prot=0 cmos=0 ctrl=0
F 2981 dma=204 pix=13812 snd=0 prot=0 cmos=0 ctrl=0
F 2982 dma=204 pix=13812 snd=0 prot=0 cmos=0 ctrl=0
F 2983 dma=204 pix=13812 snd=0 prot=0 cmos=0 ctrl=0
F 2984 dma=204 pix=13812 snd=0 prot=0 cmos=0 ctrl=0
F 2985 dma=204 pix=13812 snd=0 prot=0 cmos=0 ctrl=0
F 2986 dma=204 pix=13812 snd=0 prot=0 cmos=0 ctrl=0
F 2987 dma=204 pix=13812 snd=0 prot=0 cmos=0 ctrl=0
F 2988 dma=204 pix=13812 snd=0 prot=0 cmos=0 ctrl=0
F 2989 dma=204 pix=13812 snd=0 prot=0 cmos=0 ctrl=0
F 2990 dma=204 pix=13812 snd=0 prot=0 cmos=0 ctrl=0
F 2991 dma=204 pix=13812 snd=0 prot=0 cmos=0 ctrl=0
F 2992 dma=204 pix=13812 snd=0 prot=0 cmos=0 ctrl=0
F 2993 dma=204 pix=13812 snd=0 prot=0 cmos=0 ctrl=0
F 2994 dma=204 pix=13812 snd=0 prot=0 cmos=0 ctrl=0
F 2995 dma=204 pix=13812 snd=0 prot=0 cmos=0 ctrl=0
F 2996 dma=204 pix=13812 snd=0 prot=0 cmos=0 ctrl=0
F 2997 dma=204 pix=13812 snd=0 prot=0 cmos=0 ctrl=0
F 2998 dma=204 pix=13812 snd=0 prot=0 cmos=0 ctrl=0
F 2999 dma=204 pix=13812 snd=0 prot=0 cmos=0 ctrl=0
F 3000 dma=204 pix=13812 snd=0 prot=0 cmos=0 ctrl=0
IO 3000 0015 0032 00fa 00fc 0003 0014 0112 0120 f010 effc 0112 002c 0000 0000 0000 0000 0000 0404 0402 0000 0000 0008 0000 0000 0000 0000 0000 001c 0032 0111 e01c dbc4
F 3001 dma=204 pix=13812 snd=0 prot=0 cmos=0 ctrl=0
F 3002 dma=204 pix=13812 snd=0 prot=0 cmos=0 ctrl=0
F 3003 dma=204 pix=13812 snd=0 prot=0 cmos=0 ctrl=0
F 3004 dma=204 pix=13812 snd=0 prot=0 cmos=0 ctrl=0
F 3005 dma=204 pix=13812 snd=0 prot=0 cmos=0 ctrl=0
F 3006 dma=204 pix=13812 snd=0 prot=0 cmos=0 ctrl=0
F 3007 dma=204 pix=13812 snd=0 prot=0 cmos=0 ctrl=0
F 3008 dma=204 pix=13812 snd=0 prot=0 cmos=0 ctrl=0
F 3009 dma=204 pix=13812 snd=0 prot=0 cmos=0 ctrl=0
F 3010 dma=204 pix=13812 snd=0 prot=0 cmos=0 ctrl=0
F 3011 dma=204 pix=13812 snd=0 prot=0 cmos=0 ctrl=0
F 3012 dma=204 pix=13812 snd=0 prot=0 cmos=0 ctrl=0
F 3013 dma=204 pix=13812 snd=0 prot=0 cmos=0 ctrl=0
F 3014 dma=204 pix=13812 snd=0 prot=0 cmos=0 ctrl=0
F 3015 dma=204 pix=13812 snd=0 prot=0 cmos=0 ctrl=0
F 3016 dma=204 pix=13812 snd=0 prot=0 cmos=0 ctrl=0
F 3017 dma=204 pix=13812 snd=0 prot=0 cmos=0 ctrl=0
F 3018 dma=204 pix=13812 snd=0 prot=0 cmos=0 ctrl=0
F 3019 dma=204 pix=13812 snd=0 prot=0 cmos=0 ctrl=0
F 3020 dma=204 pix=13812 snd=0 prot=0 cmos=0 ctrl=0
F 3021 dma=204 pix=13812 snd=0 prot=0 cmos=0 ctrl=0
F 3022 dma=204 pix=13812 snd=0 prot=0 cmos=0 ctrl=0
F 3023 dma=204 pix=13812 snd=0 prot=0 cmos=0 ctrl=0
F 3024 dma=204 pix=13812 snd=0 prot=0 cmos=0 ctrl=0
F 3025 dma=204 pix=13812 snd=0 prot=0 cmos=0 ctrl=0
F 3026 dma=204 pix=13812 snd=0 prot=0 cmos=0 ctrl=0
F 3027 dma=204 pix=13812 snd=0 prot=0 cmos=0 ctrl=0
F 3028 dma=204 pix=13812 snd=0 prot=0 cmos=0 ctrl=0
F 3029 dma=204 pix=13812 snd=0 prot=0 cmos=0 ctrl=0
F 3030 dma=204 pix=13812 snd=0 prot=0 cmos=0 ctrl=0
F 3031 dma=204 pix=13812 snd=0 prot=0 cmos=0 ctrl=0
F 3032 dma=204 pix=13812 snd=0 prot=0 cmos=0 ctrl=0
F 3033 dma=204 pix=13812 snd=0 prot=0 cmos=0 ctrl=0
F 3034 dma=204 pix=13812 snd=0 prot=0 cmos=0 ctrl=0
F 3035 dma=204 pix=13812 snd=0 prot=0 cmos=0 ctrl=0
F 3036 dma=204 pix=13812 snd=0 prot=0 cmos=0 ctrl=0
F 3037 dma=204 pix=13812 snd=0 prot=0 cmos=0 ctrl=0
F 3038 dma=204 pix=13812 snd=0 prot=0 cmos=0 ctrl=0
F 3039 dma=204 pix=13812 snd=0 prot=0 cmos=0 ctrl=0
F 3040 dma=204 pix=13812 snd=0 prot=0 cmos=0 ctrl=0
F 3041 dma=204 pix=13812 snd=0 prot=0 cmos=0 ctrl=0
F 3042 dma=204 pix=13812 snd=0 prot=0 cmos=0 ctrl=0
F 3043 dma=204 pix=13812 snd=0 prot=0 cmos=0 ctrl=0
F 3044 dma=204 pix=13812 snd=0 prot=0 cmos=0 ctrl=0
F 3045 dma=204 pix=13812 snd=0 prot=0 cmos=0 ctrl=0
F 3046 dma=204 pix=13812 snd=0 prot=0 cmos=0 ctrl=0
F 3047 dma=204 pix=13812 snd=0 prot=0 cmos=0 ctrl=0
F 3048 dma=204 pix=13812 snd=0 prot=0 cmos=0 ctrl=0
F 3049 dma=204 pix=13812 snd=0 prot=0 cmos=0 ctrl=0
F 3050 dma=204 pix=13812 snd=0 prot=0 cmos=0 ctrl=0
F 3051 dma=204 pix=13812 snd=0 prot=0 cmos=0 ctrl=0
F 3052 dma=204 pix=13812 snd=0 prot=0 cmos=0 ctrl=0
F 3053 dma=204 pix=13812 snd=0 prot=0 cmos=0 ctrl=0
F 3054 dma=204 pix=13812 snd=0 prot=0 cmos=0 ctrl=0
F 3055 dma=204 pix=13812 snd=0 prot=0 cmos=0 ctrl=0
F 3056 dma=204 pix=13812 snd=0 prot=0 cmos=0 ctrl=0
F 3057 dma=204 pix=13812 snd=0 prot=0 cmos=0 ctrl=0
F 3058 dma=204 pix=13812 snd=0 prot=0 cmos=0 ctrl=0
F 3059 dma=204 pix=13812 snd=0 prot=0 cmos=0 ctrl=0
F 3060 dma=204 pix=13812 snd=0 prot=0 cmos=0 ctrl=0
F 3061 dma=204 pix=13812 snd=0 prot=0 cmos=0 ctrl=0
F 3062 dma=204 pix=13812 snd=0 prot=0 cmos=0 ctrl=0
F 3063 dma=204 pix=13812 snd=0 prot=0 cmos=0 ctrl=0
F 3064 dma=204 pix=13812 snd=0 prot=0 cmos=0 ctrl=0
F 3065 dma=204 pix=13812 snd=0 prot=0 cmos=0 ctrl=0
F 3066 dma=204 pix=13812 snd=0 prot=0 cmos=0 ctrl=0
F 3067 dma=204 pix=13812 snd=0 prot=0 cmos=0 ctrl=0
F 3068 dma=204 pix=13812 snd=0 prot=0 cmos=0 ctrl=0
F 3069 dma=204 pix=13812 snd=0 prot=0 cmos=0 ctrl=0
F 3070 dma=204 pix=13812 snd=0 prot=0 cmos=0 ctrl=0
F 3071 dma=204 pix=13812 snd=0 prot=0 cmos=0 ctrl=0
F 3072 dma=204 pix=13812 snd=0 prot=0 cmos=0 ctrl=0
F 3073 dma=204 pix=13812 snd=0 prot=0 cmos=0 ctrl=0
F 3074 dma=204 pix=13812 snd=0 prot=0 cmos=0 ctrl=0
F 3075 dma=204 pix=13812 snd=0 prot=0 cmos=0 ctrl=0
F 3076 dma=204 pix=13812 snd=0 prot=0 cmos=0 ctrl=0
F 3077 dma=204 pix=13812 snd=0 prot=0 cmos=0 ctrl=0
F 3078 dma=204 pix=13812 snd=0 prot=0 cmos=0 ctrl=0
F 3079 dma=204 pix=13812 snd=0 prot=0 cmos=0 ctrl=0
F 3080 dma=204 pix=13812 snd=0 prot=0 cmos=0 ctrl=0
F 3081 dma=204 pix=13812 snd=0 prot=0 cmos=0 ctrl=0
F 3082 dma=204 pix=13812 snd=0 prot=0 cmos=0 ctrl=0
F 3083 dma=204 pix=13812 snd=0 prot=0 cmos=0 ctrl=0
F 3084 dma=204 pix=13812 snd=0 prot=0 cmos=0 ctrl=0
F 3085 dma=204 pix=13812 snd=0 prot=0 cmos=0 ctrl=0
F 3086 dma=204 pix=13812 snd=0 prot=0 cmos=0 ctrl=0
F 3087 dma=204 pix=13812 snd=0 prot=0 cmos=0 ctrl=0
F 3088 dma=204 pix=13812 snd=0 prot=0 cmos=0 ctrl=0
F 3089 dma=204 pix=13812 snd=0 prot=0 cmos=0 ctrl=0
F 3090 dma=204 pix=13812 snd=0 prot=0 cmos=0 ctrl=0
F 3091 dma=204 pix=13812 snd=0 prot=0 cmos=0 ctrl=0
F 3092 dma=204 pix=13812 snd=0 prot=0 cmos=0 ctrl=0
F 3093 dma=204 pix=13812 snd=0 prot=0 cmos=0 ctrl=0
F 3094 dma=204 pix=13812 snd=0 prot=0 cmos=0 ctrl=0
F 3095 dma=204 pix=13812 snd=0 prot=0 cmos=0 ctrl=0
F 3096 dma=204 pix=13812 snd=0 prot=0 cmos=0 ctrl=0
F 3097 dma=204 pix=13812 snd=0 prot=0 cmos=0 ctrl=0
F 3098 dma=204 pix=13812 snd=0 prot=0 cmos=0 ctrl=0
F 3099 dma=204 pix=13812 snd=0 prot=0 cmos=0 ctrl=0
F 3100 dma=204 pix=13812 snd=0 prot=0 cmos=0 ctrl=0
F 3101 dma=204 pix=13812 snd=0 prot=0 cmos=0 ctrl=0
F 3102 dma=204 pix=13812 snd=0 prot=0 cmos=0 ctrl=0
F 3103 dma=204 pix=13812 snd=0 prot=0 cmos=0 ctrl=0
F 3104 dma=204 pix=13812 snd=0 prot=0 cmos=0 ctrl=0
F 3105 dma=204 pix=13812 snd=0 prot=0 cmos=0 ctrl=0
F 3106 dma=204 pix=13812 snd=0 prot=0 cmos=0 ctrl=0
F 3107 dma=204 pix=13812 snd=0 prot=0 cmos=0 ctrl=0
F 3108 dma=204 pix=13812 snd=0 prot=0 cmos=0 ctrl=0
F 3109 dma=204 pix=13812 snd=0 prot=0 cmos=0 ctrl=0
F 3110 dma=204 pix=13812 snd=0 prot=0 cmos=0 ctrl=0
F 3111 dma=204 pix=13812 snd=0 prot=0 cmos=0 ctrl=0
F 3112 dma=204 pix=13812 snd=0 prot=0 cmos=0 ctrl=0
F 3113 dma=204 pix=13812 snd=0 prot=0 cmos=0 ctrl=0
F 3114 dma=204 pix=13812 snd=0 prot=0 cmos=0 ctrl=0
F 3115 dma=204 pix=13812 snd=0 prot=0 cmos=0 ctrl=0
F 3116 dma=204 pix=13812 snd=0 prot=0 cmos=0 ctrl=0
F 3117 dma=204 pix=13812 snd=0 prot=0 cmos=0 ctrl=0
F 3118 dma=204 pix=13812 snd=0 prot=0 cmos=0 ctrl=0
F 3119 dma=204 pix=13812 snd=0 prot=0 cmos=0 ctrl=0
F 3120 dma=204 pix=13812 snd=0 prot=0 cmos=0 ctrl=0
F 3121 dma=204 pix=13812 snd=0 prot=0 cmos=6 ctrl=0
F 3122 dma=204 pix=13812 snd=0 prot=0 cmos=0 ctrl=0
F 3123 dma=204 pix=13812 snd=0 prot=0 cmos=0 ctrl=0
F 3124 dma=204 pix=13812 snd=0 prot=0 cmos=0 ctrl=0
F 3125 dma=204 pix=13812 snd=0 prot=0 cmos=0 ctrl=0
F 3126 dma=204 pix=13812 snd=0 prot=0 cmos=0 ctrl=0
F 3127 dma=204 pix=13812 snd=0 prot=0 cmos=0 ctrl=0
F 3128 dma=204 pix=13812 snd=0 prot=0 cmos=0 ctrl=0
F 3129 dma=204 pix=13812 snd=0 prot=0 cmos=0 ctrl=0
F 3130 dma=204 pix=13812 snd=0 prot=0 cmos=0 ctrl=0
F 3131 dma=204 pix=13812 snd=0 prot=0 cmos=0 ctrl=0
F 3132 dma=204 pix=13812 snd=0 prot=0 cmos=0 ctrl=0
F 3133 dma=204 pix=13812 snd=0 prot=0 cmos=0 ctrl=0
F 3134 dma=204 pix=13812 snd=0 prot=0 cmos=0 ctrl=0
F 3135 dma=204 pix=13812 snd=0 prot=0 cmos=0 ctrl=0
F 3136 dma=204 pix=13812 snd=0 prot=0 cmos=0 ctrl=0
F 3137 dma=204 pix=13812 snd=0 prot=0 cmos=0 ctrl=0
F 3138 dma=204 pix=13812 snd=0 prot=0 cmos=0 ctrl=0
F 3139 dma=204 pix=13812 snd=0 prot=0 cmos=0 ctrl=0
F 3140 dma=204 pix=13812 snd=0 prot=0 cmos=0 ctrl=0
F 3141 dma=204 pix=13812 snd=0 prot=0 cmos=0 ctrl=0
F 3142 dma=204 pix=13812 snd=0 prot=0 cmos=0 ctrl=0
F 3143 dma=204 pix=13812 snd=0 prot=0 cmos=0 ctrl=0
F 3144 dma=204 pix=13812 snd=0 prot=0 cmos=0 ctrl=0
F 3145 dma=204 pix=13812 snd=0 prot=0 cmos=0 ctrl=0
F 3146 dma=204 pix=13812 snd=0 prot=0 cmos=0 ctrl=0
F 3147 dma=204 pix=13812 snd=0 prot=0 cmos=0 ctrl=0
F 3148 dma=204 pix=13812 snd=0 prot=0 cmos=0 ctrl=0
F 3149 dma=204 pix=13812 snd=0 prot=0 cmos=0 ctrl=0
F 3150 dma=204 pix=13812 snd=0 prot=0 cmos=0 ctrl=0
F 3151 dma=204 pix=13812 snd=0 prot=0 cmos=0 ctrl=0
F 3152 dma=204 pix=13812 snd=0 prot=0 cmos=0 ctrl=0
F 3153 dma=204 pix=13812 snd=0 prot=0 cmos=0 ctrl=0
F 3154 dma=204 pix=13812 snd=0 prot=0 cmos=0 ctrl=0
F 3155 dma=204 pix=13812 snd=0 prot=0 cmos=0 ctrl=0
F 3156 dma=204 pix=13812 snd=0 prot=0 cmos=0 ctrl=0
F 3157 dma=204 pix=13812 snd=0 prot=0 cmos=0 ctrl=0
F 3158 dma=204 pix=13812 snd=0 prot=0 cmos=0 ctrl=0
F 3159 dma=204 pix=13812 snd=0 prot=0 cmos=0 ctrl=0
F 3160 dma=204 pix=13812 snd=0 prot=0 cmos=0 ctrl=0
F 3161 dma=204 pix=13812 snd=0 prot=0 cmos=0 ctrl=0
F 3162 dma=204 pix=13812 snd=0 prot=0 cmos=0 ctrl=0
F 3163 dma=204 pix=13812 snd=0 prot=0 cmos=0 ctrl=0
F 3164 dma=204 pix=13812 snd=0 prot=0 cmos=0 ctrl=0
F 3165 dma=204 pix=13812 snd=0 prot=0 cmos=0 ctrl=0
F 3166 dma=204 pix=13812 snd=0 prot=0 cmos=0 ctrl=0
F 3167 dma=204 pix=13812 snd=0 prot=0 cmos=0 ctrl=0
F 3168 dma=204 pix=13812 snd=0 prot=0 cmos=0 ctrl=0
F 3169 dma=204 pix=13812 snd=0 prot=0 cmos=0 ctrl=0
F 3170 dma=204 pix=13812 snd=0 prot=0 cmos=0 ctrl=0
F 3171 dma=204 pix=13812 snd=0 prot=0 cmos=0 ctrl=0
F 3172 dma=204 pix=13812 snd=0 prot=0 cmos=0 ctrl=0
F 3173 dma=204 pix=13812 snd=0 prot=0 cmos=0 ctrl=0
F 3174 dma=204 pix=13812 snd=0 prot=0 cmos=0 ctrl=0
F 3175 dma=204 pix=13812 snd=0 prot=0 cmos=0 ctrl=0
F 3176 dma=204 pix=13812 snd=0 prot=0 cmos=0 ctrl=0
F 3177 dma=204 pix=13812 snd=0 prot=0 cmos=0 ctrl=0
F 3178 dma=204 pix=13812 snd=0 prot=0 cmos=0 ctrl=0
F 3179 dma=204 pix=13812 snd=0 prot=0 cmos=0 ctrl=0
F 3180 dma=204 pix=13812 snd=0 prot=0 cmos=0 ctrl=0
F 3181 dma=204 pix=13812 snd=0 prot=0 cmos=0 ctrl=0
F 3182 dma=204 pix=13812 snd=0 prot=0 cmos=0 ctrl=0
F 3183 dma=204 pix=13812 snd=0 prot=0 cmos=0 ctrl=0
F 3184 dma=204 pix=13812 snd=0 prot=0 cmos=0 ctrl=0
F 3185 dma=204 pix=13812 snd=0 prot=0 cmos=0 ctrl=0
F 3186 dma=204 pix=13812 snd=0 prot=0 cmos=0 ctrl=0
F 3187 dma=204 pix=13812 snd=0 prot=0 cmos=0 ctrl=0
F 3188 dma=204 pix=13812 snd=0 prot=0 cmos=0 ctrl=0
F 3189 dma=204 pix=13812 snd=0 prot=0 cmos=0 ctrl=0
F 3190 dma=204 pix=13812 snd=0 prot=0 cmos=0 ctrl=0
F 3191 dma=204 pix=13812 snd=0 prot=0 cmos=0 ctrl=0
F 3192 dma=204 pix=13812 snd=0 prot=0 cmos=0 ctrl=0
F 3193 dma=204 pix=13812 snd=0 prot=0 cmos=0 ctrl=0
F 3194 dma=204 pix=13812 snd=0 prot=0 cmos=0 ctrl=0
F 3195 dma=204 pix=13812 snd=0 prot=0 cmos=0 ctrl=0
F 3196 dma=204 pix=13812 snd=0 prot=0 cmos=0 ctrl=0
F 3197 dma=204 pix=13812 snd=0 prot=0 cmos=0 ctrl=0
F 3198 dma=204 pix=13812 snd=0 prot=0 cmos=0 ctrl=0
F 3199 dma=204 pix=13812 snd=0 prot=0 cmos=0 ctrl=0
F 3200 dma=204 pix=13812 snd=0 prot=0 cmos=0 ctrl=0
F 3201 dma=204 pix=13812 snd=0 prot=0 cmos=0 ctrl=0
F 3202 dma=204 pix=13812 snd=0 prot=0 cmos=0 ctrl=0
F 3203 dma=204 pix=13812 snd=0 prot=0 cmos=0 ctrl=0
F 3204 dma=204 pix=13812 snd=0 prot=0 cmos=0 ctrl=0
F 3205 dma=204 pix=13812 snd=0 prot=0 cmos=0 ctrl=0
F 3206 dma=204 pix=13812 snd=0 prot=0 cmos=0 ctrl=0
F 3207 dma=204 pix=13812 snd=0 prot=0 cmos=0 ctrl=0
F 3208 dma=204 pix=13812 snd=0 prot=0 cmos=0 ctrl=0
F 3209 dma=204 pix=13812 snd=0 prot=0 cmos=0 ctrl=0
F 3210 dma=204 pix=13812 snd=0 prot=0 cmos=0 ctrl=0
F 3211 dma=204 pix=13812 snd=0 prot=0 cmos=0 ctrl=0
F 3212 dma=204 pix=13812 snd=0 prot=0 cmos=0 ctrl=0
F 3213 dma=204 pix=13812 snd=0 prot=0 cmos=0 ctrl=0
F 3214 dma=204 pix=13812 snd=0 prot=0 cmos=0 ctrl=0
F 3215 dma=204 pix=13812 snd=0 prot=0 cmos=0 ctrl=0
F 3216 dma=204 pix=13812 snd=0 prot=0 cmos=0 ctrl=0
F 3217 dma=204 pix=13812 snd=0 prot=0 cmos=0 ctrl=0
F 3218 dma=204 pix=13812 snd=0 prot=0 cmos=0 ctrl=0
F 3219 dma=204 pix=13812 snd=0 prot=0 cmos=0 ctrl=0
F 3220 dma=204 pix=13812 snd=0 prot=0 cmos=0 ctrl=0
F 3221 dma=204 pix=13812 snd=0 prot=0 cmos=0 ctrl=0
F 3222 dma=0 pix=0 snd=0 prot=0 cmos=0 ctrl=0
PROTW f=3222 off=01b23c30 data=fc00
PROTW f=3222 off=01b23830 data=f800
PROTW f=3222 off=01b23430 data=f400
PROTW f=3222 off=01b23030 data=f000
PROTW f=3222 off=01b22c30 data=ec00
PROTW f=3222 off=01b22830 data=e800
PROTW f=3222 off=01b22430 data=e400
PROTW f=3222 off=01b22030 data=e000
PROTW f=3222 off=01b21c30 data=dc00
PROTW f=3222 off=01b21830 data=d800
PROTW f=3222 off=01b21430 data=d400
PROTW f=3222 off=01b21030 data=d000
PROTW f=3222 off=01b20c30 data=cc00
PROTW f=3222 off=01b20830 data=c800
PROTW f=3222 off=01b20430 data=c400
PROTW f=3222 off=01b20030 data=c000
PROTW f=3222 off=01b1fc30 data=bc00
PROTW f=3222 off=01b1f830 data=b800
PROTW f=3222 off=01b1f430 data=b400
PROTW f=3222 off=01b1f030 data=b000
PROTW f=3222 off=01b1ec30 data=ac00
PROTW f=3222 off=01b1e830 data=a800
PROTW f=3222 off=01b1e430 data=a400
PROTW f=3222 off=01b1e030 data=a000
PROTW f=3222 off=01b1dc30 data=9c00
PROTW f=3222 off=01b1d830 data=9800
PROTW f=3222 off=01b1d430 data=9400
PROTW f=3222 off=01b1d030 data=9000
PROTW f=3222 off=01b1cc30 data=8c00
PROTW f=3222 off=01b1c830 data=8800
PROTW f=3222 off=01b1c430 data=8400
PROTW f=3222 off=01b1c030 data=8000
PROTW f=3222 off=01b1bc30 data=7c00
PROTW f=3222 off=01b1b830 data=7800
PROTW f=3222 off=01b1b430 data=7400
PROTW f=3222 off=01b1b030 data=7000
PROTW f=3222 off=01b1ac30 data=6c00
PROTW f=3222 off=01b1a830 data=6800
PROTW f=3222 off=01b1a430 data=6400
PROTW f=3222 off=01b1a030 data=6000
PROTW f=3222 off=01b19c30 data=5c00
PROTW f=3222 off=01b19830 data=5800
PROTW f=3222 off=01b19430 data=5400
PROTW f=3222 off=01b19030 data=5000
PROTW f=3222 off=01b18c30 data=4c00
PROTW f=3222 off=01b18830 data=4800
PROTW f=3222 off=01b18430 data=4400
PROTW f=3222 off=01b18030 data=4000
PROTW f=3222 off=01b17c30 data=3c00
PROTW f=3222 off=01b17830 data=3800
PROTW f=3222 off=01b17430 data=3400
PROTW f=3222 off=01b17030 data=3000
PROTW f=3222 off=01b16c30 data=2c00
PROTW f=3222 off=01b16830 data=2800
PROTW f=3222 off=01b16430 data=2400
PROTW f=3222 off=01b16030 data=2000
PROTW f=3222 off=01b15c30 data=1c00
PROTW f=3222 off=01b15830 data=1800
PROTW f=3222 off=01b15430 data=1400
PROTW f=3222 off=01b15030 data=1000
PROTW f=3222 off=01b14c30 data=0c00
PROTW f=3222 off=01b14830 data=0800
PROTW f=3222 off=01b14430 data=0400
PROTW f=3222 off=01b14030 data=0000
F 3223 dma=0 pix=0 snd=0 prot=384 cmos=0 ctrl=0
F 3224 dma=0 pix=0 snd=0 prot=0 cmos=0 ctrl=0
CTRL2 f=3224 data=fff8
F 3225 dma=0 pix=0 snd=0 prot=0 cmos=0 ctrl=0
F 3226 dma=0 pix=0 snd=0 prot=0 cmos=0 ctrl=0
F 3227 dma=0 pix=0 snd=0 prot=0 cmos=0 ctrl=0
F 3228 dma=0 pix=0 snd=0 prot=0 cmos=0 ctrl=0
F 3229 dma=0 pix=0 snd=0 prot=0 cmos=0 ctrl=0
F 3230 dma=150 pix=164481 snd=0 prot=0 cmos=0 ctrl=0
F 3231 dma=150 pix=164481 snd=0 prot=0 cmos=0 ctrl=0
F 3232 dma=150 pix=164481 snd=0 prot=0 cmos=0 ctrl=0
F 3233 dma=4 pix=86400 snd=0 prot=0 cmos=0 ctrl=0
F 3234 dma=146 pix=78081 snd=0 prot=0 cmos=0 ctrl=0
F 3235 dma=0 pix=0 snd=0 prot=0 cmos=0 ctrl=0
F 3236 dma=150 pix=164481 snd=0 prot=0 cmos=0 ctrl=0
F 3237 dma=150 pix=164481 snd=0 prot=0 cmos=0 ctrl=0
F 3238 dma=150 pix=164481 snd=0 prot=0 cmos=0 ctrl=0
F 3239 dma=150 pix=164481 snd=0 prot=0 cmos=0 ctrl=0
F 3240 dma=150 pix=164481 snd=0 prot=0 cmos=0 ctrl=0
F 3241 dma=150 pix=164481 snd=0 prot=0 cmos=0 ctrl=0
F 3242 dma=150 pix=164481 snd=0 prot=0 cmos=0 ctrl=0
F 3243 dma=150 pix=164481 snd=0 prot=0 cmos=0 ctrl=0
F 3244 dma=150 pix=164481 snd=0 prot=0 cmos=0 ctrl=0
F 3245 dma=150 pix=164481 snd=0 prot=0 cmos=0 ctrl=0
F 3246 dma=150 pix=164481 snd=0 prot=0 cmos=0 ctrl=0
F 3247 dma=150 pix=164481 snd=0 prot=0 cmos=0 ctrl=0
F 3248 dma=150 pix=164481 snd=0 prot=0 cmos=0 ctrl=0
F 3249 dma=150 pix=164481 snd=0 prot=0 cmos=0 ctrl=0
F 3250 dma=150 pix=164481 snd=0 prot=0 cmos=0 ctrl=0
IO 3250 0015 0032 00fa 00fc 0003 0014 0112 0120 f010 fffc 0112 002c 0000 0000 0000 0000 0000 0404 0402 0000 0000 0008 0000 0000 0000 0000 0000 001c 0032 0111 f01c 18bc
F 3251 dma=150 pix=164481 snd=0 prot=0 cmos=0 ctrl=0
F 3252 dma=150 pix=164481 snd=0 prot=0 cmos=0 ctrl=0
F 3253 dma=150 pix=164481 snd=0 prot=0 cmos=0 ctrl=0
F 3254 dma=150 pix=164481 snd=0 prot=0 cmos=0 ctrl=0
F 3255 dma=150 pix=164481 snd=0 prot=0 cmos=0 ctrl=0
F 3256 dma=150 pix=164481 snd=0 prot=0 cmos=0 ctrl=0
F 3257 dma=150 pix=164481 snd=0 prot=0 cmos=0 ctrl=0
F 3258 dma=150 pix=164481 snd=0 prot=0 cmos=0 ctrl=0
F 3259 dma=150 pix=164481 snd=0 prot=0 cmos=0 ctrl=0
F 3260 dma=150 pix=164481 snd=0 prot=0 cmos=0 ctrl=0
F 3261 dma=150 pix=164481 snd=0 prot=0 cmos=0 ctrl=0
F 3262 dma=150 pix=164481 snd=0 prot=0 cmos=0 ctrl=0
F 3263 dma=150 pix=164481 snd=0 prot=0 cmos=0 ctrl=0
F 3264 dma=150 pix=164481 snd=0 prot=0 cmos=0 ctrl=0
F 3265 dma=150 pix=164481 snd=0 prot=0 cmos=0 ctrl=0
F 3266 dma=150 pix=164481 snd=0 prot=0 cmos=0 ctrl=0
F 3267 dma=150 pix=164481 snd=0 prot=0 cmos=0 ctrl=0
F 3268 dma=150 pix=164481 snd=0 prot=0 cmos=0 ctrl=0
F 3269 dma=150 pix=164481 snd=0 prot=0 cmos=0 ctrl=0
F 3270 dma=150 pix=164481 snd=0 prot=0 cmos=0 ctrl=0
F 3271 dma=150 pix=164481 snd=0 prot=0 cmos=0 ctrl=0
F 3272 dma=150 pix=164481 snd=0 prot=0 cmos=0 ctrl=0
F 3273 dma=150 pix=164481 snd=0 prot=0 cmos=0 ctrl=0
F 3274 dma=150 pix=164481 snd=0 prot=0 cmos=0 ctrl=0
F 3275 dma=150 pix=164481 snd=0 prot=0 cmos=0 ctrl=0
F 3276 dma=150 pix=164481 snd=0 prot=0 cmos=0 ctrl=0
F 3277 dma=150 pix=164481 snd=0 prot=0 cmos=0 ctrl=0
F 3278 dma=150 pix=164481 snd=0 prot=0 cmos=0 ctrl=0
F 3279 dma=150 pix=164481 snd=0 prot=0 cmos=0 ctrl=0
F 3280 dma=150 pix=164481 snd=0 prot=0 cmos=0 ctrl=0
F 3281 dma=150 pix=164481 snd=0 prot=0 cmos=0 ctrl=0
F 3282 dma=150 pix=164481 snd=0 prot=0 cmos=0 ctrl=0
F 3283 dma=150 pix=164481 snd=0 prot=0 cmos=0 ctrl=0
F 3284 dma=150 pix=164481 snd=0 prot=0 cmos=0 ctrl=0
F 3285 dma=150 pix=164481 snd=0 prot=0 cmos=0 ctrl=0
F 3286 dma=150 pix=164481 snd=0 prot=0 cmos=0 ctrl=0
F 3287 dma=150 pix=164481 snd=0 prot=0 cmos=0 ctrl=0
F 3288 dma=150 pix=164481 snd=0 prot=0 cmos=0 ctrl=0
F 3289 dma=150 pix=164481 snd=0 prot=0 cmos=0 ctrl=0
F 3290 dma=150 pix=164481 snd=0 prot=0 cmos=0 ctrl=0
F 3291 dma=150 pix=164481 snd=0 prot=0 cmos=0 ctrl=0
F 3292 dma=150 pix=164481 snd=0 prot=0 cmos=0 ctrl=0
F 3293 dma=150 pix=164481 snd=0 prot=0 cmos=0 ctrl=0
F 3294 dma=150 pix=164481 snd=0 prot=0 cmos=0 ctrl=0
F 3295 dma=150 pix=164481 snd=0 prot=0 cmos=0 ctrl=0
F 3296 dma=150 pix=164481 snd=0 prot=0 cmos=0 ctrl=0
F 3297 dma=150 pix=164481 snd=0 prot=0 cmos=0 ctrl=0
F 3298 dma=150 pix=164481 snd=0 prot=0 cmos=0 ctrl=0
F 3299 dma=150 pix=164481 snd=0 prot=0 cmos=0 ctrl=0
F 3300 dma=150 pix=164481 snd=0 prot=0 cmos=0 ctrl=0
F 3301 dma=150 pix=164481 snd=0 prot=0 cmos=0 ctrl=0
F 3302 dma=150 pix=164481 snd=0 prot=0 cmos=0 ctrl=0
F 3303 dma=150 pix=164481 snd=0 prot=0 cmos=0 ctrl=0
F 3304 dma=150 pix=164481 snd=0 prot=0 cmos=0 ctrl=0
F 3305 dma=150 pix=164481 snd=0 prot=0 cmos=0 ctrl=0
F 3306 dma=150 pix=164481 snd=0 prot=0 cmos=0 ctrl=0
F 3307 dma=150 pix=164481 snd=0 prot=0 cmos=0 ctrl=0
F 3308 dma=150 pix=164481 snd=0 prot=0 cmos=0 ctrl=0
F 3309 dma=150 pix=164481 snd=0 prot=0 cmos=0 ctrl=0
F 3310 dma=150 pix=164481 snd=0 prot=0 cmos=0 ctrl=0
F 3311 dma=150 pix=164481 snd=0 prot=0 cmos=0 ctrl=0
F 3312 dma=150 pix=164481 snd=0 prot=0 cmos=0 ctrl=0
F 3313 dma=150 pix=164481 snd=0 prot=0 cmos=0 ctrl=0
F 3314 dma=150 pix=164481 snd=0 prot=0 cmos=0 ctrl=0
F 3315 dma=150 pix=164481 snd=0 prot=0 cmos=0 ctrl=0
F 3316 dma=150 pix=164481 snd=0 prot=0 cmos=0 ctrl=0
F 3317 dma=150 pix=164481 snd=0 prot=0 cmos=0 ctrl=0
F 3318 dma=150 pix=164481 snd=0 prot=0 cmos=0 ctrl=0
F 3319 dma=150 pix=164481 snd=0 prot=0 cmos=0 ctrl=0
F 3320 dma=150 pix=164481 snd=0 prot=0 cmos=0 ctrl=0
F 3321 dma=150 pix=164481 snd=0 prot=0 cmos=0 ctrl=0
F 3322 dma=150 pix=164481 snd=0 prot=0 cmos=0 ctrl=0
F 3323 dma=150 pix=164481 snd=0 prot=0 cmos=0 ctrl=0
F 3324 dma=150 pix=164481 snd=0 prot=0 cmos=0 ctrl=0
F 3325 dma=150 pix=164481 snd=0 prot=0 cmos=0 ctrl=0
F 3326 dma=150 pix=164481 snd=0 prot=0 cmos=0 ctrl=0
F 3327 dma=150 pix=164481 snd=0 prot=0 cmos=0 ctrl=0
F 3328 dma=150 pix=164481 snd=0 prot=0 cmos=0 ctrl=0
F 3329 dma=150 pix=164481 snd=0 prot=0 cmos=0 ctrl=0
F 3330 dma=150 pix=164481 snd=0 prot=0 cmos=0 ctrl=0
F 3331 dma=150 pix=164481 snd=0 prot=0 cmos=0 ctrl=0
F 3332 dma=150 pix=164481 snd=0 prot=0 cmos=0 ctrl=0
F 3333 dma=150 pix=164481 snd=0 prot=0 cmos=0 ctrl=0
F 3334 dma=150 pix=164481 snd=0 prot=0 cmos=0 ctrl=0
F 3335 dma=150 pix=164481 snd=0 prot=0 cmos=0 ctrl=0
F 3336 dma=150 pix=164481 snd=0 prot=0 cmos=0 ctrl=0
F 3337 dma=150 pix=164481 snd=0 prot=0 cmos=0 ctrl=0
F 3338 dma=150 pix=164481 snd=0 prot=0 cmos=0 ctrl=0
F 3339 dma=150 pix=164481 snd=0 prot=0 cmos=0 ctrl=0
F 3340 dma=150 pix=164481 snd=0 prot=0 cmos=0 ctrl=0
F 3341 dma=150 pix=164481 snd=0 prot=0 cmos=0 ctrl=0
F 3342 dma=150 pix=164481 snd=0 prot=0 cmos=0 ctrl=0
F 3343 dma=150 pix=164481 snd=0 prot=0 cmos=0 ctrl=0
F 3344 dma=150 pix=164481 snd=0 prot=0 cmos=0 ctrl=0
F 3345 dma=150 pix=164481 snd=0 prot=0 cmos=0 ctrl=0
F 3346 dma=150 pix=164481 snd=0 prot=0 cmos=0 ctrl=0
F 3347 dma=150 pix=164481 snd=0 prot=0 cmos=0 ctrl=0
F 3348 dma=150 pix=164481 snd=0 prot=0 cmos=0 ctrl=0
F 3349 dma=150 pix=164481 snd=0 prot=0 cmos=0 ctrl=0
F 3350 dma=150 pix=164481 snd=0 prot=0 cmos=0 ctrl=0
F 3351 dma=150 pix=164481 snd=0 prot=0 cmos=0 ctrl=0
F 3352 dma=150 pix=164481 snd=0 prot=0 cmos=0 ctrl=0
F 3353 dma=150 pix=164481 snd=0 prot=0 cmos=0 ctrl=0
F 3354 dma=150 pix=164481 snd=0 prot=0 cmos=0 ctrl=0
F 3355 dma=150 pix=164481 snd=0 prot=0 cmos=0 ctrl=0
F 3356 dma=150 pix=164481 snd=0 prot=0 cmos=0 ctrl=0
F 3357 dma=150 pix=164481 snd=0 prot=0 cmos=0 ctrl=0
F 3358 dma=150 pix=164481 snd=0 prot=0 cmos=0 ctrl=0
F 3359 dma=150 pix=164481 snd=0 prot=0 cmos=0 ctrl=0
F 3360 dma=150 pix=164481 snd=0 prot=0 cmos=0 ctrl=0
F 3361 dma=150 pix=164481 snd=0 prot=0 cmos=0 ctrl=0
F 3362 dma=150 pix=164481 snd=0 prot=0 cmos=0 ctrl=0
F 3363 dma=150 pix=164481 snd=0 prot=0 cmos=0 ctrl=0
F 3364 dma=150 pix=164481 snd=0 prot=0 cmos=0 ctrl=0
F 3365 dma=150 pix=164481 snd=0 prot=0 cmos=0 ctrl=0
F 3366 dma=150 pix=164481 snd=0 prot=0 cmos=0 ctrl=0
F 3367 dma=150 pix=164481 snd=0 prot=0 cmos=0 ctrl=0
F 3368 dma=150 pix=164481 snd=0 prot=0 cmos=0 ctrl=0
F 3369 dma=150 pix=164481 snd=0 prot=0 cmos=0 ctrl=0
F 3370 dma=150 pix=164481 snd=0 prot=0 cmos=0 ctrl=0
F 3371 dma=150 pix=164481 snd=0 prot=0 cmos=0 ctrl=0
F 3372 dma=150 pix=164481 snd=0 prot=0 cmos=0 ctrl=0
F 3373 dma=150 pix=164481 snd=0 prot=0 cmos=0 ctrl=0
F 3374 dma=150 pix=164481 snd=0 prot=0 cmos=0 ctrl=0
F 3375 dma=150 pix=164481 snd=0 prot=0 cmos=0 ctrl=0
F 3376 dma=150 pix=164481 snd=0 prot=0 cmos=0 ctrl=0
F 3377 dma=150 pix=164481 snd=0 prot=0 cmos=0 ctrl=0
F 3378 dma=150 pix=164481 snd=0 prot=0 cmos=0 ctrl=0
F 3379 dma=150 pix=164481 snd=0 prot=0 cmos=0 ctrl=0
F 3380 dma=150 pix=164481 snd=0 prot=0 cmos=0 ctrl=0
F 3381 dma=150 pix=164481 snd=0 prot=0 cmos=0 ctrl=0
F 3382 dma=150 pix=164481 snd=0 prot=0 cmos=0 ctrl=0
F 3383 dma=150 pix=164481 snd=0 prot=0 cmos=0 ctrl=0
F 3384 dma=150 pix=164481 snd=0 prot=0 cmos=0 ctrl=0
F 3385 dma=150 pix=164481 snd=0 prot=0 cmos=0 ctrl=0
F 3386 dma=150 pix=164481 snd=0 prot=0 cmos=0 ctrl=0
F 3387 dma=150 pix=164481 snd=0 prot=0 cmos=0 ctrl=0
F 3388 dma=150 pix=164481 snd=0 prot=0 cmos=0 ctrl=0
F 3389 dma=150 pix=164481 snd=0 prot=0 cmos=0 ctrl=0
F 3390 dma=150 pix=164481 snd=0 prot=0 cmos=0 ctrl=0
F 3391 dma=150 pix=164481 snd=0 prot=0 cmos=0 ctrl=0
F 3392 dma=150 pix=164481 snd=0 prot=0 cmos=0 ctrl=0
F 3393 dma=150 pix=164481 snd=0 prot=0 cmos=0 ctrl=0
F 3394 dma=150 pix=164481 snd=0 prot=0 cmos=6 ctrl=0
F 3395 dma=150 pix=164481 snd=0 prot=0 cmos=0 ctrl=0
F 3396 dma=150 pix=164481 snd=0 prot=0 cmos=0 ctrl=0
F 3397 dma=150 pix=164481 snd=0 prot=0 cmos=0 ctrl=0
F 3398 dma=150 pix=164481 snd=0 prot=0 cmos=0 ctrl=0
F 3399 dma=150 pix=164481 snd=0 prot=0 cmos=0 ctrl=0
F 3400 dma=150 pix=164481 snd=0 prot=0 cmos=0 ctrl=0
F 3401 dma=150 pix=164481 snd=0 prot=0 cmos=0 ctrl=0
F 3402 dma=150 pix=164481 snd=0 prot=0 cmos=0 ctrl=0
F 3403 dma=150 pix=164481 snd=0 prot=0 cmos=0 ctrl=0
F 3404 dma=150 pix=164481 snd=0 prot=0 cmos=0 ctrl=0
F 3405 dma=150 pix=164481 snd=0 prot=0 cmos=0 ctrl=0
F 3406 dma=150 pix=164481 snd=0 prot=0 cmos=0 ctrl=0
F 3407 dma=150 pix=164481 snd=0 prot=0 cmos=0 ctrl=0
F 3408 dma=150 pix=164481 snd=0 prot=0 cmos=0 ctrl=0
F 3409 dma=150 pix=164481 snd=0 prot=0 cmos=0 ctrl=0
F 3410 dma=150 pix=164481 snd=0 prot=0 cmos=0 ctrl=0
F 3411 dma=150 pix=164481 snd=0 prot=0 cmos=0 ctrl=0
F 3412 dma=150 pix=164481 snd=0 prot=0 cmos=0 ctrl=0
F 3413 dma=150 pix=164481 snd=0 prot=0 cmos=0 ctrl=0
F 3414 dma=150 pix=164481 snd=0 prot=0 cmos=0 ctrl=0
F 3415 dma=150 pix=164481 snd=0 prot=0 cmos=0 ctrl=0
F 3416 dma=150 pix=164481 snd=0 prot=0 cmos=0 ctrl=0
F 3417 dma=150 pix=164481 snd=0 prot=0 cmos=0 ctrl=0
F 3418 dma=150 pix=164481 snd=0 prot=0 cmos=0 ctrl=0
F 3419 dma=150 pix=164481 snd=0 prot=0 cmos=0 ctrl=0
F 3420 dma=150 pix=164481 snd=0 prot=0 cmos=0 ctrl=0
F 3421 dma=150 pix=164481 snd=0 prot=0 cmos=0 ctrl=0
F 3422 dma=150 pix=164481 snd=0 prot=0 cmos=0 ctrl=0
F 3423 dma=150 pix=164481 snd=0 prot=0 cmos=0 ctrl=0
F 3424 dma=150 pix=164481 snd=0 prot=0 cmos=0 ctrl=0
F 3425 dma=150 pix=164481 snd=0 prot=0 cmos=0 ctrl=0
F 3426 dma=150 pix=164481 snd=0 prot=0 cmos=0 ctrl=0
F 3427 dma=150 pix=164481 snd=0 prot=0 cmos=0 ctrl=0
F 3428 dma=150 pix=164481 snd=0 prot=0 cmos=0 ctrl=0
F 3429 dma=150 pix=164481 snd=0 prot=0 cmos=0 ctrl=0
F 3430 dma=150 pix=164481 snd=0 prot=0 cmos=0 ctrl=0
F 3431 dma=150 pix=164481 snd=0 prot=0 cmos=0 ctrl=0
F 3432 dma=150 pix=164481 snd=0 prot=0 cmos=0 ctrl=0
F 3433 dma=150 pix=164481 snd=0 prot=0 cmos=0 ctrl=0
F 3434 dma=150 pix=164481 snd=0 prot=0 cmos=0 ctrl=0
F 3435 dma=150 pix=164481 snd=0 prot=0 cmos=0 ctrl=0
F 3436 dma=150 pix=164481 snd=0 prot=0 cmos=0 ctrl=0
F 3437 dma=150 pix=164481 snd=0 prot=0 cmos=0 ctrl=0
F 3438 dma=150 pix=164481 snd=0 prot=0 cmos=0 ctrl=0
F 3439 dma=150 pix=164481 snd=0 prot=0 cmos=0 ctrl=0
F 3440 dma=150 pix=164481 snd=0 prot=0 cmos=0 ctrl=0
F 3441 dma=150 pix=164481 snd=0 prot=0 cmos=0 ctrl=0
F 3442 dma=150 pix=164481 snd=0 prot=0 cmos=0 ctrl=0
F 3443 dma=150 pix=164481 snd=0 prot=0 cmos=0 ctrl=0
F 3444 dma=150 pix=164481 snd=0 prot=0 cmos=0 ctrl=0
F 3445 dma=150 pix=164481 snd=0 prot=0 cmos=0 ctrl=0
F 3446 dma=150 pix=164481 snd=0 prot=0 cmos=0 ctrl=0
F 3447 dma=150 pix=164481 snd=0 prot=0 cmos=0 ctrl=0
F 3448 dma=150 pix=164481 snd=0 prot=0 cmos=0 ctrl=0
F 3449 dma=150 pix=164481 snd=0 prot=0 cmos=0 ctrl=0
F 3450 dma=150 pix=164481 snd=0 prot=0 cmos=0 ctrl=0
F 3451 dma=150 pix=164481 snd=0 prot=0 cmos=0 ctrl=0
F 3452 dma=150 pix=164481 snd=0 prot=0 cmos=0 ctrl=0
F 3453 dma=150 pix=164481 snd=0 prot=0 cmos=0 ctrl=0
F 3454 dma=150 pix=164481 snd=0 prot=0 cmos=0 ctrl=0
F 3455 dma=150 pix=164481 snd=0 prot=0 cmos=0 ctrl=0
F 3456 dma=150 pix=164481 snd=0 prot=0 cmos=0 ctrl=0
F 3457 dma=150 pix=164481 snd=0 prot=0 cmos=0 ctrl=0
F 3458 dma=150 pix=164481 snd=0 prot=0 cmos=0 ctrl=0
F 3459 dma=150 pix=164481 snd=0 prot=0 cmos=0 ctrl=0
F 3460 dma=150 pix=164481 snd=0 prot=0 cmos=0 ctrl=0
F 3461 dma=150 pix=164481 snd=0 prot=0 cmos=0 ctrl=0
F 3462 dma=150 pix=164481 snd=0 prot=0 cmos=0 ctrl=0
F 3463 dma=150 pix=164481 snd=0 prot=0 cmos=0 ctrl=0
F 3464 dma=150 pix=164481 snd=0 prot=0 cmos=0 ctrl=0
F 3465 dma=150 pix=164481 snd=0 prot=0 cmos=0 ctrl=0
F 3466 dma=150 pix=164481 snd=0 prot=0 cmos=0 ctrl=0
F 3467 dma=150 pix=164481 snd=0 prot=0 cmos=0 ctrl=0
F 3468 dma=150 pix=164481 snd=0 prot=0 cmos=0 ctrl=0
F 3469 dma=150 pix=164481 snd=0 prot=0 cmos=0 ctrl=0
F 3470 dma=150 pix=164481 snd=0 prot=0 cmos=0 ctrl=0
F 3471 dma=150 pix=164481 snd=0 prot=0 cmos=0 ctrl=0
F 3472 dma=150 pix=164481 snd=0 prot=0 cmos=0 ctrl=0
F 3473 dma=150 pix=164481 snd=0 prot=0 cmos=0 ctrl=0
F 3474 dma=150 pix=164481 snd=0 prot=0 cmos=0 ctrl=0
F 3475 dma=150 pix=164481 snd=0 prot=0 cmos=0 ctrl=0
F 3476 dma=150 pix=164481 snd=0 prot=0 cmos=0 ctrl=0
F 3477 dma=150 pix=164481 snd=0 prot=0 cmos=0 ctrl=0
F 3478 dma=150 pix=164481 snd=0 prot=0 cmos=0 ctrl=0
F 3479 dma=150 pix=164481 snd=0 prot=0 cmos=0 ctrl=0
F 3480 dma=150 pix=164481 snd=0 prot=0 cmos=0 ctrl=0
F 3481 dma=150 pix=164481 snd=0 prot=0 cmos=0 ctrl=0
F 3482 dma=150 pix=164481 snd=0 prot=0 cmos=0 ctrl=0
F 3483 dma=150 pix=164481 snd=0 prot=0 cmos=0 ctrl=0
F 3484 dma=150 pix=164481 snd=0 prot=0 cmos=0 ctrl=0
F 3485 dma=150 pix=164481 snd=0 prot=0 cmos=0 ctrl=0
F 3486 dma=150 pix=164481 snd=0 prot=0 cmos=0 ctrl=0
F 3487 dma=150 pix=164481 snd=0 prot=0 cmos=0 ctrl=0
F 3488 dma=150 pix=164481 snd=0 prot=0 cmos=0 ctrl=0
F 3489 dma=150 pix=164481 snd=0 prot=0 cmos=0 ctrl=0
F 3490 dma=150 pix=164481 snd=0 prot=0 cmos=0 ctrl=0
F 3491 dma=150 pix=164481 snd=0 prot=0 cmos=0 ctrl=0
F 3492 dma=150 pix=164481 snd=0 prot=0 cmos=0 ctrl=0
F 3493 dma=150 pix=164481 snd=0 prot=0 cmos=0 ctrl=0
F 3494 dma=150 pix=164481 snd=0 prot=0 cmos=0 ctrl=0
F 3495 dma=150 pix=164481 snd=0 prot=0 cmos=0 ctrl=0
F 3496 dma=150 pix=164481 snd=0 prot=0 cmos=0 ctrl=0
F 3497 dma=150 pix=164481 snd=0 prot=0 cmos=0 ctrl=0
F 3498 dma=150 pix=164481 snd=0 prot=0 cmos=0 ctrl=0
F 3499 dma=150 pix=164481 snd=0 prot=0 cmos=0 ctrl=0
F 3500 dma=4 pix=86400 snd=0 prot=0 cmos=0 ctrl=0
IO 3500 0015 0032 00fa 00fc 0003 0014 0112 0120 f010 fffc 0112 002c 0000 0000 0000 0000 0000 0406 0402 0000 0000 0008 0000 0000 0000 0000 0000 001c 0032 0111 f01c 55b8
PROTW f=3500 off=01b23c30 data=fc00
PROTW f=3500 off=01b23830 data=f800
PROTW f=3500 off=01b23430 data=f400
PROTW f=3500 off=01b23030 data=f000
PROTW f=3500 off=01b22c30 data=ec00
PROTW f=3500 off=01b22830 data=e800
PROTW f=3500 off=01b22430 data=e400
PROTW f=3500 off=01b22030 data=e000
PROTW f=3500 off=01b21c30 data=dc00
PROTW f=3500 off=01b21830 data=d800
PROTW f=3500 off=01b21430 data=d400
PROTW f=3500 off=01b21030 data=d000
PROTW f=3500 off=01b20c30 data=cc00
PROTW f=3500 off=01b20830 data=c800
PROTW f=3500 off=01b20430 data=c400
PROTW f=3500 off=01b20030 data=c000
PROTW f=3500 off=01b1fc30 data=bc00
PROTW f=3500 off=01b1f830 data=b800
PROTW f=3500 off=01b1f430 data=b400
PROTW f=3500 off=01b1f030 data=b000
PROTW f=3500 off=01b1ec30 data=ac00
PROTW f=3500 off=01b1e830 data=a800
PROTW f=3500 off=01b1e430 data=a400
PROTW f=3500 off=01b1e030 data=a000
PROTW f=3500 off=01b1dc30 data=9c00
PROTW f=3500 off=01b1d830 data=9800
PROTW f=3500 off=01b1d430 data=9400
PROTW f=3500 off=01b1d030 data=9000
PROTW f=3500 off=01b1cc30 data=8c00
PROTW f=3500 off=01b1c830 data=8800
PROTW f=3500 off=01b1c430 data=8400
PROTW f=3500 off=01b1c030 data=8000
PROTW f=3500 off=01b1bc30 data=7c00
PROTW f=3500 off=01b1b830 data=7800
PROTW f=3500 off=01b1b430 data=7400
PROTW f=3500 off=01b1b030 data=7000
PROTW f=3500 off=01b1ac30 data=6c00
PROTW f=3500 off=01b1a830 data=6800
PROTW f=3500 off=01b1a430 data=6400
PROTW f=3500 off=01b1a030 data=6000
PROTW f=3500 off=01b19c30 data=5c00
PROTW f=3500 off=01b19830 data=5800
PROTW f=3500 off=01b19430 data=5400
PROTW f=3500 off=01b19030 data=5000
PROTW f=3500 off=01b18c30 data=4c00
PROTW f=3500 off=01b18830 data=4800
PROTW f=3500 off=01b18430 data=4400
PROTW f=3500 off=01b18030 data=4000
PROTW f=3500 off=01b17c30 data=3c00
PROTW f=3500 off=01b17830 data=3800
PROTW f=3500 off=01b17430 data=3400
PROTW f=3500 off=01b17030 data=3000
PROTW f=3500 off=01b16c30 data=2c00
PROTW f=3500 off=01b16830 data=2800
PROTW f=3500 off=01b16430 data=2400
PROTW f=3500 off=01b16030 data=2000
PROTW f=3500 off=01b15c30 data=1c00
PROTW f=3500 off=01b15830 data=1800
PROTW f=3500 off=01b15430 data=1400
PROTW f=3500 off=01b15030 data=1000
PROTW f=3500 off=01b14c30 data=0c00
PROTW f=3500 off=01b14830 data=0800
PROTW f=3500 off=01b14430 data=0400
PROTW f=3500 off=01b14030 data=0000
F 3501 dma=146 pix=78081 snd=0 prot=384 cmos=0 ctrl=0
F 3502 dma=0 pix=0 snd=0 prot=0 cmos=0 ctrl=0
CTRL2 f=3502 data=fff8
F 3503 dma=0 pix=0 snd=0 prot=0 cmos=0 ctrl=0
SND f=3503 off=1d01030 data=ff00 mask=ffff
F 3504 dma=0 pix=0 snd=1 prot=0 cmos=0 ctrl=0
F 3505 dma=0 pix=0 snd=0 prot=0 cmos=0 ctrl=0
F 3506 dma=0 pix=0 snd=0 prot=0 cmos=0 ctrl=0
F 3507 dma=0 pix=0 snd=0 prot=0 cmos=0 ctrl=0
PROTW f=3507 off=01b23c30 data=fc00
PROTW f=3507 off=01b23830 data=f800
PROTW f=3507 off=01b23430 data=f400
PROTW f=3507 off=01b23030 data=f000
PROTW f=3507 off=01b22c30 data=ec00
PROTW f=3507 off=01b22830 data=e800
PROTW f=3507 off=01b22430 data=e400
PROTW f=3507 off=01b22030 data=e000
PROTW f=3507 off=01b21c30 data=dc00
PROTW f=3507 off=01b21830 data=d800
PROTW f=3507 off=01b21430 data=d400
PROTW f=3507 off=01b21030 data=d000
PROTW f=3507 off=01b20c30 data=cc00
PROTW f=3507 off=01b20830 data=c800
PROTW f=3507 off=01b20430 data=c400
PROTW f=3507 off=01b20030 data=c000
PROTW f=3507 off=01b1fc30 data=bc00
PROTW f=3507 off=01b1f830 data=b800
PROTW f=3507 off=01b1f430 data=b400
PROTW f=3507 off=01b1f030 data=b000
PROTW f=3507 off=01b1ec30 data=ac00
PROTW f=3507 off=01b1e830 data=a800
PROTW f=3507 off=01b1e430 data=a400
PROTW f=3507 off=01b1e030 data=a000
PROTW f=3507 off=01b1dc30 data=9c00
PROTW f=3507 off=01b1d830 data=9800
PROTW f=3507 off=01b1d430 data=9400
PROTW f=3507 off=01b1d030 data=9000
PROTW f=3507 off=01b1cc30 data=8c00
PROTW f=3507 off=01b1c830 data=8800
PROTW f=3507 off=01b1c430 data=8400
PROTW f=3507 off=01b1c030 data=8000
PROTW f=3507 off=01b1bc30 data=7c00
PROTW f=3507 off=01b1b830 data=7800
PROTW f=3507 off=01b1b430 data=7400
PROTW f=3507 off=01b1b030 data=7000
PROTW f=3507 off=01b1ac30 data=6c00
PROTW f=3507 off=01b1a830 data=6800
PROTW f=3507 off=01b1a430 data=6400
PROTW f=3507 off=01b1a030 data=6000
PROTW f=3507 off=01b19c30 data=5c00
PROTW f=3507 off=01b19830 data=5800
PROTW f=3507 off=01b19430 data=5400
PROTW f=3507 off=01b19030 data=5000
PROTW f=3507 off=01b18c30 data=4c00
PROTW f=3507 off=01b18830 data=4800
PROTW f=3507 off=01b18430 data=4400
PROTW f=3507 off=01b18030 data=4000
PROTW f=3507 off=01b17c30 data=3c00
PROTW f=3507 off=01b17830 data=3800
PROTW f=3507 off=01b17430 data=3400
PROTW f=3507 off=01b17030 data=3000
PROTW f=3507 off=01b16c30 data=2c00
PROTW f=3507 off=01b16830 data=2800
PROTW f=3507 off=01b16430 data=2400
PROTW f=3507 off=01b16030 data=2000
PROTW f=3507 off=01b15c30 data=1c00
PROTW f=3507 off=01b15830 data=1800
PROTW f=3507 off=01b15430 data=1400
PROTW f=3507 off=01b15030 data=1000
PROTW f=3507 off=01b14c30 data=0c00
PROTW f=3507 off=01b14830 data=0800
PROTW f=3507 off=01b14430 data=0400
PROTW f=3507 off=01b14030 data=0000
F 3508 dma=0 pix=0 snd=0 prot=384 cmos=0 ctrl=0
F 3509 dma=0 pix=0 snd=0 prot=0 cmos=0 ctrl=0
SND f=3509 off=1d01030 data=ffaa mask=ffff
F 3510 dma=199 pix=226759 snd=1 prot=0 cmos=0 ctrl=0
F 3511 dma=199 pix=226759 snd=0 prot=0 cmos=0 ctrl=0
F 3512 dma=199 pix=227794 snd=0 prot=0 cmos=0 ctrl=0
F 3513 dma=199 pix=227794 snd=0 prot=0 cmos=0 ctrl=0
F 3514 dma=207 pix=224113 snd=0 prot=0 cmos=0 ctrl=0
F 3515 dma=0 pix=0 snd=0 prot=0 cmos=0 ctrl=0
CTRL2 f=3515 data=ff18
F 3516 dma=0 pix=0 snd=0 prot=0 cmos=0 ctrl=0
CTRL2 f=3516 data=ff38
F 3517 dma=0 pix=0 snd=0 prot=0 cmos=0 ctrl=0
F 3518 dma=0 pix=0 snd=0 prot=0 cmos=0 ctrl=0
F 3519 dma=0 pix=0 snd=0 prot=0 cmos=0 ctrl=0
F 3520 dma=0 pix=0 snd=0 prot=0 cmos=0 ctrl=0
F 3521 dma=0 pix=0 snd=0 prot=0 cmos=0 ctrl=0
F 3522 dma=0 pix=0 snd=0 prot=0 cmos=0 ctrl=0
F 3523 dma=0 pix=0 snd=0 prot=0 cmos=0 ctrl=0
F 3524 dma=0 pix=0 snd=0 prot=0 cmos=0 ctrl=0
F 3525 dma=0 pix=0 snd=0 prot=0 cmos=0 ctrl=0
F 3526 dma=0 pix=0 snd=0 prot=0 cmos=0 ctrl=0
F 3527 dma=0 pix=0 snd=0 prot=0 cmos=0 ctrl=0
F 3528 dma=0 pix=0 snd=0 prot=0 cmos=0 ctrl=0
F 3529 dma=0 pix=0 snd=0 prot=0 cmos=0 ctrl=0
F 3530 dma=0 pix=0 snd=0 prot=0 cmos=0 ctrl=0
F 3531 dma=0 pix=0 snd=0 prot=0 cmos=0 ctrl=0
F 3532 dma=0 pix=0 snd=0 prot=0 cmos=0 ctrl=0
F 3533 dma=0 pix=0 snd=0 prot=0 cmos=0 ctrl=0
F 3534 dma=0 pix=0 snd=0 prot=0 cmos=0 ctrl=0
F 3535 dma=0 pix=0 snd=0 prot=0 cmos=0 ctrl=0
F 3536 dma=0 pix=0 snd=0 prot=0 cmos=0 ctrl=0
F 3537 dma=0 pix=0 snd=0 prot=0 cmos=0 ctrl=0
F 3538 dma=0 pix=0 snd=0 prot=0 cmos=0 ctrl=0
F 3539 dma=0 pix=0 snd=0 prot=0 cmos=0 ctrl=0
F 3540 dma=0 pix=0 snd=0 prot=0 cmos=0 ctrl=0
F 3541 dma=0 pix=0 snd=0 prot=0 cmos=0 ctrl=0
F 3542 dma=207 pix=224113 snd=0 prot=0 cmos=0 ctrl=0
F 3543 dma=207 pix=224113 snd=0 prot=0 cmos=0 ctrl=0
F 3544 dma=207 pix=224113 snd=0 prot=0 cmos=0 ctrl=0
F 3545 dma=207 pix=224113 snd=0 prot=0 cmos=0 ctrl=0
F 3546 dma=207 pix=224113 snd=0 prot=0 cmos=0 ctrl=0
F 3547 dma=207 pix=224113 snd=0 prot=0 cmos=0 ctrl=0
F 3548 dma=207 pix=224113 snd=0 prot=0 cmos=0 ctrl=0
F 3549 dma=207 pix=224113 snd=0 prot=0 cmos=0 ctrl=0
F 3550 dma=207 pix=224113 snd=0 prot=0 cmos=0 ctrl=0
F 3551 dma=207 pix=224105 snd=0 prot=0 cmos=0 ctrl=0
F 3552 dma=207 pix=224105 snd=0 prot=0 cmos=0 ctrl=0
F 3553 dma=207 pix=224105 snd=0 prot=0 cmos=0 ctrl=0
F 3554 dma=207 pix=224105 snd=0 prot=0 cmos=0 ctrl=0
F 3555 dma=207 pix=224105 snd=0 prot=0 cmos=0 ctrl=0
F 3556 dma=207 pix=224167 snd=0 prot=0 cmos=0 ctrl=0
F 3557 dma=207 pix=224167 snd=0 prot=0 cmos=0 ctrl=0
F 3558 dma=207 pix=224412 snd=0 prot=0 cmos=0 ctrl=0
F 3559 dma=207 pix=224412 snd=0 prot=0 cmos=0 ctrl=0
F 3560 dma=207 pix=224412 snd=0 prot=0 cmos=0 ctrl=0
F 3561 dma=207 pix=224705 snd=0 prot=0 cmos=0 ctrl=0
F 3562 dma=207 pix=224705 snd=0 prot=0 cmos=0 ctrl=0
F 3563 dma=207 pix=224705 snd=0 prot=0 cmos=0 ctrl=0
F 3564 dma=207 pix=224705 snd=0 prot=0 cmos=0 ctrl=0
F 3565 dma=207 pix=224705 snd=0 prot=0 cmos=0 ctrl=0
F 3566 dma=207 pix=224851 snd=0 prot=0 cmos=0 ctrl=0
F 3567 dma=207 pix=224851 snd=0 prot=0 cmos=0 ctrl=0
F 3568 dma=207 pix=224851 snd=0 prot=0 cmos=0 ctrl=0
F 3569 dma=207 pix=224851 snd=0 prot=0 cmos=0 ctrl=0
F 3570 dma=207 pix=224851 snd=0 prot=0 cmos=0 ctrl=0
F 3571 dma=207 pix=224955 snd=0 prot=0 cmos=0 ctrl=0
F 3572 dma=207 pix=224955 snd=0 prot=0 cmos=0 ctrl=0
F 3573 dma=207 pix=224955 snd=0 prot=0 cmos=0 ctrl=0
F 3574 dma=207 pix=224710 snd=0 prot=0 cmos=0 ctrl=0
F 3575 dma=207 pix=224710 snd=0 prot=0 cmos=0 ctrl=0
F 3576 dma=207 pix=224606 snd=0 prot=0 cmos=0 ctrl=0
F 3577 dma=207 pix=224606 snd=0 prot=0 cmos=0 ctrl=0
F 3578 dma=207 pix=224606 snd=0 prot=0 cmos=0 ctrl=0
F 3579 dma=207 pix=224606 snd=0 prot=0 cmos=0 ctrl=0
F 3580 dma=207 pix=224606 snd=0 prot=0 cmos=0 ctrl=0
F 3581 dma=207 pix=224460 snd=0 prot=0 cmos=0 ctrl=0
F 3582 dma=207 pix=224460 snd=0 prot=0 cmos=0 ctrl=0
F 3583 dma=207 pix=224460 snd=0 prot=0 cmos=0 ctrl=0
F 3584 dma=207 pix=224460 snd=0 prot=0 cmos=0 ctrl=0
F 3585 dma=207 pix=224460 snd=0 prot=0 cmos=0 ctrl=0
F 3586 dma=207 pix=224167 snd=0 prot=0 cmos=0 ctrl=0
F 3587 dma=207 pix=224167 snd=0 prot=0 cmos=0 ctrl=0
SND f=3587 off=1d01030 data=ffaa mask=ffff
F 3588 dma=207 pix=224167 snd=1 prot=0 cmos=0 ctrl=0
SND f=3588 off=1d01030 data=ffaa mask=ffff
F 3589 dma=207 pix=224167 snd=1 prot=0 cmos=0 ctrl=0
F 3590 dma=207 pix=224412 snd=0 prot=0 cmos=0 ctrl=0
F 3591 dma=207 pix=224350 snd=0 prot=0 cmos=0 ctrl=0
F 3592 dma=207 pix=224350 snd=0 prot=0 cmos=0 ctrl=0
F 3593 dma=207 pix=224350 snd=0 prot=0 cmos=0 ctrl=0
F 3594 dma=207 pix=224350 snd=0 prot=0 cmos=0 ctrl=0
F 3595 dma=207 pix=224350 snd=0 prot=0 cmos=0 ctrl=0
F 3596 dma=207 pix=224412 snd=0 prot=0 cmos=0 ctrl=0
F 3597 dma=207 pix=224412 snd=0 prot=0 cmos=0 ctrl=0
F 3598 dma=207 pix=224412 snd=0 prot=0 cmos=0 ctrl=0
F 3599 dma=207 pix=224412 snd=0 prot=0 cmos=0 ctrl=0
F 3600 dma=207 pix=224412 snd=0 prot=0 cmos=0 ctrl=0
F 3601 dma=207 pix=224705 snd=0 prot=0 cmos=0 ctrl=0
F 3602 dma=207 pix=224705 snd=0 prot=0 cmos=0 ctrl=0
F 3603 dma=207 pix=224705 snd=0 prot=0 cmos=0 ctrl=0
F 3604 dma=207 pix=224705 snd=0 prot=0 cmos=0 ctrl=0
F 3605 dma=207 pix=224705 snd=0 prot=0 cmos=0 ctrl=0
F 3606 dma=207 pix=224606 snd=0 prot=0 cmos=0 ctrl=0
F 3607 dma=207 pix=224606 snd=0 prot=0 cmos=0 ctrl=0
F 3608 dma=207 pix=224606 snd=0 prot=0 cmos=0 ctrl=0
F 3609 dma=207 pix=224606 snd=0 prot=0 cmos=0 ctrl=0
F 3610 dma=207 pix=224606 snd=0 prot=0 cmos=0 ctrl=0
F 3611 dma=207 pix=224710 snd=0 prot=0 cmos=0 ctrl=0
F 3612 dma=207 pix=224710 snd=0 prot=0 cmos=0 ctrl=0
F 3613 dma=207 pix=224710 snd=0 prot=0 cmos=0 ctrl=0
F 3614 dma=207 pix=224710 snd=0 prot=0 cmos=0 ctrl=0
F 3615 dma=207 pix=224710 snd=0 prot=0 cmos=0 ctrl=0
F 3616 dma=207 pix=224606 snd=0 prot=0 cmos=0 ctrl=0
F 3617 dma=207 pix=224606 snd=0 prot=0 cmos=0 ctrl=0
F 3618 dma=207 pix=224606 snd=0 prot=0 cmos=0 ctrl=0
F 3619 dma=207 pix=224606 snd=0 prot=0 cmos=0 ctrl=0
F 3620 dma=207 pix=224606 snd=0 prot=0 cmos=0 ctrl=0
F 3621 dma=207 pix=224460 snd=0 prot=0 cmos=0 ctrl=0
F 3622 dma=207 pix=224705 snd=0 prot=0 cmos=0 ctrl=0
F 3623 dma=207 pix=224705 snd=0 prot=0 cmos=0 ctrl=0
F 3624 dma=207 pix=224705 snd=0 prot=0 cmos=0 ctrl=0
F 3625 dma=207 pix=224705 snd=0 prot=0 cmos=0 ctrl=0
F 3626 dma=207 pix=224211 snd=0 prot=0 cmos=0 ctrl=0
F 3627 dma=207 pix=224211 snd=0 prot=0 cmos=0 ctrl=0
F 3628 dma=207 pix=224211 snd=0 prot=0 cmos=0 ctrl=0
F 3629 dma=207 pix=224211 snd=0 prot=0 cmos=0 ctrl=0
F 3630 dma=207 pix=224211 snd=0 prot=0 cmos=0 ctrl=0
F 3631 dma=207 pix=224149 snd=0 prot=0 cmos=0 ctrl=0
F 3632 dma=207 pix=224149 snd=0 prot=0 cmos=0 ctrl=0
F 3633 dma=207 pix=224149 snd=0 prot=0 cmos=0 ctrl=0
F 3634 dma=207 pix=224149 snd=0 prot=0 cmos=0 ctrl=0
F 3635 dma=207 pix=224149 snd=0 prot=0 cmos=0 ctrl=0
F 3636 dma=207 pix=224256 snd=0 prot=0 cmos=0 ctrl=0
F 3637 dma=207 pix=224256 snd=0 prot=0 cmos=0 ctrl=0
F 3638 dma=207 pix=224011 snd=0 prot=0 cmos=0 ctrl=0
F 3639 dma=207 pix=224011 snd=0 prot=0 cmos=0 ctrl=0
F 3640 dma=207 pix=224011 snd=0 prot=0 cmos=0 ctrl=0
F 3641 dma=207 pix=224304 snd=0 prot=0 cmos=0 ctrl=0
F 3642 dma=207 pix=224304 snd=0 prot=0 cmos=0 ctrl=0
F 3643 dma=207 pix=224304 snd=0 prot=0 cmos=0 ctrl=0
F 3644 dma=207 pix=224304 snd=0 prot=0 cmos=0 ctrl=0
F 3645 dma=207 pix=224304 snd=0 prot=0 cmos=0 ctrl=0
F 3646 dma=207 pix=224697 snd=0 prot=0 cmos=0 ctrl=0
F 3647 dma=207 pix=224697 snd=0 prot=0 cmos=0 ctrl=0
F 3648 dma=207 pix=224697 snd=0 prot=0 cmos=0 ctrl=0
F 3649 dma=207 pix=224697 snd=0 prot=0 cmos=0 ctrl=0
F 3650 dma=207 pix=224697 snd=0 prot=0 cmos=0 ctrl=0
F 3651 dma=207 pix=224801 snd=0 prot=0 cmos=0 ctrl=0
F 3652 dma=207 pix=224801 snd=0 prot=0 cmos=0 ctrl=0
F 3653 dma=207 pix=224801 snd=0 prot=0 cmos=0 ctrl=0
F 3654 dma=207 pix=225046 snd=0 prot=0 cmos=0 ctrl=0
F 3655 dma=207 pix=225046 snd=0 prot=0 cmos=0 ctrl=0
F 3656 dma=207 pix=224868 snd=0 prot=0 cmos=0 ctrl=0
SND f=3656 off=1d01030 data=ffaa mask=ffff
F 3657 dma=207 pix=224868 snd=1 prot=0 cmos=0 ctrl=0
SND f=3657 off=1d01030 data=ffaa mask=ffff
F 3658 dma=207 pix=224868 snd=1 prot=0 cmos=0 ctrl=0
F 3659 dma=207 pix=224868 snd=0 prot=0 cmos=0 ctrl=0
F 3660 dma=207 pix=224868 snd=0 prot=0 cmos=0 ctrl=0
F 3661 dma=207 pix=224722 snd=0 prot=0 cmos=0 ctrl=0
F 3662 dma=207 pix=224722 snd=0 prot=0 cmos=0 ctrl=0
F 3663 dma=207 pix=224722 snd=0 prot=0 cmos=0 ctrl=0
F 3664 dma=207 pix=224722 snd=0 prot=0 cmos=6 ctrl=0
F 3665 dma=207 pix=224722 snd=0 prot=0 cmos=0 ctrl=0
F 3666 dma=207 pix=224229 snd=0 prot=0 cmos=0 ctrl=0
F 3667 dma=207 pix=224229 snd=0 prot=0 cmos=0 ctrl=0
F 3668 dma=207 pix=224229 snd=0 prot=0 cmos=0 ctrl=0
F 3669 dma=207 pix=224229 snd=0 prot=0 cmos=0 ctrl=0
F 3670 dma=207 pix=223984 snd=0 prot=0 cmos=0 ctrl=0
F 3671 dma=207 pix=223922 snd=0 prot=0 cmos=0 ctrl=0
F 3672 dma=207 pix=223922 snd=0 prot=0 cmos=0 ctrl=0
F 3673 dma=207 pix=223922 snd=0 prot=0 cmos=0 ctrl=0
F 3674 dma=207 pix=223922 snd=0 prot=0 cmos=0 ctrl=0
F 3675 dma=207 pix=223922 snd=0 prot=0 cmos=0 ctrl=0
F 3676 dma=207 pix=224398 snd=0 prot=0 cmos=0 ctrl=0
F 3677 dma=207 pix=224398 snd=0 prot=0 cmos=0 ctrl=0
F 3678 dma=207 pix=224398 snd=0 prot=0 cmos=0 ctrl=0
F 3679 dma=207 pix=224398 snd=0 prot=0 cmos=0 ctrl=0
F 3680 dma=207 pix=224398 snd=0 prot=0 cmos=0 ctrl=0
F 3681 dma=207 pix=224691 snd=0 prot=0 cmos=0 ctrl=0
F 3682 dma=207 pix=224691 snd=0 prot=0 cmos=0 ctrl=0
F 3683 dma=207 pix=224691 snd=0 prot=0 cmos=0 ctrl=0
F 3684 dma=207 pix=224187 snd=0 prot=0 cmos=0 ctrl=0
F 3685 dma=207 pix=224187 snd=0 prot=0 cmos=0 ctrl=0
F 3686 dma=207 pix=224578 snd=0 prot=0 cmos=0 ctrl=0
F 3687 dma=207 pix=224578 snd=0 prot=0 cmos=0 ctrl=0
F 3688 dma=207 pix=224578 snd=0 prot=0 cmos=0 ctrl=0
F 3689 dma=207 pix=224578 snd=0 prot=0 cmos=0 ctrl=0
F 3690 dma=207 pix=224578 snd=0 prot=0 cmos=0 ctrl=0
F 3691 dma=207 pix=224539 snd=0 prot=0 cmos=0 ctrl=0
F 3692 dma=207 pix=224539 snd=0 prot=0 cmos=0 ctrl=0
F 3693 dma=207 pix=224539 snd=0 prot=0 cmos=0 ctrl=0
F 3694 dma=207 pix=224539 snd=0 prot=0 cmos=0 ctrl=0
F 3695 dma=207 pix=224539 snd=0 prot=0 cmos=0 ctrl=0
F 3696 dma=207 pix=224435 snd=0 prot=0 cmos=0 ctrl=0
F 3697 dma=207 pix=224435 snd=0 prot=0 cmos=0 ctrl=0
F 3698 dma=207 pix=224608 snd=0 prot=0 cmos=0 ctrl=0
F 3699 dma=207 pix=224608 snd=0 prot=0 cmos=0 ctrl=0
F 3700 dma=207 pix=224608 snd=0 prot=0 cmos=0 ctrl=0
F 3701 dma=207 pix=224462 snd=0 prot=0 cmos=0 ctrl=0
F 3702 dma=207 pix=224217 snd=0 prot=0 cmos=0 ctrl=0
F 3703 dma=207 pix=224217 snd=0 prot=0 cmos=0 ctrl=0
F 3704 dma=207 pix=224217 snd=0 prot=0 cmos=0 ctrl=0
F 3705 dma=207 pix=225108 snd=0 prot=0 cmos=0 ctrl=0
F 3706 dma=207 pix=224815 snd=0 prot=0 cmos=0 ctrl=0
F 3707 dma=207 pix=224815 snd=0 prot=0 cmos=0 ctrl=0
F 3708 dma=207 pix=224822 snd=0 prot=0 cmos=0 ctrl=0
F 3709 dma=207 pix=224822 snd=0 prot=0 cmos=0 ctrl=0
F 3710 dma=207 pix=224822 snd=0 prot=0 cmos=0 ctrl=0
F 3711 dma=207 pix=224760 snd=0 prot=0 cmos=0 ctrl=0
F 3712 dma=207 pix=224835 snd=0 prot=0 cmos=0 ctrl=0
F 3713 dma=207 pix=224835 snd=0 prot=0 cmos=0 ctrl=0
F 3714 dma=207 pix=224835 snd=0 prot=0 cmos=0 ctrl=0
F 3715 dma=207 pix=224835 snd=0 prot=0 cmos=0 ctrl=0
F 3716 dma=207 pix=224897 snd=0 prot=0 cmos=0 ctrl=0
F 3717 dma=207 pix=224897 snd=0 prot=0 cmos=0 ctrl=0
F 3718 dma=207 pix=225142 snd=0 prot=0 cmos=0 ctrl=0
F 3719 dma=207 pix=225312 snd=0 prot=0 cmos=0 ctrl=0
F 3720 dma=207 pix=225312 snd=0 prot=0 cmos=0 ctrl=0
F 3721 dma=207 pix=225605 snd=0 prot=0 cmos=0 ctrl=0
F 3722 dma=207 pix=225605 snd=0 prot=0 cmos=0 ctrl=0
F 3723 dma=207 pix=225605 snd=0 prot=0 cmos=0 ctrl=0
F 3724 dma=207 pix=225605 snd=0 prot=0 cmos=0 ctrl=0
F 3725 dma=207 pix=225469 snd=0 prot=0 cmos=0 ctrl=0
SND f=3725 off=1d01030 data=ffaa mask=ffff
F 3726 dma=207 pix=225615 snd=1 prot=0 cmos=0 ctrl=0
SND f=3726 off=1d01030 data=ffaa mask=ffff
F 3727 dma=207 pix=225615 snd=1 prot=0 cmos=0 ctrl=0
F 3728 dma=207 pix=225615 snd=0 prot=0 cmos=0 ctrl=0
F 3729 dma=207 pix=225615 snd=0 prot=0 cmos=0 ctrl=0
F 3730 dma=207 pix=225015 snd=0 prot=0 cmos=0 ctrl=0
F 3731 dma=207 pix=224868 snd=0 prot=0 cmos=0 ctrl=0
F 3732 dma=207 pix=224868 snd=0 prot=0 cmos=0 ctrl=0
F 3733 dma=206 pix=225395 snd=0 prot=0 cmos=0 ctrl=0
F 3734 dma=205 pix=225795 snd=0 prot=0 cmos=0 ctrl=0
F 3735 dma=203 pix=226468 snd=0 prot=0 cmos=0 ctrl=0
F 3736 dma=202 pix=227125 snd=0 prot=0 cmos=0 ctrl=0
F 3737 dma=200 pix=230143 snd=0 prot=0 cmos=0 ctrl=0
F 3738 dma=198 pix=230943 snd=0 prot=0 cmos=0 ctrl=0
F 3739 dma=197 pix=231528 snd=0 prot=0 cmos=0 ctrl=0
F 3740 dma=196 pix=231928 snd=0 prot=0 cmos=0 ctrl=0
F 3741 dma=194 pix=232496 snd=0 prot=0 cmos=0 ctrl=0
F 3742 dma=193 pix=232742 snd=0 prot=0 cmos=0 ctrl=0
F 3743 dma=192 pix=233142 snd=0 prot=0 cmos=0 ctrl=0
F 3744 dma=191 pix=233542 snd=0 prot=0 cmos=0 ctrl=0
F 3745 dma=190 pix=233810 snd=0 prot=0 cmos=0 ctrl=0
F 3746 dma=189 pix=233917 snd=0 prot=0 cmos=0 ctrl=0
F 3747 dma=188 pix=234317 snd=0 prot=0 cmos=0 ctrl=0
F 3748 dma=187 pix=234471 snd=0 prot=0 cmos=0 ctrl=0
F 3749 dma=187 pix=234471 snd=0 prot=0 cmos=0 ctrl=0
F 3750 dma=187 pix=234471 snd=0 prot=0 cmos=0 ctrl=0
IO 3750 0015 0032 00fa 00fc 0003 0014 0112 0120 f010 fffc 0112 002c 0000 0000 0000 0000 0000 0404 0402 0000 0000 0008 0000 0000 0000 0000 0000 001c 0032 0111 f01c 92b4
F 3751 dma=188 pix=233752 snd=0 prot=0 cmos=0 ctrl=0
F 3752 dma=188 pix=233752 snd=0 prot=0 cmos=0 ctrl=0
F 3753 dma=189 pix=233352 snd=0 prot=0 cmos=0 ctrl=0
F 3754 dma=190 pix=232904 snd=0 prot=0 cmos=0 ctrl=0
F 3755 dma=190 pix=232904 snd=0 prot=0 cmos=0 ctrl=0
F 3756 dma=191 pix=232566 snd=0 prot=0 cmos=0 ctrl=0
F 3757 dma=192 pix=232280 snd=0 prot=0 cmos=0 ctrl=0
F 3758 dma=193 pix=231880 snd=0 prot=0 cmos=0 ctrl=0
F 3759 dma=194 pix=231480 snd=0 prot=0 cmos=0 ctrl=0
F 3760 dma=195 pix=231423 snd=0 prot=0 cmos=0 ctrl=0
F 3761 dma=196 pix=231181 snd=0 prot=0 cmos=0 ctrl=0
F 3762 dma=197 pix=229161 snd=0 prot=0 cmos=0 ctrl=0
F 3763 dma=196 pix=229728 snd=0 prot=0 cmos=0 ctrl=0
F 3764 dma=195 pix=230128 snd=0 prot=0 cmos=0 ctrl=0
F 3765 dma=195 pix=230128 snd=0 prot=0 cmos=0 ctrl=0
F 3766 dma=195 pix=230134 snd=0 prot=0 cmos=0 ctrl=0
F 3767 dma=195 pix=229638 snd=0 prot=0 cmos=0 ctrl=0
F 3768 dma=195 pix=229638 snd=0 prot=0 cmos=0 ctrl=0
F 3769 dma=195 pix=229556 snd=0 prot=0 cmos=0 ctrl=0
F 3770 dma=195 pix=229556 snd=0 prot=0 cmos=0 ctrl=0
F 3771 dma=195 pix=229660 snd=0 prot=0 cmos=0 ctrl=0
F 3772 dma=195 pix=229562 snd=0 prot=0 cmos=0 ctrl=0
F 3773 dma=197 pix=246743 snd=0 prot=0 cmos=0 ctrl=0
F 3774 dma=198 pix=246221 snd=0 prot=0 cmos=0 ctrl=0
F 3775 dma=199 pix=245607 snd=0 prot=0 cmos=0 ctrl=0
F 3776 dma=200 pix=245103 snd=0 prot=0 cmos=0 ctrl=0
F 3777 dma=201 pix=244703 snd=0 prot=0 cmos=0 ctrl=0
F 3778 dma=202 pix=244259 snd=0 prot=0 cmos=0 ctrl=0
F 3779 dma=203 pix=243859 snd=0 prot=0 cmos=0 ctrl=0
F 3780 dma=204 pix=243459 snd=0 prot=0 cmos=0 ctrl=0
F 3781 dma=205 pix=243016 snd=0 prot=0 cmos=0 ctrl=0
F 3782 dma=206 pix=242616 snd=0 prot=0 cmos=0 ctrl=0
F 3783 dma=207 pix=242236 snd=0 prot=0 cmos=0 ctrl=0
F 3784 dma=208 pix=242145 snd=0 prot=0 cmos=0 ctrl=0
F 3785 dma=208 pix=242145 snd=0 prot=0 cmos=0 ctrl=0
F 3786 dma=208 pix=241852 snd=0 prot=0 cmos=0 ctrl=0
F 3787 dma=208 pix=241882 snd=0 prot=0 cmos=0 ctrl=0
F 3788 dma=208 pix=241882 snd=0 prot=0 cmos=0 ctrl=0
F 3789 dma=208 pix=241922 snd=0 prot=0 cmos=0 ctrl=0
F 3790 dma=208 pix=241841 snd=0 prot=0 cmos=0 ctrl=0
F 3791 dma=208 pix=242660 snd=0 prot=0 cmos=0 ctrl=0
F 3792 dma=208 pix=242660 snd=0 prot=0 cmos=0 ctrl=0
F 3793 dma=208 pix=242672 snd=0 prot=0 cmos=0 ctrl=0
F 3794 dma=208 pix=241629 snd=0 prot=0 cmos=0 ctrl=0
SND f=3794 off=1d01030 data=ffaa mask=ffff
F 3795 dma=208 pix=242075 snd=1 prot=0 cmos=0 ctrl=0
SND f=3795 off=1d01030 data=ffaa mask=ffff
F 3796 dma=208 pix=242102 snd=1 prot=0 cmos=0 ctrl=0
F 3797 dma=208 pix=242216 snd=0 prot=0 cmos=0 ctrl=0
F 3798 dma=208 pix=240720 snd=0 prot=0 cmos=0 ctrl=0
F 3799 dma=207 pix=240152 snd=0 prot=0 cmos=0 ctrl=0
F 3800 dma=207 pix=240152 snd=0 prot=0 cmos=0 ctrl=0
F 3801 dma=207 pix=241069 snd=0 prot=0 cmos=0 ctrl=0
F 3802 dma=207 pix=238813 snd=0 prot=0 cmos=0 ctrl=0
F 3803 dma=207 pix=238038 snd=0 prot=0 cmos=0 ctrl=0
F 3804 dma=207 pix=238533 snd=0 prot=0 cmos=0 ctrl=0
F 3805 dma=207 pix=238247 snd=0 prot=0 cmos=0 ctrl=0
F 3806 dma=207 pix=237702 snd=0 prot=0 cmos=0 ctrl=0
F 3807 dma=207 pix=237807 snd=0 prot=0 cmos=0 ctrl=0
F 3808 dma=207 pix=238840 snd=0 prot=0 cmos=0 ctrl=0
F 3809 dma=207 pix=239029 snd=0 prot=0 cmos=0 ctrl=0
F 3810 dma=207 pix=241507 snd=0 prot=0 cmos=0 ctrl=0
F 3811 dma=207 pix=239626 snd=0 prot=0 cmos=0 ctrl=0
F 3812 dma=207 pix=240079 snd=0 prot=0 cmos=0 ctrl=0
F 3813 dma=207 pix=240766 snd=0 prot=0 cmos=0 ctrl=0
F 3814 dma=207 pix=240042 snd=0 prot=0 cmos=0 ctrl=0
F 3815 dma=207 pix=240056 snd=0 prot=0 cmos=0 ctrl=0
F 3816 dma=207 pix=240824 snd=0 prot=0 cmos=0 ctrl=0
F 3817 dma=208 pix=241978 snd=0 prot=0 cmos=0 ctrl=0
F 3818 dma=208 pix=243127 snd=0 prot=0 cmos=0 ctrl=0
F 3819 dma=208 pix=241886 snd=0 prot=0 cmos=0 ctrl=0
F 3820 dma=208 pix=241794 snd=0 prot=0 cmos=0 ctrl=0
F 3821 dma=208 pix=240596 snd=0 prot=0 cmos=0 ctrl=0
F 3822 dma=208 pix=240915 snd=0 prot=0 cmos=0 ctrl=0
F 3823 dma=208 pix=240737 snd=0 prot=0 cmos=0 ctrl=0
F 3824 dma=208 pix=240199 snd=0 prot=0 cmos=0 ctrl=0
F 3825 dma=208 pix=239948 snd=0 prot=0 cmos=0 ctrl=0
F 3826 dma=208 pix=239140 snd=0 prot=0 cmos=0 ctrl=0
F 3827 dma=208 pix=240417 snd=0 prot=0 cmos=0 ctrl=0
F 3828 dma=208 pix=239069 snd=0 prot=0 cmos=0 ctrl=0
F 3829 dma=208 pix=239969 snd=0 prot=0 cmos=0 ctrl=0
F 3830 dma=208 pix=240623 snd=0 prot=0 cmos=0 ctrl=0
F 3831 dma=208 pix=243062 snd=0 prot=0 cmos=0 ctrl=0
F 3832 dma=208 pix=243333 snd=0 prot=0 cmos=0 ctrl=0
F 3833 dma=208 pix=242674 snd=0 prot=0 cmos=0 ctrl=0
F 3834 dma=208 pix=242883 snd=0 prot=0 cmos=0 ctrl=0
F 3835 dma=208 pix=242672 snd=0 prot=0 cmos=0 ctrl=0
F 3836 dma=208 pix=241973 snd=0 prot=0 cmos=0 ctrl=0
F 3837 dma=208 pix=241742 snd=0 prot=0 cmos=0 ctrl=0
F 3838 dma=208 pix=241299 snd=0 prot=0 cmos=0 ctrl=0
F 3839 dma=208 pix=241126 snd=0 prot=0 cmos=0 ctrl=0
F 3840 dma=207 pix=242006 snd=0 prot=0 cmos=0 ctrl=0
F 3841 dma=207 pix=242863 snd=0 prot=0 cmos=0 ctrl=0
F 3842 dma=207 pix=242740 snd=0 prot=0 cmos=0 ctrl=0
F 3843 dma=207 pix=241481 snd=0 prot=0 cmos=0 ctrl=0
F 3844 dma=207 pix=241408 snd=0 prot=0 cmos=0 ctrl=0
F 3845 dma=206 pix=241407 snd=0 prot=0 cmos=0 ctrl=0
F 3846 dma=206 pix=241559 snd=0 prot=0 cmos=0 ctrl=0
F 3847 dma=206 pix=241483 snd=0 prot=0 cmos=0 ctrl=0
F 3848 dma=206 pix=243049 snd=0 prot=0 cmos=0 ctrl=0
F 3849 dma=206 pix=242955 snd=0 prot=0 cmos=0 ctrl=0
F 3850 dma=206 pix=242504 snd=0 prot=0 cmos=0 ctrl=0
F 3851 dma=206 pix=241060 snd=0 prot=0 cmos=0 ctrl=0
F 3852 dma=205 pix=240400 snd=0 prot=0 cmos=0 ctrl=0
F 3853 dma=204 pix=234365 snd=0 prot=0 cmos=0 ctrl=0
F 3854 dma=204 pix=234538 snd=0 prot=0 cmos=0 ctrl=0
F 3855 dma=204 pix=233344 snd=0 prot=0 cmos=0 ctrl=0
F 3856 dma=202 pix=226000 snd=0 prot=0 cmos=0 ctrl=0
F 3857 dma=201 pix=219326 snd=0 prot=0 cmos=0 ctrl=0
F 3858 dma=201 pix=218378 snd=0 prot=0 cmos=0 ctrl=0
F 3859 dma=201 pix=217340 snd=0 prot=0 cmos=0 ctrl=0
F 3860 dma=202 pix=231695 snd=0 prot=0 cmos=0 ctrl=0
F 3861 dma=203 pix=232364 snd=0 prot=0 cmos=0 ctrl=0
F 3862 dma=204 pix=236153 snd=0 prot=0 cmos=0 ctrl=0
F 3863 dma=204 pix=240300 snd=0 prot=0 cmos=0 ctrl=0
SND f=3863 off=1d01030 data=ffaa mask=ffff
F 3864 dma=204 pix=240968 snd=1 prot=0 cmos=0 ctrl=0
SND f=3864 off=1d01030 data=ffaa mask=ffff
F 3865 dma=204 pix=242032 snd=1 prot=0 cmos=0 ctrl=0
F 3866 dma=204 pix=242713 snd=0 prot=0 cmos=0 ctrl=0
F 3867 dma=204 pix=242713 snd=0 prot=0 cmos=0 ctrl=0
F 3868 dma=204 pix=243336 snd=0 prot=0 cmos=0 ctrl=0
F 3869 dma=204 pix=243719 snd=0 prot=0 cmos=0 ctrl=0
F 3870 dma=204 pix=244008 snd=0 prot=0 cmos=0 ctrl=0
F 3871 dma=204 pix=244008 snd=0 prot=0 cmos=0 ctrl=0
F 3872 dma=204 pix=242388 snd=0 prot=0 cmos=0 ctrl=0
F 3873 dma=204 pix=242650 snd=0 prot=0 cmos=0 ctrl=0
F 3874 dma=204 pix=240400 snd=0 prot=0 cmos=0 ctrl=0
F 3875 dma=205 pix=266091 snd=0 prot=0 cmos=0 ctrl=0
F 3876 dma=206 pix=266969 snd=0 prot=0 cmos=0 ctrl=0
F 3877 dma=206 pix=266955 snd=0 prot=0 cmos=0 ctrl=0
F 3878 dma=206 pix=267827 snd=0 prot=0 cmos=0 ctrl=0
F 3879 dma=206 pix=267827 snd=0 prot=0 cmos=0 ctrl=0
F 3880 dma=206 pix=268604 snd=0 prot=0 cmos=0 ctrl=0
F 3881 dma=206 pix=268604 snd=0 prot=0 cmos=0 ctrl=0
F 3882 dma=207 pix=268890 snd=0 prot=0 cmos=0 ctrl=0
F 3883 dma=207 pix=268890 snd=0 prot=0 cmos=0 ctrl=0
F 3884 dma=207 pix=268547 snd=0 prot=0 cmos=0 ctrl=0
F 3885 dma=207 pix=268547 snd=0 prot=0 cmos=0 ctrl=0
F 3886 dma=207 pix=268707 snd=0 prot=0 cmos=0 ctrl=0
F 3887 dma=208 pix=269182 snd=0 prot=0 cmos=0 ctrl=0
F 3888 dma=209 pix=267995 snd=0 prot=0 cmos=0 ctrl=0
F 3889 dma=209 pix=267930 snd=0 prot=0 cmos=0 ctrl=0
F 3890 dma=209 pix=263409 snd=0 prot=0 cmos=0 ctrl=0
F 3891 dma=209 pix=263409 snd=0 prot=0 cmos=0 ctrl=0
F 3892 dma=209 pix=263324 snd=0 prot=0 cmos=0 ctrl=0
F 3893 dma=209 pix=263495 snd=0 prot=0 cmos=0 ctrl=0
F 3894 dma=208 pix=261743 snd=0 prot=0 cmos=0 ctrl=0
F 3895 dma=207 pix=256996 snd=0 prot=0 cmos=0 ctrl=0
F 3896 dma=208 pix=259902 snd=0 prot=0 cmos=0 ctrl=0
F 3897 dma=210 pix=262651 snd=0 prot=0 cmos=0 ctrl=0
F 3898 dma=211 pix=271753 snd=0 prot=0 cmos=0 ctrl=0
F 3899 dma=211 pix=271753 snd=0 prot=0 cmos=0 ctrl=0
F 3900 dma=212 pix=273011 snd=0 prot=0 cmos=0 ctrl=0
F 3901 dma=211 pix=273324 snd=0 prot=0 cmos=0 ctrl=0
F 3902 dma=211 pix=274547 snd=0 prot=0 cmos=0 ctrl=0
F 3903 dma=212 pix=279562 snd=0 prot=0 cmos=0 ctrl=0
F 3904 dma=210 pix=277530 snd=0 prot=0 cmos=0 ctrl=0
F 3905 dma=211 pix=284085 snd=0 prot=0 cmos=0 ctrl=0
F 3906 dma=211 pix=283745 snd=0 prot=0 cmos=0 ctrl=0
F 3907 dma=211 pix=289477 snd=0 prot=0 cmos=0 ctrl=0
F 3908 dma=210 pix=299436 snd=0 prot=0 cmos=0 ctrl=0
F 3909 dma=210 pix=299436 snd=0 prot=0 cmos=0 ctrl=0
F 3910 dma=209 pix=297949 snd=0 prot=0 cmos=0 ctrl=0
F 3911 dma=209 pix=296693 snd=0 prot=0 cmos=0 ctrl=0
F 3912 dma=209 pix=297709 snd=0 prot=0 cmos=0 ctrl=0
F 3913 dma=208 pix=296572 snd=0 prot=0 cmos=0 ctrl=0
F 3914 dma=208 pix=296797 snd=0 prot=0 cmos=0 ctrl=0
F 3915 dma=209 pix=303605 snd=0 prot=0 cmos=0 ctrl=0
F 3916 dma=211 pix=315141 snd=0 prot=0 cmos=0 ctrl=0
F 3917 dma=211 pix=314371 snd=0 prot=0 cmos=0 ctrl=0
F 3918 dma=211 pix=314701 snd=0 prot=0 cmos=0 ctrl=0
F 3919 dma=210 pix=314085 snd=0 prot=0 cmos=0 ctrl=0
F 3920 dma=210 pix=313683 snd=0 prot=0 cmos=0 ctrl=0
F 3921 dma=209 pix=313368 snd=0 prot=0 cmos=0 ctrl=0
F 3922 dma=209 pix=312914 snd=0 prot=0 cmos=0 ctrl=0
F 3923 dma=209 pix=311851 snd=0 prot=0 cmos=0 ctrl=0
F 3924 dma=211 pix=314501 snd=0 prot=0 cmos=0 ctrl=0
F 3925 dma=211 pix=314863 snd=0 prot=0 cmos=0 ctrl=0
F 3926 dma=211 pix=314863 snd=0 prot=0 cmos=0 ctrl=0
F 3927 dma=211 pix=314246 snd=0 prot=0 cmos=0 ctrl=0
F 3928 dma=212 pix=317698 snd=0 prot=0 cmos=0 ctrl=0
F 3929 dma=212 pix=316360 snd=0 prot=0 cmos=6 ctrl=0
F 3930 dma=212 pix=317719 snd=0 prot=0 cmos=0 ctrl=0
F 3931 dma=212 pix=318781 snd=0 prot=0 cmos=0 ctrl=0
F 3932 dma=212 pix=318781 snd=0 prot=0 cmos=0 ctrl=0
SND f=3932 off=1d01030 data=ffaa mask=ffff
F 3933 dma=211 pix=314352 snd=1 prot=0 cmos=0 ctrl=0
SND f=3933 off=1d01030 data=ffaa mask=ffff
F 3934 dma=211 pix=314484 snd=1 prot=0 cmos=0 ctrl=0
F 3935 dma=211 pix=313441 snd=0 prot=0 cmos=0 ctrl=0
F 3936 dma=211 pix=314086 snd=0 prot=0 cmos=0 ctrl=0
F 3937 dma=210 pix=313638 snd=0 prot=0 cmos=0 ctrl=0
F 3938 dma=210 pix=313179 snd=0 prot=0 cmos=0 ctrl=0
F 3939 dma=210 pix=313396 snd=0 prot=0 cmos=0 ctrl=0
F 3940 dma=210 pix=312596 snd=0 prot=0 cmos=0 ctrl=0
F 3941 dma=210 pix=313073 snd=0 prot=0 cmos=0 ctrl=0
F 3942 dma=210 pix=312710 snd=0 prot=0 cmos=0 ctrl=0
F 3943 dma=210 pix=314188 snd=0 prot=0 cmos=0 ctrl=0
F 3944 dma=209 pix=305449 snd=0 prot=0 cmos=0 ctrl=0
F 3945 dma=209 pix=305144 snd=0 prot=0 cmos=0 ctrl=0
F 3946 dma=209 pix=305818 snd=0 prot=0 cmos=0 ctrl=0
F 3947 dma=209 pix=309661 snd=0 prot=0 cmos=0 ctrl=0
F 3948 dma=209 pix=306968 snd=0 prot=0 cmos=0 ctrl=0
F 3949 dma=209 pix=306948 snd=0 prot=0 cmos=0 ctrl=0
F 3950 dma=210 pix=308607 snd=0 prot=0 cmos=0 ctrl=0
F 3951 dma=210 pix=308684 snd=0 prot=0 cmos=0 ctrl=0
F 3952 dma=210 pix=309367 snd=0 prot=0 cmos=0 ctrl=0
F 3953 dma=209 pix=292662 snd=0 prot=0 cmos=0 ctrl=0
F 3954 dma=209 pix=291831 snd=0 prot=0 cmos=0 ctrl=0
F 3955 dma=209 pix=294616 snd=0 prot=0 cmos=0 ctrl=0
F 3956 dma=209 pix=294517 snd=0 prot=0 cmos=0 ctrl=0
F 3957 dma=209 pix=295156 snd=0 prot=0 cmos=0 ctrl=0
F 3958 dma=208 pix=295448 snd=0 prot=0 cmos=0 ctrl=0
F 3959 dma=207 pix=297740 snd=0 prot=0 cmos=0 ctrl=0
F 3960 dma=206 pix=298429 snd=0 prot=0 cmos=0 ctrl=0
F 3961 dma=205 pix=299963 snd=0 prot=0 cmos=0 ctrl=0
F 3962 dma=204 pix=302071 snd=0 prot=0 cmos=0 ctrl=0
F 3963 dma=203 pix=301295 snd=0 prot=0 cmos=0 ctrl=0
F 3964 dma=202 pix=302585 snd=0 prot=0 cmos=0 ctrl=0
F 3965 dma=201 pix=300870 snd=0 prot=0 cmos=0 ctrl=0
F 3966 dma=200 pix=297903 snd=0 prot=0 cmos=0 ctrl=0
F 3967 dma=200 pix=298671 snd=0 prot=0 cmos=0 ctrl=0
F 3968 dma=199 pix=298953 snd=0 prot=0 cmos=0 ctrl=0
F 3969 dma=199 pix=299580 snd=0 prot=0 cmos=0 ctrl=0
F 3970 dma=199 pix=300380 snd=0 prot=0 cmos=0 ctrl=0
F 3971 dma=199 pix=298792 snd=0 prot=0 cmos=0 ctrl=0
F 3972 dma=200 pix=298500 snd=0 prot=0 cmos=0 ctrl=0
F 3973 dma=202 pix=297486 snd=0 prot=0 cmos=0 ctrl=0
F 3974 dma=202 pix=297486 snd=0 prot=0 cmos=0 ctrl=0
F 3975 dma=203 pix=299107 snd=0 prot=0 cmos=0 ctrl=0
F 3976 dma=204 pix=299522 snd=0 prot=0 cmos=0 ctrl=0
F 3977 dma=205 pix=300818 snd=0 prot=0 cmos=0 ctrl=0
F 3978 dma=206 pix=300516 snd=0 prot=0 cmos=0 ctrl=0
F 3979 dma=207 pix=298630 snd=0 prot=0 cmos=0 ctrl=0
F 3980 dma=208 pix=298338 snd=0 prot=0 cmos=0 ctrl=0
F 3981 dma=209 pix=298199 snd=0 prot=0 cmos=0 ctrl=0
F 3982 dma=210 pix=297843 snd=0 prot=0 cmos=0 ctrl=0
F 3983 dma=210 pix=300072 snd=0 prot=0 cmos=0 ctrl=0
F 3984 dma=210 pix=300072 snd=0 prot=0 cmos=0 ctrl=0
F 3985 dma=210 pix=302108 snd=0 prot=0 cmos=0 ctrl=0
F 3986 dma=210 pix=302108 snd=0 prot=0 cmos=0 ctrl=0
F 3987 dma=210 pix=302504 snd=0 prot=0 cmos=0 ctrl=0
F 3988 dma=209 pix=301931 snd=0 prot=0 cmos=0 ctrl=0
F 3989 dma=209 pix=299694 snd=0 prot=0 cmos=0 ctrl=0
F 3990 dma=209 pix=297663 snd=0 prot=0 cmos=0 ctrl=0
F 3991 dma=209 pix=297713 snd=0 prot=0 cmos=0 ctrl=0
F 3992 dma=211 pix=296523 snd=0 prot=0 cmos=0 ctrl=0
F 3993 dma=210 pix=296923 snd=0 prot=0 cmos=0 ctrl=0
F 3994 dma=207 pix=297907 snd=0 prot=0 cmos=0 ctrl=0
F 3995 dma=208 pix=295605 snd=0 prot=0 cmos=0 ctrl=0
F 3996 dma=214 pix=293444 snd=0 prot=0 cmos=0 ctrl=0
F 3997 dma=207 pix=296028 snd=0 prot=0 cmos=0 ctrl=0
F 3998 dma=208 pix=295736 snd=0 prot=0 cmos=0 ctrl=0
F 3999 dma=210 pix=294836 snd=0 prot=0 cmos=0 ctrl=0
F 4000 dma=208 pix=295499 snd=0 prot=0 cmos=0 ctrl=0
IO 4000 0015 0032 00fa 00fc 0003 0014 0112 0120 f010 fffc 0112 002c 0000 0000 0000 0000 0000 0404 0402 0000 0000 0008 0000 0000 0000 0000 0000 001c 0032 0111 f01c cfb0
F 4001 dma=209 pix=297008 snd=0 prot=0 cmos=0 ctrl=0
SND f=4001 off=1d01030 data=ffaa mask=ffff
F 4002 dma=209 pix=296926 snd=1 prot=0 cmos=0 ctrl=0
SND f=4002 off=1d01030 data=ffaa mask=ffff
F 4003 dma=209 pix=297592 snd=1 prot=0 cmos=0 ctrl=0
F 4004 dma=210 pix=296988 snd=0 prot=0 cmos=0 ctrl=0
F 4005 dma=208 pix=298080 snd=0 prot=0 cmos=0 ctrl=0
F 4006 dma=209 pix=296623 snd=0 prot=0 cmos=0 ctrl=0
F 4007 dma=212 pix=297430 snd=0 prot=0 cmos=0 ctrl=0
F 4008 dma=210 pix=298162 snd=0 prot=0 cmos=0 ctrl=0
F 4009 dma=208 pix=299422 snd=0 prot=0 cmos=0 ctrl=0
F 4010 dma=208 pix=298338 snd=0 prot=0 cmos=0 ctrl=0
F 4011 dma=210 pix=297911 snd=0 prot=0 cmos=0 ctrl=0
F 4012 dma=209 pix=302045 snd=0 prot=0 cmos=0 ctrl=0
F 4013 dma=211 pix=317579 snd=0 prot=0 cmos=0 ctrl=0
F 4014 dma=211 pix=317171 snd=0 prot=0 cmos=0 ctrl=0
F 4015 dma=211 pix=316405 snd=0 prot=0 cmos=0 ctrl=0
F 4016 dma=211 pix=316345 snd=0 prot=0 cmos=0 ctrl=0
F 4017 dma=211 pix=316436 snd=0 prot=0 cmos=0 ctrl=0
F 4018 dma=212 pix=316625 snd=0 prot=0 cmos=0 ctrl=0
F 4019 dma=210 pix=316411 snd=0 prot=0 cmos=0 ctrl=0
F 4020 dma=211 pix=313318 snd=0 prot=0 cmos=0 ctrl=0
F 4021 dma=211 pix=311985 snd=0 prot=0 cmos=0 ctrl=0
F 4022 dma=211 pix=312094 snd=0 prot=0 cmos=0 ctrl=0
F 4023 dma=211 pix=312367 snd=0 prot=0 cmos=0 ctrl=0
F 4024 dma=211 pix=312381 snd=0 prot=0 cmos=0 ctrl=0
F 4025 dma=211 pix=310253 snd=0 prot=0 cmos=0 ctrl=0
F 4026 dma=211 pix=310923 snd=0 prot=0 cmos=0 ctrl=0
F 4027 dma=211 pix=311671 snd=0 prot=0 cmos=0 ctrl=0
F 4028 dma=211 pix=312154 snd=0 prot=0 cmos=0 ctrl=0
F 4029 dma=211 pix=312315 snd=0 prot=0 cmos=0 ctrl=0
F 4030 dma=211 pix=311515 snd=0 prot=0 cmos=0 ctrl=0
F 4031 dma=211 pix=312081 snd=0 prot=0 cmos=0 ctrl=0
F 4032 dma=223 pix=326270 snd=0 prot=0 cmos=0 ctrl=0
F 4033 dma=223 pix=325256 snd=0 prot=0 cmos=0 ctrl=0
F 4034 dma=223 pix=325259 snd=0 prot=0 cmos=0 ctrl=0
F 4035 dma=223 pix=325069 snd=0 prot=0 cmos=0 ctrl=0
F 4036 dma=223 pix=325114 snd=0 prot=0 cmos=0 ctrl=0
F 4037 dma=223 pix=324423 snd=0 prot=0 cmos=0 ctrl=0
F 4038 dma=223 pix=324320 snd=0 prot=0 cmos=0 ctrl=0
F 4039 dma=223 pix=323505 snd=0 prot=0 cmos=0 ctrl=0
F 4040 dma=223 pix=323505 snd=0 prot=0 cmos=0 ctrl=0
F 4041 dma=223 pix=324182 snd=0 prot=0 cmos=0 ctrl=0
F 4042 dma=223 pix=324225 snd=0 prot=0 cmos=0 ctrl=0
F 4043 dma=223 pix=323759 snd=0 prot=0 cmos=0 ctrl=0
F 4044 dma=223 pix=323904 snd=0 prot=0 cmos=0 ctrl=0
F 4045 dma=223 pix=321301 snd=0 prot=0 cmos=0 ctrl=0
F 4046 dma=223 pix=321161 snd=0 prot=0 cmos=0 ctrl=0
F 4047 dma=223 pix=320954 snd=0 prot=0 cmos=0 ctrl=0
F 4048 dma=223 pix=322614 snd=0 prot=0 cmos=0 ctrl=0
F 4049 dma=223 pix=320575 snd=0 prot=0 cmos=0 ctrl=0
F 4050 dma=223 pix=321468 snd=0 prot=0 cmos=0 ctrl=0
F 4051 dma=223 pix=321723 snd=0 prot=0 cmos=0 ctrl=0
F 4052 dma=223 pix=322088 snd=0 prot=0 cmos=0 ctrl=0
F 4053 dma=223 pix=322502 snd=0 prot=0 cmos=0 ctrl=0
F 4054 dma=223 pix=323167 snd=0 prot=0 cmos=0 ctrl=0
F 4055 dma=223 pix=322540 snd=0 prot=0 cmos=0 ctrl=0
F 4056 dma=223 pix=322533 snd=0 prot=0 cmos=0 ctrl=0
F 4057 dma=223 pix=320117 snd=0 prot=0 cmos=0 ctrl=0
F 4058 dma=223 pix=320117 snd=0 prot=0 cmos=0 ctrl=0
F 4059 dma=223 pix=320117 snd=0 prot=0 cmos=0 ctrl=0
F 4060 dma=222 pix=317641 snd=0 prot=0 cmos=0 ctrl=0
F 4061 dma=222 pix=317641 snd=0 prot=0 cmos=0 ctrl=0
F 4062 dma=222 pix=317641 snd=0 prot=0 cmos=0 ctrl=0
F 4063 dma=222 pix=317641 snd=0 prot=0 cmos=0 ctrl=0
F 4064 dma=222 pix=317355 snd=0 prot=0 cmos=0 ctrl=0
F 4065 dma=222 pix=318155 snd=0 prot=0 cmos=0 ctrl=0
F 4066 dma=222 pix=317320 snd=0 prot=0 cmos=0 ctrl=0
F 4067 dma=222 pix=317320 snd=0 prot=0 cmos=0 ctrl=0
F 4068 dma=222 pix=317320 snd=0 prot=0 cmos=0 ctrl=0
F 4069 dma=222 pix=317705 snd=0 prot=0 cmos=0 ctrl=0
F 4070 dma=222 pix=317705 snd=0 prot=0 cmos=0 ctrl=0
SND f=4070 off=1d01030 data=ffaa mask=ffff
F 4071 dma=222 pix=318449 snd=1 prot=0 cmos=0 ctrl=0
SND f=4071 off=1d01030 data=ffaa mask=ffff
F 4072 dma=222 pix=317926 snd=1 prot=0 cmos=0 ctrl=0
F 4073 dma=222 pix=317926 snd=0 prot=0 cmos=0 ctrl=0
F 4074 dma=222 pix=318848 snd=0 prot=0 cmos=0 ctrl=0
F 4075 dma=222 pix=318848 snd=0 prot=0 cmos=0 ctrl=0
F 4076 dma=222 pix=318848 snd=0 prot=0 cmos=0 ctrl=0
F 4077 dma=222 pix=319442 snd=0 prot=0 cmos=0 ctrl=0
F 4078 dma=222 pix=319442 snd=0 prot=0 cmos=0 ctrl=0
F 4079 dma=222 pix=319749 snd=0 prot=0 cmos=0 ctrl=0
F 4080 dma=222 pix=319749 snd=0 prot=0 cmos=0 ctrl=0
F 4081 dma=222 pix=319749 snd=0 prot=0 cmos=0 ctrl=0
F 4082 dma=222 pix=319692 snd=0 prot=0 cmos=0 ctrl=0
F 4083 dma=222 pix=319212 snd=0 prot=0 cmos=0 ctrl=0
F 4084 dma=222 pix=319429 snd=0 prot=0 cmos=0 ctrl=0
F 4085 dma=222 pix=319429 snd=0 prot=0 cmos=0 ctrl=0
F 4086 dma=222 pix=319732 snd=0 prot=0 cmos=0 ctrl=0
F 4087 dma=222 pix=319732 snd=0 prot=0 cmos=0 ctrl=0
F 4088 dma=222 pix=320124 snd=0 prot=0 cmos=0 ctrl=0
F 4089 dma=222 pix=319576 snd=0 prot=0 cmos=0 ctrl=0
F 4090 dma=222 pix=319576 snd=0 prot=0 cmos=0 ctrl=0
F 4091 dma=221 pix=293847 snd=0 prot=0 cmos=0 ctrl=0
F 4092 dma=221 pix=294724 snd=0 prot=0 cmos=0 ctrl=0
F 4093 dma=221 pix=294724 snd=0 prot=0 cmos=0 ctrl=0
F 4094 dma=221 pix=294267 snd=0 prot=0 cmos=0 ctrl=0
F 4095 dma=221 pix=294331 snd=0 prot=0 cmos=0 ctrl=0
F 4096 dma=221 pix=296551 snd=0 prot=0 cmos=0 ctrl=0
F 4097 dma=221 pix=296668 snd=0 prot=0 cmos=0 ctrl=0
F 4098 dma=221 pix=296668 snd=0 prot=0 cmos=0 ctrl=0
F 4099 dma=221 pix=296534 snd=0 prot=0 cmos=0 ctrl=0
F 4100 dma=221 pix=296339 snd=0 prot=0 cmos=0 ctrl=0
F 4101 dma=221 pix=296339 snd=0 prot=0 cmos=0 ctrl=0
F 4102 dma=221 pix=296573 snd=0 prot=0 cmos=0 ctrl=0
F 4103 dma=221 pix=296573 snd=0 prot=0 cmos=0 ctrl=0
F 4104 dma=221 pix=296309 snd=0 prot=0 cmos=0 ctrl=0
F 4105 dma=221 pix=297222 snd=0 prot=0 cmos=0 ctrl=0
F 4106 dma=221 pix=296669 snd=0 prot=0 cmos=0 ctrl=0
F 4107 dma=220 pix=295149 snd=0 prot=0 cmos=0 ctrl=0
F 4108 dma=220 pix=295149 snd=0 prot=0 cmos=0 ctrl=0
F 4109 dma=221 pix=304736 snd=0 prot=0 cmos=0 ctrl=0
F 4110 dma=221 pix=305737 snd=0 prot=0 cmos=0 ctrl=0
F 4111 dma=221 pix=305893 snd=0 prot=0 cmos=0 ctrl=0
F 4112 dma=221 pix=305893 snd=0 prot=0 cmos=0 ctrl=0
F 4113 dma=221 pix=306049 snd=0 prot=0 cmos=0 ctrl=0
F 4114 dma=222 pix=310711 snd=0 prot=0 cmos=0 ctrl=0
F 4115 dma=222 pix=309911 snd=0 prot=0 cmos=0 ctrl=0
F 4116 dma=222 pix=309911 snd=0 prot=0 cmos=0 ctrl=0
F 4117 dma=222 pix=306011 snd=0 prot=0 cmos=0 ctrl=0
F 4118 dma=222 pix=306011 snd=0 prot=0 cmos=0 ctrl=0
F 4119 dma=222 pix=306318 snd=0 prot=0 cmos=0 ctrl=0
F 4120 dma=222 pix=306487 snd=0 prot=0 cmos=0 ctrl=0
F 4121 dma=220 pix=294274 snd=0 prot=0 cmos=0 ctrl=0
F 4122 dma=220 pix=294274 snd=0 prot=0 cmos=0 ctrl=0
F 4123 dma=219 pix=286902 snd=0 prot=0 cmos=0 ctrl=0
F 4124 dma=219 pix=288182 snd=0 prot=0 cmos=0 ctrl=0
F 4125 dma=219 pix=290544 snd=0 prot=0 cmos=0 ctrl=0
F 4126 dma=219 pix=290544 snd=0 prot=0 cmos=0 ctrl=0
F 4127 dma=219 pix=290544 snd=0 prot=0 cmos=0 ctrl=0
F 4128 dma=219 pix=291452 snd=0 prot=0 cmos=0 ctrl=0
F 4129 dma=219 pix=290558 snd=0 prot=0 cmos=0 ctrl=0
F 4130 dma=219 pix=290601 snd=0 prot=0 cmos=0 ctrl=0
F 4131 dma=219 pix=281875 snd=0 prot=0 cmos=0 ctrl=0
F 4132 dma=220 pix=282050 snd=0 prot=0 cmos=0 ctrl=0
F 4133 dma=220 pix=278128 snd=0 prot=0 cmos=0 ctrl=0
F 4134 dma=220 pix=277130 snd=0 prot=0 cmos=0 ctrl=0
F 4135 dma=220 pix=277076 snd=0 prot=0 cmos=0 ctrl=0
F 4136 dma=221 pix=273534 snd=0 prot=0 cmos=0 ctrl=0
F 4137 dma=219 pix=264140 snd=0 prot=0 cmos=0 ctrl=0
F 4138 dma=220 pix=264561 snd=0 prot=0 cmos=0 ctrl=0
F 4139 dma=221 pix=264586 snd=0 prot=0 cmos=0 ctrl=0
SND f=4139 off=1d01030 data=ffaa mask=ffff
F 4140 dma=221 pix=264589 snd=1 prot=0 cmos=0 ctrl=0
SND f=4140 off=1d01030 data=ffaa mask=ffff
F 4141 dma=220 pix=260636 snd=1 prot=0 cmos=0 ctrl=0
F 4142 dma=220 pix=260717 snd=0 prot=0 cmos=0 ctrl=0
F 4143 dma=220 pix=260717 snd=0 prot=0 cmos=0 ctrl=0
F 4144 dma=220 pix=261797 snd=0 prot=0 cmos=0 ctrl=0
F 4145 dma=220 pix=262353 snd=0 prot=0 cmos=0 ctrl=0
F 4146 dma=220 pix=262215 snd=0 prot=0 cmos=0 ctrl=0
F 4147 dma=220 pix=263565 snd=0 prot=0 cmos=0 ctrl=0
F 4148 dma=220 pix=264077 snd=0 prot=0 cmos=0 ctrl=0
F 4149 dma=220 pix=263375 snd=0 prot=0 cmos=0 ctrl=0
F 4150 dma=220 pix=263020 snd=0 prot=0 cmos=0 ctrl=0
F 4151 dma=220 pix=260936 snd=0 prot=0 cmos=0 ctrl=0
F 4152 dma=220 pix=262994 snd=0 prot=0 cmos=0 ctrl=0
F 4153 dma=220 pix=262667 snd=0 prot=0 cmos=0 ctrl=0
F 4154 dma=220 pix=263491 snd=0 prot=0 cmos=0 ctrl=0
F 4155 dma=220 pix=264517 snd=0 prot=0 cmos=0 ctrl=0
F 4156 dma=220 pix=261390 snd=0 prot=0 cmos=0 ctrl=0
F 4157 dma=220 pix=261390 snd=0 prot=0 cmos=0 ctrl=0
F 4158 dma=220 pix=261161 snd=0 prot=0 cmos=0 ctrl=0
F 4159 dma=220 pix=262458 snd=0 prot=0 cmos=0 ctrl=0
F 4160 dma=220 pix=262904 snd=0 prot=0 cmos=0 ctrl=0
F 4161 dma=220 pix=262470 snd=0 prot=0 cmos=0 ctrl=0
F 4162 dma=220 pix=260649 snd=0 prot=0 cmos=0 ctrl=0
F 4163 dma=220 pix=261127 snd=0 prot=0 cmos=0 ctrl=0
F 4164 dma=220 pix=262806 snd=0 prot=0 cmos=0 ctrl=0
F 4165 dma=220 pix=261897 snd=0 prot=0 cmos=0 ctrl=0
F 4166 dma=220 pix=261897 snd=0 prot=0 cmos=0 ctrl=0
F 4167 dma=220 pix=261876 snd=0 prot=0 cmos=0 ctrl=0
F 4168 dma=220 pix=262773 snd=0 prot=0 cmos=0 ctrl=0
F 4169 dma=220 pix=262928 snd=0 prot=0 cmos=0 ctrl=0
F 4170 dma=220 pix=262573 snd=0 prot=0 cmos=0 ctrl=0
F 4171 dma=220 pix=262355 snd=0 prot=0 cmos=0 ctrl=0
F 4172 dma=220 pix=260679 snd=0 prot=0 cmos=0 ctrl=0
F 4173 dma=220 pix=260707 snd=0 prot=0 cmos=0 ctrl=0
F 4174 dma=220 pix=260607 snd=0 prot=0 cmos=0 ctrl=0
F 4175 dma=221 pix=260248 snd=0 prot=0 cmos=0 ctrl=0
F 4176 dma=221 pix=259827 snd=0 prot=0 cmos=0 ctrl=0
F 4177 dma=220 pix=258980 snd=0 prot=0 cmos=0 ctrl=0
F 4178 dma=220 pix=258750 snd=0 prot=0 cmos=0 ctrl=0
F 4179 dma=220 pix=256673 snd=0 prot=0 cmos=0 ctrl=0
F 4180 dma=218 pix=246246 snd=0 prot=0 cmos=0 ctrl=0
F 4181 dma=217 pix=248755 snd=0 prot=0 cmos=0 ctrl=0
F 4182 dma=218 pix=251245 snd=0 prot=0 cmos=0 ctrl=0
F 4183 dma=217 pix=250389 snd=0 prot=0 cmos=0 ctrl=0
F 4184 dma=216 pix=252065 snd=0 prot=0 cmos=0 ctrl=0
F 4185 dma=204 pix=237773 snd=0 prot=0 cmos=0 ctrl=0
F 4186 dma=203 pix=237169 snd=0 prot=0 cmos=0 ctrl=0
F 4187 dma=201 pix=235817 snd=0 prot=0 cmos=0 ctrl=0
F 4188 dma=200 pix=235596 snd=0 prot=0 cmos=0 ctrl=0
F 4189 dma=199 pix=235326 snd=0 prot=0 cmos=0 ctrl=0
F 4190 dma=197 pix=232983 snd=0 prot=0 cmos=0 ctrl=0
F 4191 dma=196 pix=229954 snd=0 prot=0 cmos=0 ctrl=0
F 4192 dma=196 pix=212736 snd=0 prot=0 cmos=0 ctrl=0
F 4193 dma=198 pix=209178 snd=0 prot=0 cmos=0 ctrl=0
F 4194 dma=200 pix=215268 snd=0 prot=0 cmos=6 ctrl=0
F 4195 dma=200 pix=216119 snd=0 prot=0 cmos=0 ctrl=0
F 4196 dma=199 pix=215944 snd=0 prot=0 cmos=0 ctrl=0
F 4197 dma=200 pix=216476 snd=0 prot=0 cmos=0 ctrl=0
F 4198 dma=199 pix=213747 snd=0 prot=0 cmos=0 ctrl=0
F 4199 dma=199 pix=213747 snd=0 prot=0 cmos=0 ctrl=0
F 4200 dma=199 pix=212547 snd=0 prot=0 cmos=0 ctrl=0
F 4201 dma=199 pix=212348 snd=0 prot=0 cmos=0 ctrl=0
F 4202 dma=199 pix=214111 snd=0 prot=0 cmos=0 ctrl=0
F 4203 dma=199 pix=214111 snd=0 prot=0 cmos=0 ctrl=0
F 4204 dma=199 pix=214111 snd=0 prot=0 cmos=0 ctrl=0
F 4205 dma=199 pix=214111 snd=0 prot=0 cmos=0 ctrl=0
F 4206 dma=199 pix=214954 snd=0 prot=0 cmos=0 ctrl=0
F 4207 dma=199 pix=214940 snd=0 prot=0 cmos=0 ctrl=0
F 4208 dma=199 pix=214940 snd=0 prot=0 cmos=0 ctrl=0
SND f=4208 off=1d01030 data=ffaa mask=ffff
F 4209 dma=199 pix=214940 snd=1 prot=0 cmos=0 ctrl=0
SND f=4209 off=1d01030 data=ffaa mask=ffff
F 4210 dma=199 pix=213265 snd=1 prot=0 cmos=0 ctrl=0
F 4211 dma=199 pix=213265 snd=0 prot=0 cmos=0 ctrl=0
F 4212 dma=198 pix=213040 snd=0 prot=0 cmos=0 ctrl=0
F 4213 dma=198 pix=213040 snd=0 prot=0 cmos=0 ctrl=0
F 4214 dma=198 pix=212643 snd=0 prot=0 cmos=0 ctrl=0
F 4215 dma=198 pix=212629 snd=0 prot=0 cmos=0 ctrl=0
F 4216 dma=197 pix=212069 snd=0 prot=0 cmos=0 ctrl=0
F 4217 dma=197 pix=212069 snd=0 prot=0 cmos=0 ctrl=0
F 4218 dma=196 pix=233280 snd=0 prot=0 cmos=0 ctrl=0
F 4219 dma=196 pix=233280 snd=0 prot=0 cmos=0 ctrl=0
F 4220 dma=194 pix=220196 snd=0 prot=0 cmos=0 ctrl=0
F 4221 dma=193 pix=219081 snd=0 prot=0 cmos=0 ctrl=0
F 4222 dma=195 pix=233786 snd=0 prot=0 cmos=0 ctrl=0
F 4223 dma=196 pix=238112 snd=0 prot=0 cmos=0 ctrl=0
F 4224 dma=196 pix=238112 snd=0 prot=0 cmos=0 ctrl=0
F 4225 dma=196 pix=237909 snd=0 prot=0 cmos=0 ctrl=0
F 4226 dma=196 pix=238010 snd=0 prot=0 cmos=0 ctrl=0
F 4227 dma=196 pix=238010 snd=0 prot=0 cmos=0 ctrl=0
F 4228 dma=196 pix=238010 snd=0 prot=0 cmos=0 ctrl=0
F 4229 dma=196 pix=238003 snd=0 prot=0 cmos=0 ctrl=0
F 4230 dma=196 pix=238338 snd=0 prot=0 cmos=0 ctrl=0
F 4231 dma=196 pix=238338 snd=0 prot=0 cmos=0 ctrl=0
F 4232 dma=195 pix=211538 snd=0 prot=0 cmos=0 ctrl=0
F 4233 dma=196 pix=211994 snd=0 prot=0 cmos=0 ctrl=0
F 4234 dma=196 pix=212893 snd=0 prot=0 cmos=0 ctrl=0
F 4235 dma=196 pix=212893 snd=0 prot=0 cmos=0 ctrl=0
F 4236 dma=197 pix=213341 snd=0 prot=0 cmos=0 ctrl=0
F 4237 dma=197 pix=213341 snd=0 prot=0 cmos=0 ctrl=0
F 4238 dma=197 pix=212917 snd=0 prot=0 cmos=0 ctrl=0
F 4239 dma=198 pix=213392 snd=0 prot=0 cmos=0 ctrl=0
F 4240 dma=199 pix=213824 snd=0 prot=0 cmos=0 ctrl=0
F 4241 dma=199 pix=213824 snd=0 prot=0 cmos=0 ctrl=0
F 4242 dma=197 pix=205951 snd=0 prot=0 cmos=0 ctrl=0
F 4243 dma=197 pix=205951 snd=0 prot=0 cmos=0 ctrl=0
F 4244 dma=198 pix=203860 snd=0 prot=0 cmos=0 ctrl=0
F 4245 dma=199 pix=212962 snd=0 prot=0 cmos=0 ctrl=0
F 4246 dma=198 pix=213912 snd=0 prot=0 cmos=0 ctrl=0
F 4247 dma=198 pix=213912 snd=0 prot=0 cmos=0 ctrl=0
F 4248 dma=197 pix=213615 snd=0 prot=0 cmos=0 ctrl=0
F 4249 dma=197 pix=213615 snd=0 prot=0 cmos=0 ctrl=0
F 4250 dma=198 pix=219304 snd=0 prot=0 cmos=0 ctrl=0
IO 4250 0015 0032 00fa 00fc 0003 0014 0112 0120 f010 fffc 0112 002c 0000 0000 0000 0000 0000 0404 0402 0000 0000 0008 0000 0000 0000 0000 0000 001c 0032 0111 f01c 0ca8
F 4251 dma=197 pix=219255 snd=0 prot=0 cmos=0 ctrl=0
F 4252 dma=198 pix=223820 snd=0 prot=0 cmos=0 ctrl=0
F 4253 dma=198 pix=227044 snd=0 prot=0 cmos=0 ctrl=0
F 4254 dma=197 pix=224851 snd=0 prot=0 cmos=0 ctrl=0
F 4255 dma=198 pix=230699 snd=0 prot=0 cmos=0 ctrl=0
F 4256 dma=196 pix=230419 snd=0 prot=0 cmos=0 ctrl=0
F 4257 dma=197 pix=239249 snd=0 prot=0 cmos=0 ctrl=0
F 4258 dma=197 pix=239171 snd=0 prot=0 cmos=0 ctrl=0
F 4259 dma=197 pix=239171 snd=0 prot=0 cmos=0 ctrl=0
F 4260 dma=197 pix=239171 snd=0 prot=0 cmos=0 ctrl=0
F 4261 dma=197 pix=239171 snd=0 prot=0 cmos=0 ctrl=0
F 4262 dma=198 pix=244351 snd=0 prot=0 cmos=0 ctrl=0
F 4263 dma=198 pix=242817 snd=0 prot=0 cmos=0 ctrl=0
F 4264 dma=198 pix=242817 snd=0 prot=0 cmos=0 ctrl=0
F 4265 dma=200 pix=249558 snd=0 prot=0 cmos=0 ctrl=0
F 4266 dma=200 pix=249480 snd=0 prot=0 cmos=0 ctrl=0
F 4267 dma=201 pix=254037 snd=0 prot=0 cmos=0 ctrl=0
F 4268 dma=202 pix=254224 snd=0 prot=0 cmos=0 ctrl=0
F 4269 dma=202 pix=257813 snd=0 prot=0 cmos=0 ctrl=0
F 4270 dma=202 pix=257465 snd=0 prot=0 cmos=0 ctrl=0
F 4271 dma=202 pix=258075 snd=0 prot=0 cmos=0 ctrl=0
F 4272 dma=203 pix=264807 snd=0 prot=0 cmos=0 ctrl=0
F 4273 dma=202 pix=262902 snd=0 prot=0 cmos=0 ctrl=0
F 4274 dma=201 pix=257862 snd=0 prot=0 cmos=0 ctrl=0
F 4275 dma=201 pix=259609 snd=0 prot=0 cmos=0 ctrl=0
F 4276 dma=201 pix=259339 snd=0 prot=0 cmos=0 ctrl=0
F 4277 dma=201 pix=259339 snd=0 prot=0 cmos=0 ctrl=0
SND f=4277 off=1d01030 data=ffaa mask=ffff
F 4278 dma=201 pix=259339 snd=1 prot=0 cmos=0 ctrl=0
SND f=4278 off=1d01030 data=ffaa mask=ffff
F 4279 dma=201 pix=260135 snd=1 prot=0 cmos=0 ctrl=0
F 4280 dma=201 pix=260347 snd=0 prot=0 cmos=0 ctrl=0
F 4281 dma=201 pix=257792 snd=0 prot=0 cmos=0 ctrl=0
F 4282 dma=201 pix=258600 snd=0 prot=0 cmos=0 ctrl=0
F 4283 dma=201 pix=258600 snd=0 prot=0 cmos=0 ctrl=0
F 4284 dma=201 pix=258600 snd=0 prot=0 cmos=0 ctrl=0
F 4285 dma=201 pix=257904 snd=0 prot=0 cmos=0 ctrl=0
F 4286 dma=200 pix=258228 snd=0 prot=0 cmos=0 ctrl=0
F 4287 dma=200 pix=259498 snd=0 prot=0 cmos=0 ctrl=0
F 4288 dma=199 pix=260273 snd=0 prot=0 cmos=0 ctrl=0
F 4289 dma=197 pix=260941 snd=0 prot=0 cmos=0 ctrl=0
F 4290 dma=195 pix=261609 snd=0 prot=0 cmos=0 ctrl=0
F 4291 dma=193 pix=262760 snd=0 prot=0 cmos=0 ctrl=0
F 4292 dma=191 pix=263428 snd=0 prot=0 cmos=0 ctrl=0
F 4293 dma=193 pix=272903 snd=0 prot=0 cmos=0 ctrl=0
F 4294 dma=190 pix=272434 snd=0 prot=0 cmos=0 ctrl=0
F 4295 dma=189 pix=276497 snd=0 prot=0 cmos=0 ctrl=0
F 4296 dma=188 pix=276831 snd=0 prot=0 cmos=0 ctrl=0
F 4297 dma=187 pix=275999 snd=0 prot=0 cmos=0 ctrl=0
F 4298 dma=186 pix=276333 snd=0 prot=0 cmos=0 ctrl=0
F 4299 dma=185 pix=277675 snd=0 prot=0 cmos=0 ctrl=0
F 4300 dma=185 pix=279673 snd=0 prot=0 cmos=0 ctrl=0
F 4301 dma=184 pix=279452 snd=0 prot=0 cmos=0 ctrl=0
F 4302 dma=183 pix=279786 snd=0 prot=0 cmos=0 ctrl=0
F 4303 dma=182 pix=277468 snd=0 prot=0 cmos=0 ctrl=0
F 4304 dma=181 pix=277786 snd=0 prot=0 cmos=0 ctrl=0
F 4305 dma=181 pix=279330 snd=0 prot=0 cmos=0 ctrl=0
F 4306 dma=181 pix=279330 snd=0 prot=0 cmos=0 ctrl=0
F 4307 dma=181 pix=279034 snd=0 prot=0 cmos=0 ctrl=0
F 4308 dma=182 pix=278716 snd=0 prot=0 cmos=0 ctrl=0
F 4309 dma=182 pix=278475 snd=0 prot=0 cmos=0 ctrl=0
F 4310 dma=183 pix=278067 snd=0 prot=0 cmos=0 ctrl=0
F 4311 dma=184 pix=279672 snd=0 prot=0 cmos=0 ctrl=0
F 4312 dma=185 pix=279338 snd=0 prot=0 cmos=0 ctrl=0
F 4313 dma=186 pix=278961 snd=0 prot=0 cmos=0 ctrl=0
F 4314 dma=187 pix=278627 snd=0 prot=0 cmos=0 ctrl=0
F 4315 dma=187 pix=279494 snd=0 prot=0 cmos=0 ctrl=0
F 4316 dma=188 pix=279161 snd=0 prot=0 cmos=0 ctrl=0
F 4317 dma=190 pix=278887 snd=0 prot=0 cmos=0 ctrl=0
F 4318 dma=191 pix=278613 snd=0 prot=0 cmos=0 ctrl=0
F 4319 dma=192 pix=275291 snd=0 prot=0 cmos=0 ctrl=0
F 4320 dma=193 pix=275017 snd=0 prot=0 cmos=0 ctrl=0
F 4321 dma=195 pix=274403 snd=0 prot=0 cmos=0 ctrl=0
F 4322 dma=197 pix=273843 snd=0 prot=0 cmos=0 ctrl=0
F 4323 dma=198 pix=273708 snd=0 prot=0 cmos=0 ctrl=0
F 4324 dma=199 pix=273384 snd=0 prot=0 cmos=0 ctrl=0
F 4325 dma=200 pix=271656 snd=0 prot=0 cmos=0 ctrl=0
F 4326 dma=201 pix=271322 snd=0 prot=0 cmos=0 ctrl=0
F 4327 dma=202 pix=272866 snd=0 prot=0 cmos=0 ctrl=0
F 4328 dma=203 pix=272532 snd=0 prot=0 cmos=0 ctrl=0
F 4329 dma=204 pix=275345 snd=0 prot=0 cmos=0 ctrl=0
F 4330 dma=205 pix=273462 snd=0 prot=0 cmos=0 ctrl=0
F 4331 dma=206 pix=273494 snd=0 prot=0 cmos=0 ctrl=0
F 4332 dma=206 pix=273484 snd=0 prot=0 cmos=0 ctrl=0
F 4333 dma=206 pix=273484 snd=0 prot=0 cmos=0 ctrl=0
F 4334 dma=206 pix=272916 snd=0 prot=0 cmos=0 ctrl=0
F 4335 dma=206 pix=272728 snd=0 prot=0 cmos=0 ctrl=0
F 4336 dma=206 pix=272728 snd=0 prot=0 cmos=0 ctrl=0
F 4337 dma=206 pix=274355 snd=0 prot=0 cmos=0 ctrl=0
F 4338 dma=209 pix=270992 snd=0 prot=0 cmos=0 ctrl=0
F 4339 dma=205 pix=272379 snd=0 prot=0 cmos=0 ctrl=0
F 4340 dma=212 pix=268745 snd=0 prot=0 cmos=0 ctrl=0
F 4341 dma=209 pix=269945 snd=0 prot=0 cmos=0 ctrl=0
F 4342 dma=205 pix=270969 snd=0 prot=0 cmos=0 ctrl=0
F 4343 dma=204 pix=271561 snd=0 prot=0 cmos=0 ctrl=0
F 4344 dma=205 pix=271082 snd=0 prot=0 cmos=0 ctrl=0
F 4345 dma=206 pix=271535 snd=0 prot=0 cmos=0 ctrl=0
F 4346 dma=206 pix=271283 snd=0 prot=0 cmos=0 ctrl=0
SND f=4346 off=1d01030 data=ffaa mask=ffff
F 4347 dma=206 pix=271847 snd=1 prot=0 cmos=0 ctrl=0
SND f=4347 off=1d01030 data=ffaa mask=ffff
F 4348 dma=206 pix=271060 snd=1 prot=0 cmos=0 ctrl=0
F 4349 dma=208 pix=270361 snd=0 prot=0 cmos=0 ctrl=0
F 4350 dma=205 pix=270071 snd=0 prot=0 cmos=0 ctrl=0
F 4351 dma=206 pix=269747 snd=0 prot=0 cmos=0 ctrl=0
F 4352 dma=206 pix=268657 snd=0 prot=0 cmos=0 ctrl=0
F 4353 dma=206 pix=268494 snd=0 prot=0 cmos=0 ctrl=0
F 4354 dma=207 pix=271936 snd=0 prot=0 cmos=0 ctrl=0
F 4355 dma=207 pix=272557 snd=0 prot=0 cmos=0 ctrl=0
F 4356 dma=207 pix=273370 snd=0 prot=0 cmos=0 ctrl=0
F 4357 dma=207 pix=273399 snd=0 prot=0 cmos=0 ctrl=0
F 4358 dma=207 pix=273582 snd=0 prot=0 cmos=0 ctrl=0
F 4359 dma=207 pix=273432 snd=0 prot=0 cmos=0 ctrl=0
F 4360 dma=207 pix=273188 snd=0 prot=0 cmos=0 ctrl=0
F 4361 dma=207 pix=271210 snd=0 prot=0 cmos=0 ctrl=0
F 4362 dma=207 pix=271234 snd=0 prot=0 cmos=0 ctrl=0
F 4363 dma=207 pix=265372 snd=0 prot=0 cmos=0 ctrl=0
F 4364 dma=207 pix=265310 snd=0 prot=0 cmos=0 ctrl=0
F 4365 dma=207 pix=263195 snd=0 prot=0 cmos=0 ctrl=0
F 4366 dma=207 pix=263985 snd=0 prot=0 cmos=0 ctrl=0
F 4367 dma=207 pix=264224 snd=0 prot=0 cmos=0 ctrl=0
F 4368 dma=207 pix=264167 snd=0 prot=0 cmos=0 ctrl=0
F 4369 dma=208 pix=262269 snd=0 prot=0 cmos=0 ctrl=0
F 4370 dma=206 pix=261894 snd=0 prot=0 cmos=0 ctrl=0
F 4371 dma=207 pix=262466 snd=0 prot=0 cmos=0 ctrl=0
F 4372 dma=207 pix=262645 snd=0 prot=0 cmos=0 ctrl=0
F 4373 dma=207 pix=262560 snd=0 prot=0 cmos=0 ctrl=0
F 4374 dma=219 pix=276432 snd=0 prot=0 cmos=0 ctrl=0
F 4375 dma=219 pix=277156 snd=0 prot=0 cmos=0 ctrl=0
F 4376 dma=219 pix=277156 snd=0 prot=0 cmos=0 ctrl=0
F 4377 dma=219 pix=277060 snd=0 prot=0 cmos=0 ctrl=0
F 4378 dma=219 pix=277321 snd=0 prot=0 cmos=0 ctrl=0
F 4379 dma=219 pix=275993 snd=0 prot=0 cmos=0 ctrl=0
F 4380 dma=219 pix=275842 snd=0 prot=0 cmos=0 ctrl=0
F 4381 dma=220 pix=275711 snd=0 prot=0 cmos=0 ctrl=0
F 4382 dma=219 pix=276111 snd=0 prot=0 cmos=0 ctrl=0
F 4383 dma=218 pix=276253 snd=0 prot=0 cmos=0 ctrl=0
F 4384 dma=219 pix=277549 snd=0 prot=0 cmos=0 ctrl=0
F 4385 dma=219 pix=277623 snd=0 prot=0 cmos=0 ctrl=0
F 4386 dma=219 pix=277395 snd=0 prot=0 cmos=0 ctrl=0
F 4387 dma=219 pix=275760 snd=0 prot=0 cmos=0 ctrl=0
F 4388 dma=219 pix=274979 snd=0 prot=0 cmos=0 ctrl=0
F 4389 dma=219 pix=274979 snd=0 prot=0 cmos=0 ctrl=0
F 4390 dma=219 pix=275866 snd=0 prot=0 cmos=0 ctrl=0
F 4391 dma=219 pix=276216 snd=0 prot=0 cmos=0 ctrl=0
F 4392 dma=219 pix=276571 snd=0 prot=0 cmos=0 ctrl=0
F 4393 dma=219 pix=275555 snd=0 prot=0 cmos=0 ctrl=0
F 4394 dma=219 pix=274622 snd=0 prot=0 cmos=0 ctrl=0
F 4395 dma=219 pix=275395 snd=0 prot=0 cmos=0 ctrl=0
F 4396 dma=219 pix=275395 snd=0 prot=0 cmos=0 ctrl=0
F 4397 dma=219 pix=275395 snd=0 prot=0 cmos=0 ctrl=0
F 4398 dma=219 pix=275665 snd=0 prot=0 cmos=0 ctrl=0
F 4399 dma=219 pix=275564 snd=0 prot=0 cmos=0 ctrl=0
F 4400 dma=219 pix=275490 snd=0 prot=0 cmos=0 ctrl=0
F 4401 dma=219 pix=275490 snd=0 prot=0 cmos=0 ctrl=0
F 4402 dma=218 pix=272214 snd=0 prot=0 cmos=0 ctrl=0
F 4403 dma=218 pix=271971 snd=0 prot=0 cmos=0 ctrl=0
F 4404 dma=218 pix=272373 snd=0 prot=0 cmos=0 ctrl=0
F 4405 dma=218 pix=272074 snd=0 prot=0 cmos=0 ctrl=0
F 4406 dma=218 pix=272074 snd=0 prot=0 cmos=0 ctrl=0
F 4407 dma=218 pix=272074 snd=0 prot=0 cmos=0 ctrl=0
F 4408 dma=218 pix=272074 snd=0 prot=0 cmos=0 ctrl=0
F 4409 dma=218 pix=272074 snd=0 prot=0 cmos=0 ctrl=0
F 4410 dma=218 pix=272333 snd=0 prot=0 cmos=0 ctrl=0
F 4411 dma=218 pix=273894 snd=0 prot=0 cmos=0 ctrl=0
F 4412 dma=218 pix=274042 snd=0 prot=0 cmos=0 ctrl=0
F 4413 dma=218 pix=273546 snd=0 prot=0 cmos=0 ctrl=0
F 4414 dma=218 pix=273147 snd=0 prot=0 cmos=0 ctrl=0
F 4415 dma=218 pix=273762 snd=0 prot=0 cmos=0 ctrl=0
SND f=4415 off=1d01030 data=ffaa mask=ffff
F 4416 dma=218 pix=274008 snd=1 prot=0 cmos=0 ctrl=0
SND f=4416 off=1d01030 data=ffaa mask=ffff
F 4417 dma=218 pix=273719 snd=1 prot=0 cmos=0 ctrl=0
F 4418 dma=218 pix=273486 snd=0 prot=0 cmos=0 ctrl=0
F 4419 dma=218 pix=273582 snd=0 prot=0 cmos=0 ctrl=0
F 4420 dma=218 pix=274590 snd=0 prot=0 cmos=0 ctrl=0
F 4421 dma=218 pix=276256 snd=0 prot=0 cmos=0 ctrl=0
F 4422 dma=218 pix=276094 snd=0 prot=0 cmos=0 ctrl=0
F 4423 dma=218 pix=276489 snd=0 prot=0 cmos=0 ctrl=0
F 4424 dma=218 pix=277314 snd=0 prot=0 cmos=0 ctrl=0
F 4425 dma=218 pix=276898 snd=0 prot=0 cmos=0 ctrl=0
F 4426 dma=218 pix=276898 snd=0 prot=0 cmos=0 ctrl=0
F 4427 dma=218 pix=276898 snd=0 prot=0 cmos=0 ctrl=0
F 4428 dma=218 pix=276998 snd=0 prot=0 cmos=0 ctrl=0
F 4429 dma=218 pix=276892 snd=0 prot=0 cmos=0 ctrl=0
F 4430 dma=218 pix=277464 snd=0 prot=0 cmos=0 ctrl=0
F 4431 dma=218 pix=277464 snd=0 prot=0 cmos=0 ctrl=0
F 4432 dma=218 pix=277464 snd=0 prot=0 cmos=0 ctrl=0
F 4433 dma=218 pix=277656 snd=0 prot=0 cmos=0 ctrl=0
F 4434 dma=218 pix=277896 snd=0 prot=0 cmos=0 ctrl=0
F 4435 dma=218 pix=277598 snd=0 prot=0 cmos=0 ctrl=0
F 4436 dma=218 pix=277598 snd=0 prot=0 cmos=0 ctrl=0
F 4437 dma=218 pix=277598 snd=0 prot=0 cmos=0 ctrl=0
F 4438 dma=218 pix=277598 snd=0 prot=0 cmos=0 ctrl=0
F 4439 dma=218 pix=277801 snd=0 prot=0 cmos=0 ctrl=0
F 4440 dma=218 pix=278844 snd=0 prot=0 cmos=0 ctrl=0
F 4441 dma=218 pix=278844 snd=0 prot=0 cmos=0 ctrl=0
F 4442 dma=218 pix=278844 snd=0 prot=0 cmos=0 ctrl=0
F 4443 dma=218 pix=278844 snd=0 prot=0 cmos=0 ctrl=0
F 4444 dma=218 pix=278702 snd=0 prot=0 cmos=0 ctrl=0
F 4445 dma=218 pix=277531 snd=0 prot=0 cmos=0 ctrl=0
F 4446 dma=218 pix=277531 snd=0 prot=0 cmos=0 ctrl=0
F 4447 dma=218 pix=277531 snd=0 prot=0 cmos=0 ctrl=0
F 4448 dma=218 pix=277531 snd=0 prot=0 cmos=0 ctrl=0
F 4449 dma=218 pix=277389 snd=0 prot=0 cmos=0 ctrl=0
F 4450 dma=218 pix=277090 snd=0 prot=0 cmos=0 ctrl=0
F 4451 dma=218 pix=276898 snd=0 prot=0 cmos=0 ctrl=0
F 4452 dma=218 pix=276898 snd=0 prot=0 cmos=0 ctrl=0
F 4453 dma=218 pix=276898 snd=0 prot=0 cmos=0 ctrl=0
F 4454 dma=218 pix=276614 snd=0 prot=0 cmos=0 ctrl=0
F 4455 dma=218 pix=276156 snd=0 prot=0 cmos=0 ctrl=0
F 4456 dma=218 pix=276426 snd=0 prot=0 cmos=0 ctrl=0
F 4457 dma=218 pix=276426 snd=0 prot=0 cmos=0 ctrl=0
F 4458 dma=218 pix=276426 snd=0 prot=0 cmos=0 ctrl=0
F 4459 dma=218 pix=276227 snd=0 prot=0 cmos=6 ctrl=0
F 4460 dma=218 pix=276153 snd=0 prot=0 cmos=0 ctrl=0
F 4461 dma=218 pix=276394 snd=0 prot=0 cmos=0 ctrl=0
F 4462 dma=218 pix=276452 snd=0 prot=0 cmos=0 ctrl=0
F 4463 dma=218 pix=276452 snd=0 prot=0 cmos=0 ctrl=0
F 4464 dma=218 pix=276593 snd=0 prot=0 cmos=0 ctrl=0
F 4465 dma=218 pix=276593 snd=0 prot=0 cmos=0 ctrl=0
F 4466 dma=218 pix=276595 snd=0 prot=0 cmos=0 ctrl=0
F 4467 dma=218 pix=276016 snd=0 prot=0 cmos=0 ctrl=0
F 4468 dma=218 pix=276016 snd=0 prot=0 cmos=0 ctrl=0
F 4469 dma=218 pix=276300 snd=0 prot=0 cmos=0 ctrl=0
F 4470 dma=218 pix=276300 snd=0 prot=0 cmos=0 ctrl=0
F 4471 dma=218 pix=276134 snd=0 prot=0 cmos=0 ctrl=0
F 4472 dma=218 pix=276134 snd=0 prot=0 cmos=0 ctrl=0
F 4473 dma=218 pix=275943 snd=0 prot=0 cmos=0 ctrl=0
F 4474 dma=218 pix=276085 snd=0 prot=0 cmos=0 ctrl=0
F 4475 dma=217 pix=275864 snd=0 prot=0 cmos=0 ctrl=0
F 4476 dma=217 pix=275864 snd=0 prot=0 cmos=0 ctrl=0
F 4477 dma=217 pix=275571 snd=0 prot=0 cmos=0 ctrl=0
F 4478 dma=217 pix=275249 snd=0 prot=0 cmos=0 ctrl=0
F 4479 dma=217 pix=273061 snd=0 prot=0 cmos=0 ctrl=0
F 4480 dma=218 pix=279141 snd=0 prot=0 cmos=0 ctrl=0
F 4481 dma=218 pix=279141 snd=0 prot=0 cmos=0 ctrl=0
F 4482 dma=217 pix=273069 snd=0 prot=0 cmos=0 ctrl=0
F 4483 dma=218 pix=272774 snd=0 prot=0 cmos=0 ctrl=0
F 4484 dma=218 pix=272632 snd=0 prot=0 cmos=0 ctrl=0
SND f=4484 off=1d01030 data=ffaa mask=ffff
F 4485 dma=218 pix=272617 snd=1 prot=0 cmos=0 ctrl=0
SND f=4485 off=1d01030 data=ffaa mask=ffff
F 4486 dma=218 pix=272695 snd=1 prot=0 cmos=0 ctrl=0
F 4487 dma=216 pix=266535 snd=0 prot=0 cmos=0 ctrl=0
F 4488 dma=216 pix=266535 snd=0 prot=0 cmos=0 ctrl=0
F 4489 dma=216 pix=266393 snd=0 prot=0 cmos=0 ctrl=0
F 4490 dma=215 pix=261132 snd=0 prot=0 cmos=0 ctrl=0
F 4491 dma=215 pix=262601 snd=0 prot=0 cmos=0 ctrl=0
F 4492 dma=215 pix=264699 snd=0 prot=0 cmos=0 ctrl=0
F 4493 dma=215 pix=264128 snd=0 prot=0 cmos=0 ctrl=0
F 4494 dma=215 pix=263920 snd=0 prot=0 cmos=0 ctrl=0
F 4495 dma=214 pix=254663 snd=0 prot=0 cmos=0 ctrl=0
F 4496 dma=216 pix=253881 snd=0 prot=0 cmos=0 ctrl=0
F 4497 dma=216 pix=254783 snd=0 prot=0 cmos=0 ctrl=0
F 4498 dma=215 pix=248770 snd=0 prot=0 cmos=0 ctrl=0
F 4499 dma=215 pix=249235 snd=0 prot=0 cmos=0 ctrl=0
F 4500 dma=216 pix=249457 snd=0 prot=0 cmos=0 ctrl=0
IO 4500 0015 0032 00fa 00fc 0003 0014 0112 0120 f010 fffc 0112 002c 0000 0000 0000 0000 0000 0404 0402 0000 0000 0008 0000 0000 0000 0000 0000 001c 0032 0111 f01c 49a4
F 4501 dma=217 pix=249525 snd=0 prot=0 cmos=0 ctrl=0
F 4502 dma=217 pix=249603 snd=0 prot=0 cmos=0 ctrl=0
F 4503 dma=215 pix=241499 snd=0 prot=0 cmos=0 ctrl=0
F 4504 dma=215 pix=241214 snd=0 prot=0 cmos=0 ctrl=0
F 4505 dma=216 pix=240674 snd=0 prot=0 cmos=0 ctrl=0
F 4506 dma=216 pix=239535 snd=0 prot=0 cmos=0 ctrl=0
F 4507 dma=215 pix=234300 snd=0 prot=0 cmos=0 ctrl=0
F 4508 dma=215 pix=232814 snd=0 prot=0 cmos=0 ctrl=0
F 4509 dma=216 pix=232804 snd=0 prot=0 cmos=0 ctrl=0
F 4510 dma=216 pix=232804 snd=0 prot=0 cmos=0 ctrl=0
F 4511 dma=216 pix=232804 snd=0 prot=0 cmos=0 ctrl=0
F 4512 dma=217 pix=234218 snd=0 prot=0 cmos=0 ctrl=0
F 4513 dma=217 pix=234671 snd=0 prot=0 cmos=0 ctrl=0
F 4514 dma=216 pix=225569 snd=0 prot=0 cmos=0 ctrl=0
F 4515 dma=215 pix=226357 snd=0 prot=0 cmos=0 ctrl=0
F 4516 dma=215 pix=226288 snd=0 prot=0 cmos=0 ctrl=0
F 4517 dma=217 pix=233317 snd=0 prot=0 cmos=0 ctrl=0
F 4518 dma=217 pix=232169 snd=0 prot=0 cmos=0 ctrl=0
F 4519 dma=217 pix=232238 snd=0 prot=0 cmos=0 ctrl=0
F 4520 dma=217 pix=232238 snd=0 prot=0 cmos=0 ctrl=0
F 4521 dma=217 pix=233120 snd=0 prot=0 cmos=0 ctrl=0
F 4522 dma=216 pix=232688 snd=0 prot=0 cmos=0 ctrl=0
F 4523 dma=216 pix=232570 snd=0 prot=0 cmos=0 ctrl=0
F 4524 dma=216 pix=232625 snd=0 prot=0 cmos=0 ctrl=0
F 4525 dma=216 pix=232078 snd=0 prot=0 cmos=0 ctrl=0
F 4526 dma=216 pix=230036 snd=0 prot=0 cmos=0 ctrl=0
F 4527 dma=204 pix=215739 snd=0 prot=0 cmos=0 ctrl=0
F 4528 dma=205 pix=217251 snd=0 prot=0 cmos=0 ctrl=0
F 4529 dma=205 pix=218510 snd=0 prot=0 cmos=0 ctrl=0
F 4530 dma=205 pix=218510 snd=0 prot=0 cmos=0 ctrl=0
F 4531 dma=205 pix=218476 snd=0 prot=0 cmos=0 ctrl=0
F 4532 dma=205 pix=218628 snd=0 prot=0 cmos=0 ctrl=0
F 4533 dma=205 pix=219645 snd=0 prot=0 cmos=0 ctrl=0
F 4534 dma=203 pix=214510 snd=0 prot=0 cmos=0 ctrl=0
F 4535 dma=203 pix=216035 snd=0 prot=0 cmos=0 ctrl=0
F 4536 dma=203 pix=216481 snd=0 prot=0 cmos=0 ctrl=0
F 4537 dma=204 pix=215424 snd=0 prot=0 cmos=0 ctrl=0
F 4538 dma=204 pix=215424 snd=0 prot=0 cmos=0 ctrl=0
F 4539 dma=205 pix=224390 snd=0 prot=0 cmos=0 ctrl=0
F 4540 dma=205 pix=225462 snd=0 prot=0 cmos=0 ctrl=0
F 4541 dma=205 pix=223118 snd=0 prot=0 cmos=0 ctrl=0
F 4542 dma=205 pix=223689 snd=0 prot=0 cmos=0 ctrl=0
F 4543 dma=205 pix=221068 snd=0 prot=0 cmos=0 ctrl=0
F 4544 dma=205 pix=221068 snd=0 prot=0 cmos=0 ctrl=0
F 4545 dma=204 pix=220907 snd=0 prot=0 cmos=0 ctrl=0
F 4546 dma=205 pix=220131 snd=0 prot=0 cmos=0 ctrl=0
F 4547 dma=205 pix=220746 snd=0 prot=0 cmos=0 ctrl=0
F 4548 dma=205 pix=219978 snd=0 prot=0 cmos=0 ctrl=0
F 4549 dma=205 pix=219978 snd=0 prot=0 cmos=0 ctrl=0
F 4550 dma=205 pix=220186 snd=0 prot=0 cmos=0 ctrl=0
F 4551 dma=205 pix=221793 snd=0 prot=0 cmos=0 ctrl=0
F 4552 dma=205 pix=221793 snd=0 prot=0 cmos=0 ctrl=0
F 4553 dma=205 pix=221080 snd=0 prot=0 cmos=0 ctrl=0
SND f=4553 off=1d01030 data=ffaa mask=ffff
F 4554 dma=205 pix=220985 snd=1 prot=0 cmos=0 ctrl=0
SND f=4554 off=1d01030 data=ffaa mask=ffff
F 4555 dma=205 pix=219271 snd=1 prot=0 cmos=0 ctrl=0
F 4556 dma=205 pix=219492 snd=0 prot=0 cmos=0 ctrl=0
F 4557 dma=205 pix=219738 snd=0 prot=0 cmos=0 ctrl=0
F 4558 dma=205 pix=219358 snd=0 prot=0 cmos=0 ctrl=0
F 4559 dma=204 pix=210154 snd=0 prot=0 cmos=0 ctrl=0
F 4560 dma=204 pix=209980 snd=0 prot=0 cmos=0 ctrl=0
F 4561 dma=203 pix=211124 snd=0 prot=0 cmos=0 ctrl=0
F 4562 dma=203 pix=211081 snd=0 prot=0 cmos=0 ctrl=0
F 4563 dma=203 pix=211081 snd=0 prot=0 cmos=0 ctrl=0
F 4564 dma=205 pix=217867 snd=0 prot=0 cmos=0 ctrl=0
F 4565 dma=205 pix=219791 snd=0 prot=0 cmos=0 ctrl=0
F 4566 dma=205 pix=219261 snd=0 prot=0 cmos=0 ctrl=0
F 4567 dma=204 pix=218939 snd=0 prot=0 cmos=0 ctrl=0
F 4568 dma=203 pix=218464 snd=0 prot=0 cmos=0 ctrl=0
F 4569 dma=203 pix=219407 snd=0 prot=0 cmos=0 ctrl=0
F 4570 dma=204 pix=220929 snd=0 prot=0 cmos=0 ctrl=0
F 4571 dma=203 pix=220813 snd=0 prot=0 cmos=0 ctrl=0
F 4572 dma=203 pix=220813 snd=0 prot=0 cmos=0 ctrl=0
F 4573 dma=202 pix=219091 snd=0 prot=0 cmos=0 ctrl=0
F 4574 dma=201 pix=217752 snd=0 prot=0 cmos=0 ctrl=0
F 4575 dma=199 pix=217142 snd=0 prot=0 cmos=0 ctrl=0
F 4576 dma=200 pix=244644 snd=0 prot=0 cmos=0 ctrl=0
F 4577 dma=200 pix=245161 snd=0 prot=0 cmos=0 ctrl=0
F 4578 dma=200 pix=241926 snd=0 prot=0 cmos=0 ctrl=0
F 4579 dma=200 pix=242050 snd=0 prot=0 cmos=0 ctrl=0
F 4580 dma=200 pix=242015 snd=0 prot=0 cmos=0 ctrl=0
F 4581 dma=200 pix=243042 snd=0 prot=0 cmos=0 ctrl=0
F 4582 dma=200 pix=243042 snd=0 prot=0 cmos=0 ctrl=0
F 4583 dma=200 pix=243042 snd=0 prot=0 cmos=0 ctrl=0
F 4584 dma=200 pix=243049 snd=0 prot=0 cmos=0 ctrl=0
F 4585 dma=200 pix=242387 snd=0 prot=0 cmos=0 ctrl=0
F 4586 dma=200 pix=242055 snd=0 prot=0 cmos=0 ctrl=0
F 4587 dma=200 pix=241119 snd=0 prot=0 cmos=0 ctrl=0
F 4588 dma=200 pix=241010 snd=0 prot=0 cmos=0 ctrl=0
F 4589 dma=200 pix=242126 snd=0 prot=0 cmos=0 ctrl=0
F 4590 dma=200 pix=243130 snd=0 prot=0 cmos=0 ctrl=0
F 4591 dma=200 pix=242094 snd=0 prot=0 cmos=0 ctrl=0
F 4592 dma=200 pix=241180 snd=0 prot=0 cmos=0 ctrl=0
F 4593 dma=201 pix=214224 snd=0 prot=0 cmos=0 ctrl=0
F 4594 dma=203 pix=217031 snd=0 prot=0 cmos=0 ctrl=0
F 4595 dma=203 pix=217945 snd=0 prot=0 cmos=0 ctrl=0
F 4596 dma=204 pix=218393 snd=0 prot=0 cmos=0 ctrl=0
F 4597 dma=203 pix=217945 snd=0 prot=0 cmos=0 ctrl=0
F 4598 dma=205 pix=219461 snd=0 prot=0 cmos=0 ctrl=0
F 4599 dma=205 pix=218457 snd=0 prot=0 cmos=0 ctrl=0
F 4600 dma=203 pix=213229 snd=0 prot=0 cmos=0 ctrl=0
F 4601 dma=204 pix=211138 snd=0 prot=0 cmos=0 ctrl=0
F 4602 dma=205 pix=221603 snd=0 prot=0 cmos=0 ctrl=0
F 4603 dma=205 pix=222643 snd=0 prot=0 cmos=0 ctrl=0
F 4604 dma=203 pix=221113 snd=0 prot=0 cmos=0 ctrl=0
F 4605 dma=203 pix=221401 snd=0 prot=0 cmos=0 ctrl=0
F 4606 dma=204 pix=221849 snd=0 prot=0 cmos=0 ctrl=0
F 4607 dma=204 pix=222645 snd=0 prot=0 cmos=0 ctrl=0
F 4608 dma=204 pix=224442 snd=0 prot=0 cmos=0 ctrl=0
F 4609 dma=204 pix=224594 snd=0 prot=0 cmos=0 ctrl=0
F 4610 dma=204 pix=224284 snd=0 prot=0 cmos=0 ctrl=0
F 4611 dma=204 pix=224729 snd=0 prot=0 cmos=0 ctrl=0
F 4612 dma=204 pix=225632 snd=0 prot=0 cmos=0 ctrl=0
F 4613 dma=204 pix=225632 snd=0 prot=0 cmos=0 ctrl=0
F 4614 dma=204 pix=224160 snd=0 prot=0 cmos=0 ctrl=0
F 4615 dma=205 pix=223028 snd=0 prot=0 cmos=0 ctrl=0
F 4616 dma=205 pix=223910 snd=0 prot=0 cmos=0 ctrl=0
F 4617 dma=205 pix=221487 snd=0 prot=0 cmos=0 ctrl=0
F 4618 dma=205 pix=221452 snd=0 prot=0 cmos=0 ctrl=0
F 4619 dma=204 pix=212643 snd=0 prot=0 cmos=0 ctrl=0
F 4620 dma=204 pix=212643 snd=0 prot=0 cmos=0 ctrl=0
F 4621 dma=203 pix=215694 snd=0 prot=0 cmos=0 ctrl=0
F 4622 dma=203 pix=215616 snd=0 prot=0 cmos=0 ctrl=0
SND f=4622 off=1d01030 data=ffaa mask=ffff
F 4623 dma=203 pix=215857 snd=1 prot=0 cmos=0 ctrl=0
SND f=4623 off=1d01030 data=ffaa mask=ffff
F 4624 dma=203 pix=215703 snd=1 prot=0 cmos=0 ctrl=0
F 4625 dma=205 pix=222473 snd=0 prot=0 cmos=0 ctrl=0
F 4626 dma=204 pix=222158 snd=0 prot=0 cmos=0 ctrl=0
F 4627 dma=203 pix=219097 snd=0 prot=0 cmos=0 ctrl=0
F 4628 dma=203 pix=219796 snd=0 prot=0 cmos=0 ctrl=0
F 4629 dma=203 pix=219626 snd=0 prot=0 cmos=0 ctrl=0
F 4630 dma=202 pix=218216 snd=0 prot=0 cmos=0 ctrl=0
F 4631 dma=201 pix=215400 snd=0 prot=0 cmos=0 ctrl=0
F 4632 dma=201 pix=215400 snd=0 prot=0 cmos=0 ctrl=0
F 4633 dma=201 pix=215400 snd=0 prot=0 cmos=0 ctrl=0
F 4634 dma=201 pix=216110 snd=0 prot=0 cmos=0 ctrl=0
F 4635 dma=200 pix=215525 snd=0 prot=0 cmos=0 ctrl=0
F 4636 dma=200 pix=215525 snd=0 prot=0 cmos=0 ctrl=0
F 4637 dma=200 pix=215868 snd=0 prot=0 cmos=0 ctrl=0
F 4638 dma=200 pix=215642 snd=0 prot=0 cmos=0 ctrl=0
F 4639 dma=201 pix=216746 snd=0 prot=0 cmos=0 ctrl=0
F 4640 dma=201 pix=216874 snd=0 prot=0 cmos=0 ctrl=0
F 4641 dma=200 pix=216384 snd=0 prot=0 cmos=0 ctrl=0
F 4642 dma=201 pix=242413 snd=0 prot=0 cmos=0 ctrl=0
F 4643 dma=201 pix=243241 snd=0 prot=0 cmos=0 ctrl=0
F 4644 dma=201 pix=242135 snd=0 prot=0 cmos=0 ctrl=0
F 4645 dma=201 pix=242448 snd=0 prot=0 cmos=0 ctrl=0
F 4646 dma=201 pix=242223 snd=0 prot=0 cmos=0 ctrl=0
F 4647 dma=201 pix=241244 snd=0 prot=0 cmos=0 ctrl=0
F 4648 dma=201 pix=241275 snd=0 prot=0 cmos=0 ctrl=0
F 4649 dma=201 pix=241275 snd=0 prot=0 cmos=0 ctrl=0
F 4650 dma=201 pix=242266 snd=0 prot=0 cmos=0 ctrl=0
F 4651 dma=201 pix=242848 snd=0 prot=0 cmos=0 ctrl=0
F 4652 dma=201 pix=242848 snd=0 prot=0 cmos=0 ctrl=0
F 4653 dma=200 pix=237146 snd=0 prot=0 cmos=0 ctrl=0
F 4654 dma=198 pix=222640 snd=0 prot=0 cmos=0 ctrl=0
F 4655 dma=200 pix=231398 snd=0 prot=0 cmos=0 ctrl=0
F 4656 dma=201 pix=237753 snd=0 prot=0 cmos=0 ctrl=0
F 4657 dma=202 pix=239085 snd=0 prot=0 cmos=0 ctrl=0
F 4658 dma=202 pix=217502 snd=0 prot=0 cmos=0 ctrl=0
F 4659 dma=202 pix=218734 snd=0 prot=0 cmos=0 ctrl=0
F 4660 dma=203 pix=219337 snd=0 prot=0 cmos=0 ctrl=0
F 4661 dma=204 pix=223865 snd=0 prot=0 cmos=0 ctrl=0
F 4662 dma=204 pix=224466 snd=0 prot=0 cmos=0 ctrl=0
F 4663 dma=202 pix=218219 snd=0 prot=0 cmos=0 ctrl=0
F 4664 dma=203 pix=218444 snd=0 prot=0 cmos=0 ctrl=0
F 4665 dma=203 pix=217883 snd=0 prot=0 cmos=0 ctrl=0
F 4666 dma=203 pix=217992 snd=0 prot=0 cmos=0 ctrl=0
F 4667 dma=204 pix=222172 snd=0 prot=0 cmos=0 ctrl=0
F 4668 dma=204 pix=223001 snd=0 prot=0 cmos=0 ctrl=0
F 4669 dma=205 pix=223251 snd=0 prot=0 cmos=0 ctrl=0
F 4670 dma=205 pix=225323 snd=0 prot=0 cmos=0 ctrl=0
F 4671 dma=204 pix=221482 snd=0 prot=0 cmos=0 ctrl=0
F 4672 dma=205 pix=225505 snd=0 prot=0 cmos=0 ctrl=0
F 4673 dma=205 pix=225505 snd=0 prot=0 cmos=0 ctrl=0
F 4674 dma=205 pix=222668 snd=0 prot=0 cmos=0 ctrl=0
F 4675 dma=205 pix=222766 snd=0 prot=0 cmos=0 ctrl=0
F 4676 dma=204 pix=223368 snd=0 prot=0 cmos=0 ctrl=0
F 4677 dma=204 pix=224570 snd=0 prot=0 cmos=0 ctrl=0
F 4678 dma=204 pix=224570 snd=0 prot=0 cmos=0 ctrl=0
F 4679 dma=204 pix=223388 snd=0 prot=0 cmos=0 ctrl=0
F 4680 dma=204 pix=224079 snd=0 prot=0 cmos=0 ctrl=0
F 4681 dma=204 pix=224079 snd=0 prot=0 cmos=0 ctrl=0
F 4682 dma=203 pix=223943 snd=0 prot=0 cmos=0 ctrl=0
F 4683 dma=202 pix=217698 snd=0 prot=0 cmos=0 ctrl=0
F 4684 dma=199 pix=203678 snd=0 prot=0 cmos=0 ctrl=0
F 4685 dma=200 pix=217248 snd=0 prot=0 cmos=0 ctrl=0
F 4686 dma=202 pix=223960 snd=0 prot=0 cmos=0 ctrl=0
F 4687 dma=202 pix=223970 snd=0 prot=0 cmos=0 ctrl=0
F 4688 dma=202 pix=223970 snd=0 prot=0 cmos=0 ctrl=0
F 4689 dma=202 pix=224258 snd=0 prot=0 cmos=0 ctrl=0
F 4690 dma=202 pix=223543 snd=0 prot=0 cmos=0 ctrl=0
F 4691 dma=201 pix=223955 snd=0 prot=0 cmos=0 ctrl=0
SND f=4691 off=1d01030 data=ffaa mask=ffff
F 4692 dma=201 pix=224727 snd=1 prot=0 cmos=0 ctrl=0
SND f=4692 off=1d01030 data=ffaa mask=ffff
F 4693 dma=201 pix=224727 snd=1 prot=0 cmos=0 ctrl=0
F 4694 dma=202 pix=224999 snd=0 prot=0 cmos=0 ctrl=0
F 4695 dma=202 pix=221385 snd=0 prot=0 cmos=0 ctrl=0
F 4696 dma=202 pix=221156 snd=0 prot=0 cmos=0 ctrl=0
F 4697 dma=203 pix=220035 snd=0 prot=0 cmos=0 ctrl=0
F 4698 dma=203 pix=221581 snd=0 prot=0 cmos=0 ctrl=0
F 4699 dma=203 pix=221879 snd=0 prot=0 cmos=0 ctrl=0
F 4700 dma=203 pix=221478 snd=0 prot=0 cmos=0 ctrl=0
F 4701 dma=204 pix=221243 snd=0 prot=0 cmos=0 ctrl=0
F 4702 dma=205 pix=223063 snd=0 prot=0 cmos=0 ctrl=0
F 4703 dma=205 pix=222908 snd=0 prot=0 cmos=0 ctrl=0
F 4704 dma=205 pix=222908 snd=0 prot=0 cmos=0 ctrl=0
F 4705 dma=203 pix=216816 snd=0 prot=0 cmos=0 ctrl=0
F 4706 dma=206 pix=218152 snd=0 prot=0 cmos=0 ctrl=0
F 4707 dma=207 pix=227359 snd=0 prot=0 cmos=0 ctrl=0
F 4708 dma=207 pix=229146 snd=0 prot=0 cmos=0 ctrl=0
F 4709 dma=207 pix=226958 snd=0 prot=0 cmos=0 ctrl=0
F 4710 dma=208 pix=230320 snd=0 prot=0 cmos=0 ctrl=0
F 4711 dma=208 pix=230320 snd=0 prot=0 cmos=0 ctrl=0
F 4712 dma=207 pix=230717 snd=0 prot=0 cmos=0 ctrl=0
F 4713 dma=207 pix=229625 snd=0 prot=0 cmos=0 ctrl=0
F 4714 dma=207 pix=229625 snd=0 prot=0 cmos=0 ctrl=0
F 4715 dma=208 pix=234369 snd=0 prot=0 cmos=0 ctrl=0
F 4716 dma=208 pix=233452 snd=0 prot=0 cmos=0 ctrl=0
F 4717 dma=207 pix=233825 snd=0 prot=0 cmos=0 ctrl=0
F 4718 dma=206 pix=233377 snd=0 prot=0 cmos=0 ctrl=0
F 4719 dma=207 pix=237477 snd=0 prot=0 cmos=0 ctrl=0
F 4720 dma=207 pix=242000 snd=0 prot=0 cmos=0 ctrl=0
F 4721 dma=207 pix=240330 snd=0 prot=0 cmos=0 ctrl=0
F 4722 dma=207 pix=240990 snd=0 prot=0 cmos=0 ctrl=0
F 4723 dma=207 pix=240707 snd=0 prot=0 cmos=0 ctrl=0
F 4724 dma=207 pix=240650 snd=0 prot=0 cmos=6 ctrl=0
F 4725 dma=207 pix=241036 snd=0 prot=0 cmos=0 ctrl=0
F 4726 dma=207 pix=240315 snd=0 prot=0 cmos=0 ctrl=0
F 4727 dma=207 pix=240103 snd=0 prot=0 cmos=0 ctrl=0
F 4728 dma=207 pix=240103 snd=0 prot=0 cmos=0 ctrl=0
F 4729 dma=206 pix=239574 snd=0 prot=0 cmos=0 ctrl=0
F 4730 dma=206 pix=240407 snd=0 prot=0 cmos=0 ctrl=0
F 4731 dma=206 pix=240486 snd=0 prot=0 cmos=0 ctrl=0
F 4732 dma=207 pix=245596 snd=0 prot=0 cmos=0 ctrl=0
F 4733 dma=207 pix=245774 snd=0 prot=0 cmos=0 ctrl=0
F 4734 dma=207 pix=246130 snd=0 prot=0 cmos=0 ctrl=0
F 4735 dma=207 pix=245932 snd=0 prot=0 cmos=0 ctrl=0
F 4736 dma=207 pix=244228 snd=0 prot=0 cmos=0 ctrl=0
F 4737 dma=207 pix=244228 snd=0 prot=0 cmos=0 ctrl=0
F 4738 dma=206 pix=242291 snd=0 prot=0 cmos=0 ctrl=0
F 4739 dma=207 pix=251554 snd=0 prot=0 cmos=0 ctrl=0
F 4740 dma=206 pix=252496 snd=0 prot=0 cmos=0 ctrl=0
F 4741 dma=206 pix=252496 snd=0 prot=0 cmos=0 ctrl=0
F 4742 dma=206 pix=254039 snd=0 prot=0 cmos=0 ctrl=0
F 4743 dma=206 pix=252078 snd=0 prot=0 cmos=0 ctrl=0
F 4744 dma=205 pix=252592 snd=0 prot=0 cmos=0 ctrl=0
F 4745 dma=203 pix=254328 snd=0 prot=0 cmos=0 ctrl=0
F 4746 dma=201 pix=256491 snd=0 prot=0 cmos=0 ctrl=0
F 4747 dma=198 pix=257691 snd=0 prot=0 cmos=0 ctrl=0
F 4748 dma=195 pix=258564 snd=0 prot=0 cmos=0 ctrl=0
F 4749 dma=192 pix=259777 snd=0 prot=0 cmos=0 ctrl=0
F 4750 dma=189 pix=261964 snd=0 prot=0 cmos=0 ctrl=0
IO 4750 0015 0032 00fa 00fc 0003 0014 0112 0120 f010 fffc 0112 002c 0000 0000 0000 0000 0000 0404 0402 0000 0000 0008 0000 0000 0000 0000 0000 001c 0032 0111 f01c 86a0
F 4751 dma=187 pix=270286 snd=0 prot=0 cmos=0 ctrl=0
F 4752 dma=186 pix=281215 snd=0 prot=0 cmos=0 ctrl=0
F 4753 dma=184 pix=281783 snd=0 prot=0 cmos=0 ctrl=0
F 4754 dma=181 pix=280069 snd=0 prot=0 cmos=0 ctrl=0
F 4755 dma=178 pix=280897 snd=0 prot=0 cmos=0 ctrl=0
F 4756 dma=176 pix=281449 snd=0 prot=0 cmos=0 ctrl=0
F 4757 dma=174 pix=282001 snd=0 prot=0 cmos=0 ctrl=0
F 4758 dma=172 pix=282157 snd=0 prot=0 cmos=0 ctrl=0
F 4759 dma=170 pix=283214 snd=0 prot=0 cmos=0 ctrl=0
F 4760 dma=168 pix=284604 snd=0 prot=0 cmos=0 ctrl=0
SND f=4760 off=1d01030 data=ffaa mask=ffff
F 4761 dma=166 pix=285028 snd=1 prot=0 cmos=0 ctrl=0
SND f=4761 off=1d01030 data=ffaa mask=ffff
F 4762 dma=164 pix=286755 snd=1 prot=0 cmos=0 ctrl=0
F 4763 dma=161 pix=287228 snd=0 prot=0 cmos=0 ctrl=0
F 4764 dma=161 pix=289703 snd=0 prot=0 cmos=0 ctrl=0
F 4765 dma=159 pix=289863 snd=0 prot=0 cmos=0 ctrl=0
F 4766 dma=158 pix=290181 snd=0 prot=0 cmos=0 ctrl=0
F 4767 dma=157 pix=290389 snd=0 prot=0 cmos=0 ctrl=0
F 4768 dma=155 pix=290587 snd=0 prot=0 cmos=0 ctrl=0
F 4769 dma=154 pix=290801 snd=0 prot=0 cmos=0 ctrl=0
F 4770 dma=153 pix=289113 snd=0 prot=0 cmos=0 ctrl=0
F 4771 dma=152 pix=288931 snd=0 prot=0 cmos=0 ctrl=0
F 4772 dma=152 pix=288931 snd=0 prot=0 cmos=0 ctrl=0
F 4773 dma=153 pix=288809 snd=0 prot=0 cmos=0 ctrl=0
F 4774 dma=154 pix=288066 snd=0 prot=0 cmos=0 ctrl=0
F 4775 dma=154 pix=288066 snd=0 prot=0 cmos=0 ctrl=0
F 4776 dma=155 pix=288262 snd=0 prot=0 cmos=0 ctrl=0
F 4777 dma=157 pix=289000 snd=0 prot=0 cmos=0 ctrl=0
F 4778 dma=157 pix=290015 snd=0 prot=0 cmos=0 ctrl=0
F 4779 dma=158 pix=289837 snd=0 prot=0 cmos=0 ctrl=0
F 4780 dma=159 pix=289639 snd=0 prot=0 cmos=0 ctrl=0
F 4781 dma=160 pix=289616 snd=0 prot=0 cmos=0 ctrl=0
F 4782 dma=161 pix=291289 snd=0 prot=0 cmos=0 ctrl=0
F 4783 dma=163 pix=290290 snd=0 prot=0 cmos=0 ctrl=0
F 4784 dma=164 pix=289587 snd=0 prot=0 cmos=0 ctrl=0
F 4785 dma=164 pix=289123 snd=0 prot=0 cmos=0 ctrl=0
F 4786 dma=166 pix=287251 snd=0 prot=0 cmos=0 ctrl=0
F 4787 dma=166 pix=284518 snd=0 prot=0 cmos=0 ctrl=0
F 4788 dma=168 pix=284127 snd=0 prot=0 cmos=0 ctrl=0
F 4789 dma=170 pix=281524 snd=0 prot=0 cmos=0 ctrl=0
F 4790 dma=172 pix=281167 snd=0 prot=0 cmos=0 ctrl=0
F 4791 dma=174 pix=280615 snd=0 prot=0 cmos=0 ctrl=0
F 4792 dma=177 pix=279787 snd=0 prot=0 cmos=0 ctrl=0
F 4793 dma=181 pix=296732 snd=0 prot=0 cmos=0 ctrl=0
F 4794 dma=184 pix=295904 snd=0 prot=0 cmos=0 ctrl=0
F 4795 dma=187 pix=293778 snd=0 prot=0 cmos=0 ctrl=0
F 4796 dma=190 pix=295468 snd=0 prot=0 cmos=0 ctrl=0
F 4797 dma=193 pix=294999 snd=0 prot=0 cmos=0 ctrl=0
F 4798 dma=196 pix=293716 snd=0 prot=0 cmos=0 ctrl=0
F 4799 dma=199 pix=292649 snd=0 prot=0 cmos=0 ctrl=0
F 4800 dma=201 pix=290698 snd=0 prot=0 cmos=0 ctrl=0
END frames=4800 totdma=685974 totpix=691906317 maxpix/frame=326270 maxdma/frame=223
CMD 8002 23112
CMD 8012 10179
CMD 9002 7047
CMD a002 4318
CMD b000 5604
CMD b002 13661
CMD c002 300362
CMD d002 12535
CMD e000 11208
CMD e002 278303
CMD e012 11580
CMD f000 759
CMD f002 5421
CMD f008 12
CMD f012 1873
