cyc  57455 bal    -63  in0 ffff in1 ffff  frame 1 pc ff9c3990 blit 0 late 0 skip 0 snd_stalls 1 snd_pc dc76 unimpl 0
cyc  59937 bal    -63  in0 ffff in1 ffff  frame 2 pc ff9c3990 blit 0 late 0 skip 0 snd_stalls 1 snd_pc dc76 unimpl 0
cyc  59937 bal    -62  in0 ffff in1 ffff  frame 3 pc ff9c3990 blit 0 late 0 skip 0 snd_stalls 1 snd_pc dc78 unimpl 0
cyc  96431 bal    -11  in0 ffff in1 ffff  frame 4 pc ff97c440 blit 0 late 0 skip 0 snd_stalls 1 snd_pc ffff unimpl 0
cyc 114254 bal     -2  in0 ffff in1 ffff  frame 5 pc ff9daf30 blit 0 late 0 skip 0 snd_stalls 1 snd_pc ffff unimpl 0
cyc 114244 bal     -3  in0 ffff in1 ffff  frame 6 pc ff9daf50 blit 0 late 0 skip 0 snd_stalls 1 snd_pc ffff unimpl 0
cyc 114249 bal      0  in0 ffff in1 ffff  frame 7 pc ff97bdb0 blit 0 late 0 skip 0 snd_stalls 1 snd_pc 023c unimpl 0
cyc 114243 bal     -2  in0 ffff in1 ffff  frame 8 pc ff9daf50 blit 0 late 0 skip 0 snd_stalls 1 snd_pc 0218 unimpl 0
cyc 114229 bal      1  in0 ffff in1 ffff  frame 9 pc ff9a05d0 blit 0 late 0 skip 0 snd_stalls 1 snd_pc 1ffd unimpl 0
cyc 114248 bal      4  in0 ffff in1 ffff  frame 10 pc ff9a10d0 blit 0 late 0 skip 0 snd_stalls 1 snd_pc 023c unimpl 0
cyc 114242 bal      0  in0 ffff in1 ffff  frame 11 pc ff9abe30 blit 0 late 0 skip 0 snd_stalls 1 snd_pc ffff unimpl 0
cyc 114245 bal      0  in0 ffff in1 ffff  frame 12 pc ff9abd30 blit 0 late 0 skip 0 snd_stalls 1 snd_pc ffff unimpl 0
cyc 114248 bal      3  in0 ffff in1 ffff  frame 13 pc ff9b3fa0 blit 0 late 0 skip 0 snd_stalls 1 snd_pc fc7e unimpl 0
cyc 114243 bal      0  in0 ffff in1 ffff  frame 14 pc ff9abea0 blit 0 late 0 skip 0 snd_stalls 1 snd_pc 023b unimpl 0
cyc 114248 bal      3  in0 ffff in1 ffff  frame 15 pc ff9abda0 blit 0 late 0 skip 0 snd_stalls 1 snd_pc fff7 unimpl 0
cyc 114242 bal      0  in0 ffff in1 ffff  frame 16 pc ff9b4000 blit 0 late 0 skip 0 snd_stalls 1 snd_pc 02b1 unimpl 0
cyc 114247 bal      1  in0 ffff in1 ffff  frame 17 pc ff9abf20 blit 0 late 0 skip 0 snd_stalls 1 snd_pc dc06 unimpl 0
cyc 114248 bal      4  in0 ffff in1 ffff  frame 18 pc ff9abe20 blit 0 late 0 skip 0 snd_stalls 1 snd_pc dd9e unimpl 0
cyc 114246 bal      5  in0 ffff in1 ffff  frame 19 pc ff9abd10 blit 0 late 0 skip 0 snd_stalls 1 snd_pc dda0 unimpl 0
cyc 114245 bal      4  in0 ffff in1 ffff  frame 20 pc ff9abf80 blit 0 late 0 skip 0 snd_stalls 1 snd_pc 1ffd unimpl 0
cyc 114241 bal      0  in0 ffff in1 ffff  frame 21 pc ff9abe80 blit 0 late 0 skip 0 snd_stalls 1 snd_pc dd9c unimpl 0
cyc 114247 bal      2  in0 ffff in1 ffff  frame 22 pc ff9abd60 blit 0 late 0 skip 0 snd_stalls 1 snd_pc dc1a unimpl 0
cyc 114247 bal      3  in0 ffff in1 ffff  frame 23 pc ff9b3fe0 blit 0 late 0 skip 0 snd_stalls 1 snd_pc ddad unimpl 0
cyc 114242 bal      0  in0 ffff in1 ffff  frame 24 pc ff9abee0 blit 0 late 0 skip 0 snd_stalls 1 snd_pc 1ffd unimpl 0
cyc 114245 bal      0  in0 ffff in1 ffff  frame 25 pc ff9abdc0 blit 0 late 0 skip 0 snd_stalls 1 snd_pc f53c unimpl 0
cyc 114246 bal      1  in0 ffff in1 ffff  frame 26 pc ff9b3f50 blit 0 late 0 skip 0 snd_stalls 1 snd_pc dd81 unimpl 0
cyc 114246 bal      1  in0 ffff in1 ffff  frame 27 pc ff9abf60 blit 0 late 0 skip 0 snd_stalls 1 snd_pc dc0a unimpl 0
cyc 114244 bal      0  in0 ffff in1 ffff  frame 28 pc ff9abe30 blit 0 late 0 skip 0 snd_stalls 1 snd_pc ffff unimpl 0
cyc 114246 bal      1  in0 ffff in1 ffff  frame 29 pc ff9abd20 blit 0 late 0 skip 0 snd_stalls 1 snd_pc dc20 unimpl 0
cyc 114245 bal      0  in0 ffff in1 ffff  frame 30 pc ff9b3f80 blit 0 late 0 skip 0 snd_stalls 1 snd_pc ffff unimpl 0
cyc 114246 bal      1  in0 ffff in1 ffff  frame 31 pc ff9abea0 blit 0 late 0 skip 0 snd_stalls 1 snd_pc 052e unimpl 0
cyc 114248 bal      4  in0 ffff in1 ffff  frame 32 pc ff9abda0 blit 0 late 0 skip 0 snd_stalls 1 snd_pc 0238 unimpl 0
cyc 114242 bal      0  in0 ffff in1 ffff  frame 33 pc ff9b3ff0 blit 0 late 0 skip 0 snd_stalls 1 snd_pc dc3d unimpl 0
cyc 114247 bal      2  in0 ffff in1 ffff  frame 34 pc ff9abf20 blit 0 late 0 skip 0 snd_stalls 1 snd_pc dc3c unimpl 0
cyc 114243 bal      0  in0 ffff in1 ffff  frame 35 pc ff9abe00 blit 0 late 0 skip 0 snd_stalls 1 snd_pc 0218 unimpl 0
cyc 114246 bal      0  in0 ffff in1 ffff  frame 36 pc ff9abcf0 blit 0 late 0 skip 0 snd_stalls 1 snd_pc ffff unimpl 0
cyc 114250 bal      5  in0 ffff in1 ffff  frame 37 pc ff9abf80 blit 0 late 0 skip 0 snd_stalls 1 snd_pc dc05 unimpl 0
cyc 114241 bal      1  in0 ffff in1 ffff  frame 38 pc ff9abe70 blit 0 late 0 skip 0 snd_stalls 1 snd_pc ffff unimpl 0
cyc 114247 bal      2  in0 ffff in1 ffff  frame 39 pc ff9abd60 blit 0 late 0 skip 0 snd_stalls 1 snd_pc ffff unimpl 0
cyc 114247 bal      4  in0 ffff in1 ffff  frame 40 pc ff9b3fe0 blit 0 late 0 skip 0 snd_stalls 1 snd_pc 0551 unimpl 0
cyc 114242 bal      1  in0 ffff in1 ffff  frame 41 pc ff9abee0 blit 0 late 0 skip 0 snd_stalls 1 snd_pc ffff unimpl 0
cyc 114245 bal      1  in0 ffff in1 ffff  frame 42 pc ff9abdb0 blit 0 late 0 skip 0 snd_stalls 1 snd_pc 1ffa unimpl 0
cyc 114246 bal      1  in0 ffff in1 ffff  frame 43 pc ff9b3f50 blit 0 late 0 skip 0 snd_stalls 1 snd_pc ffff unimpl 0
cyc 114246 bal      2  in0 ffff in1 ffff  frame 44 pc ff9abf60 blit 0 late 0 skip 0 snd_stalls 1 snd_pc 2400 unimpl 0
cyc 114244 bal      1  in0 ffff in1 ffff  frame 45 pc ff9abe20 blit 0 late 0 skip 0 snd_stalls 1 snd_pc f51e unimpl 0
cyc 114246 bal      1  in0 ffff in1 ffff  frame 46 pc ff9abd20 blit 0 late 0 skip 0 snd_stalls 1 snd_pc ffff unimpl 0
cyc 114245 bal      1  in0 ffff in1 ffff  frame 47 pc ff9b3f80 blit 0 late 0 skip 0 snd_stalls 1 snd_pc ffff unimpl 0
cyc 114246 bal      2  in0 ffff in1 ffff  frame 48 pc ff9abea0 blit 0 late 0 skip 0 snd_stalls 1 snd_pc f53a unimpl 0
cyc 114248 bal      4  in0 ffff in1 ffff  frame 49 pc ff9abd90 blit 0 late 0 skip 0 snd_stalls 1 snd_pc dc19 unimpl 0
cyc 114241 bal      0  in0 ffff in1 ffff  frame 50 pc ff9b3fe0 blit 0 late 0 skip 0 snd_stalls 1 snd_pc dd8c unimpl 0
cyc 114248 bal      3  in0 ffff in1 ffff  frame 51 pc ff9abf20 blit 0 late 0 skip 0 snd_stalls 1 snd_pc 1fff unimpl 0
cyc 114243 bal      0  in0 ffff in1 ffff  frame 52 pc ff9abdf0 blit 0 late 0 skip 0 snd_stalls 1 snd_pc 0219 unimpl 0
cyc 114246 bal      1  in0 ffff in1 ffff  frame 53 pc ff9b3f60 blit 0 late 0 skip 0 snd_stalls 1 snd_pc ffff unimpl 0
cyc 114250 bal      6  in0 ffff in1 ffff  frame 54 pc ff9abf80 blit 0 late 0 skip 0 snd_stalls 1 snd_pc dc0a unimpl 0
cyc 114240 bal      0  in0 ffff in1 ffff  frame 55 pc ff9abe60 blit 0 late 0 skip 0 snd_stalls 1 snd_pc dd84 unimpl 0
cyc 114248 bal      3  in0 ffff in1 ffff  frame 56 pc ff9abd60 blit 0 late 0 skip 0 snd_stalls 1 snd_pc 023b unimpl 0
cyc 114242 bal      0  in0 ffff in1 ffff  frame 57 pc ff9b3fc0 blit 0 late 0 skip 0 snd_stalls 1 snd_pc f536 unimpl 0
cyc 114247 bal      2  in0 ffff in1 ffff  frame 58 pc ff9abee0 blit 0 late 0 skip 0 snd_stalls 1 snd_pc dd89 unimpl 0
cyc 114244 bal      0  in0 ffff in1 ffff  frame 59 pc ff9abda0 blit 0 late 0 skip 0 snd_stalls 1 snd_pc ffff unimpl 0
cyc 114247 bal      2  in0 ffff in1 ffff  frame 60 pc ff9b3f50 blit 0 late 0 skip 0 snd_stalls 1 snd_pc dd7f unimpl 0
cyc 114246 bal      3  in0 ffff in1 ffff  frame 61 pc ff9abf50 blit 0 late 0 skip 0 snd_stalls 1 snd_pc dc21 unimpl 0
cyc 114244 bal      1  in0 ffff in1 ffff  frame 62 pc ff9abe20 blit 0 late 0 skip 0 snd_stalls 1 snd_pc dd90 unimpl 0
cyc 114246 bal      2  in0 ffff in1 ffff  frame 63 pc ff9abd20 blit 0 late 0 skip 0 snd_stalls 1 snd_pc 1ffe unimpl 0
cyc 114245 bal      2  in0 ffff in1 ffff  frame 64 pc ff9b3f80 blit 0 late 0 skip 0 snd_stalls 1 snd_pc dc05 unimpl 0
cyc 114246 bal      2  in0 ffff in1 ffff  frame 65 pc ff9abea0 blit 0 late 0 skip 0 snd_stalls 1 snd_pc dd7d unimpl 0
cyc 114243 bal      0  in0 ffff in1 ffff  frame 66 pc ff9abd80 blit 0 late 0 skip 0 snd_stalls 1 snd_pc dc1b unimpl 0
cyc 114246 bal      1  in0 ffff in1 ffff  frame 67 pc ff9b3fe0 blit 0 late 0 skip 0 snd_stalls 1 snd_pc dd8a unimpl 0
cyc 114248 bal      3  in0 ffff in1 ffff  frame 68 pc ff9abf20 blit 0 late 0 skip 0 snd_stalls 1 snd_pc f539 unimpl 0
cyc 114242 bal      0  in0 ffff in1 ffff  frame 69 pc ff9abdf0 blit 0 late 0 skip 0 snd_stalls 1 snd_pc ffff unimpl 0
cyc 114247 bal      2  in0 ffff in1 ffff  frame 70 pc ff9b3f60 blit 0 late 0 skip 0 snd_stalls 1 snd_pc dd7b unimpl 0
cyc 114250 bal      6  in0 ffff in1 ffff  frame 71 pc ff9abf80 blit 0 late 0 skip 0 snd_stalls 1 snd_pc 2400 unimpl 0
cyc 114240 bal      1  in0 ffff in1 ffff  frame 72 pc ff9abe60 blit 0 late 0 skip 0 snd_stalls 1 snd_pc dd86 unimpl 0
cyc 114248 bal      4  in0 ffff in1 ffff  frame 73 pc ff9abd60 blit 0 late 0 skip 0 snd_stalls 1 snd_pc 1ffd unimpl 0
cyc 114242 bal      1  in0 ffff in1 ffff  frame 74 pc ff9b3fb0 blit 0 late 0 skip 0 snd_stalls 1 snd_pc dd92 unimpl 0
cyc 114247 bal      2  in0 ffff in1 ffff  frame 75 pc ff9abed0 blit 0 late 0 skip 0 snd_stalls 1 snd_pc dd97 unimpl 0
cyc 114244 bal      1  in0 ffff in1 ffff  frame 76 pc ff9abda0 blit 0 late 0 skip 0 snd_stalls 1 snd_pc dc16 unimpl 0
cyc 114247 bal      3  in0 ffff in1 ffff  frame 77 pc ff9b3f50 blit 0 late 0 skip 0 snd_stalls 1 snd_pc dd92 unimpl 0
cyc 114243 bal      0  in0 ffff in1 ffff  frame 78 pc ff9abf30 blit 0 late 0 skip 0 snd_stalls 1 snd_pc f51f unimpl 0
cyc 114247 bal      2  in0 ffff in1 ffff  frame 79 pc ff9abe20 blit 0 late 0 skip 0 snd_stalls 1 snd_pc dd9a unimpl 0
cyc 114246 bal      3  in0 ffff in1 ffff  frame 80 pc ff9abd20 blit 0 late 0 skip 0 snd_stalls 1 snd_pc f53b unimpl 0
cyc 114245 bal      2  in0 ffff in1 ffff  frame 81 pc ff9b3f80 blit 0 late 0 skip 0 snd_stalls 1 snd_pc 2401 unimpl 0
cyc 114246 bal      3  in0 ffff in1 ffff  frame 82 pc ff9abea0 blit 0 late 0 skip 0 snd_stalls 1 snd_pc ffff unimpl 0
cyc 114243 bal      1  in0 ffff in1 ffff  frame 83 pc ff9abd70 blit 0 late 0 skip 0 snd_stalls 1 snd_pc dc22 unimpl 0
cyc 114246 bal      1  in0 ffff in1 ffff  frame 84 pc ff9b3fe0 blit 0 late 0 skip 0 snd_stalls 1 snd_pc ffff unimpl 0
cyc 114248 bal      4  in0 ffff in1 ffff  frame 85 pc ff9abf20 blit 0 late 0 skip 0 snd_stalls 1 snd_pc f538 unimpl 0
cyc 114242 bal      1  in0 ffff in1 ffff  frame 86 pc ff9abde0 blit 0 late 0 skip 0 snd_stalls 1 snd_pc ffff unimpl 0
cyc 114247 bal      2  in0 ffff in1 ffff  frame 87 pc ff9b3f60 blit 0 late 0 skip 0 snd_stalls 1 snd_pc dd7a unimpl 0
cyc 114243 bal      0  in0 ffff in1 ffff  frame 88 pc ff9abf70 blit 0 late 0 skip 0 snd_stalls 1 snd_pc 2401 unimpl 0
cyc 114247 bal      2  in0 ffff in1 ffff  frame 89 pc ff9abe60 blit 0 late 0 skip 0 snd_stalls 1 snd_pc f51d unimpl 0
cyc 114248 bal      5  in0 ffff in1 ffff  frame 90 pc ff9abd50 blit 0 late 0 skip 0 snd_stalls 1 snd_pc 0217 unimpl 0
cyc 114242 bal      1  in0 ffff in1 ffff  frame 91 pc ff9b3fb0 blit 0 late 0 skip 0 snd_stalls 1 snd_pc 1ffa unimpl 0
cyc 114244 bal      0  in0 ffff in1 ffff  frame 92 pc ff9abec0 blit 0 late 0 skip 0 snd_stalls 1 snd_pc ffff unimpl 0
cyc 114247 bal      2  in0 ffff in1 ffff  frame 93 pc ff9abda0 blit 0 late 0 skip 0 snd_stalls 1 snd_pc dc1e unimpl 0
cyc 114247 bal      3  in0 ffff in1 ffff  frame 94 pc ff9b3f40 blit 0 late 0 skip 0 snd_stalls 1 snd_pc dd91 unimpl 0
cyc 114242 bal      0  in0 ffff in1 ffff  frame 95 pc ff9abf30 blit 0 late 0 skip 0 snd_stalls 1 snd_pc f53a unimpl 0
cyc 114248 bal      3  in0 ffff in1 ffff  frame 96 pc ff9abe20 blit 0 late 0 skip 0 snd_stalls 1 snd_pc 0219 unimpl 0
cyc 114246 bal      3  in0 ffff in1 ffff  frame 97 pc ff9abd20 blit 0 late 0 skip 0 snd_stalls 1 snd_pc dd98 unimpl 0
cyc 114245 bal      3  in0 ffff in1 ffff  frame 98 pc ff9b3f80 blit 0 late 0 skip 0 snd_stalls 1 snd_pc ffff unimpl 0
cyc 114246 bal      4  in0 ffff in1 ffff  frame 99 pc ff9abea0 blit 0 late 0 skip 0 snd_stalls 1 snd_pc dd7f unimpl 0
cyc 114242 bal      0  in0 ffff in1 ffff  frame 100 pc ff9abd60 blit 0 late 0 skip 0 snd_stalls 1 snd_pc f51d unimpl 0
cyc 114247 bal      2  in0 ffff in1 ffff  frame 101 pc ff9b3fe0 blit 0 late 0 skip 0 snd_stalls 1 snd_pc 0216 unimpl 0
cyc 114243 bal      0  in0 ffff in1 ffff  frame 102 pc ff9abf00 blit 0 late 0 skip 0 snd_stalls 1 snd_pc dd89 unimpl 0
cyc 114247 bal      1  in0 ffff in1 ffff  frame 103 pc ff9abde0 blit 0 late 0 skip 0 snd_stalls 1 snd_pc dd8a unimpl 0
cyc 114247 bal      3  in0 ffff in1 ffff  frame 104 pc ff9b3f60 blit 0 late 0 skip 0 snd_stalls 1 snd_pc ffff unimpl 0
cyc 114242 bal      0  in0 ffff in1 ffff  frame 105 pc ff9abf70 blit 0 late 0 skip 0 snd_stalls 1 snd_pc dc22 unimpl 0
cyc 114248 bal      3  in0 ffff in1 ffff  frame 106 pc ff9abe50 blit 0 late 0 skip 0 snd_stalls 1 snd_pc dd95 unimpl 0
cyc 114243 bal      0  in0 ffff in1 ffff  frame 107 pc ff9abd30 blit 0 late 0 skip 0 snd_stalls 1 snd_pc 04ce unimpl 0
cyc 114247 bal      2  in0 ffff in1 ffff  frame 108 pc ff9b3fb0 blit 0 late 0 skip 0 snd_stalls 1 snd_pc 0238 unimpl 0
cyc 114244 bal      1  in0 ffff in1 ffff  frame 109 pc ff9abeb0 blit 0 late 0 skip 0 snd_stalls 1 snd_pc dd9a unimpl 0
cyc 114247 bal      2  in0 ffff in1 ffff  frame 110 pc ff9abda0 blit 0 late 0 skip 0 snd_stalls 1 snd_pc ffff unimpl 0
cyc 114244 bal      1  in0 ffff in1 ffff  frame 111 pc ff9b3f30 blit 0 late 0 skip 0 snd_stalls 1 snd_pc ffff unimpl 0
cyc 114245 bal      1  in0 ffff in1 ffff  frame 112 pc ff9abf20 blit 0 late 0 skip 0 snd_stalls 1 snd_pc f520 unimpl 0
cyc 114248 bal      3  in0 ffff in1 ffff  frame 113 pc ff9abe20 blit 0 late 0 skip 0 snd_stalls 1 snd_pc ffff unimpl 0
cyc 114246 bal      4  in0 ffff in1 ffff  frame 114 pc ff9abd20 blit 0 late 0 skip 0 snd_stalls 1 snd_pc dd83 unimpl 0
cyc 114245 bal      4  in0 ffff in1 ffff  frame 115 pc ff9b3f80 blit 0 late 0 skip 0 snd_stalls 1 snd_pc dc20 unimpl 0
cyc 114246 bal      4  in0 ffff in1 ffff  frame 116 pc ff9abe90 blit 0 late 0 skip 0 snd_stalls 1 snd_pc ffff unimpl 0
cyc 114242 bal      1  in0 ffff in1 ffff  frame 117 pc ff9abd60 blit 0 late 0 skip 0 snd_stalls 1 snd_pc f538 unimpl 0
cyc 114247 bal      3  in0 ffff in1 ffff  frame 118 pc ff9b3fe0 blit 0 late 0 skip 0 snd_stalls 1 snd_pc f51d unimpl 0
cyc 114243 bal      0  in0 ffff in1 ffff  frame 119 pc ff9abef0 blit 0 late 0 skip 0 snd_stalls 1 snd_pc dd7a unimpl 0
cyc 114247 bal      2  in0 ffff in1 ffff  frame 120 pc ff9abde0 blit 0 late 0 skip 0 snd_stalls 1 snd_pc dc1b unimpl 0
cyc 114243 bal      0  in0 ffff in1 ffff  frame 121 pc ff9b3f60 blit 0 late 0 skip 0 snd_stalls 1 snd_pc dd8a unimpl 0
cyc 114246 bal      1  in0 ffff in1 ffff  frame 122 pc ff9abf60 blit 0 late 0 skip 0 snd_stalls 1 snd_pc dd95 unimpl 0
cyc 114245 bal      0  in0 ffff in1 ffff  frame 123 pc ff9abe30 blit 0 late 0 skip 0 snd_stalls 1 snd_pc dd93 unimpl 0
cyc 114245 bal      0  in0 ffff in1 ffff  frame 124 pc ff9abd30 blit 0 late 0 skip 0 snd_stalls 1 snd_pc dd9a unimpl 0
cyc 114248 bal      3  in0 ffff in1 ffff  frame 125 pc ff9b3fa0 blit 0 late 0 skip 0 snd_stalls 1 snd_pc dc17 unimpl 0
cyc 114243 bal      0  in0 ffff in1 ffff  frame 126 pc ff9abea0 blit 0 late 0 skip 0 snd_stalls 1 snd_pc dd85 unimpl 0
cyc 114248 bal      3  in0 ffff in1 ffff  frame 127 pc ff9abda0 blit 0 late 0 skip 0 snd_stalls 1 snd_pc dc1b unimpl 0
cyc 114242 bal      0  in0 ffff in1 ffff  frame 128 pc ff9b4000 blit 0 late 0 skip 0 snd_stalls 1 snd_pc dd91 unimpl 0
cyc 114247 bal      1  in0 ffff in1 ffff  frame 129 pc ff9abf20 blit 0 late 0 skip 0 snd_stalls 1 snd_pc dd96 unimpl 0
cyc 114248 bal      4  in0 ffff in1 ffff  frame 130 pc ff9abe20 blit 0 late 0 skip 0 snd_stalls 1 snd_pc dc09 unimpl 0
cyc 114246 bal      5  in0 ffff in1 ffff  frame 131 pc ff9abd10 blit 0 late 0 skip 0 snd_stalls 1 snd_pc dd7e unimpl 0
cyc 114245 bal      4  in0 ffff in1 ffff  frame 132 pc ff9abf80 blit 0 late 0 skip 0 snd_stalls 1 snd_pc ffff unimpl 0
cyc 114241 bal      0  in0 ffff in1 ffff  frame 133 pc ff9abe80 blit 0 late 0 skip 0 snd_stalls 1 snd_pc dd92 unimpl 0
cyc 114247 bal      2  in0 ffff in1 ffff  frame 134 pc ff9abd60 blit 0 late 0 skip 0 snd_stalls 1 snd_pc f536 unimpl 0
cyc 114247 bal      3  in0 ffff in1 ffff  frame 135 pc ff9b3fe0 blit 0 late 0 skip 0 snd_stalls 1 snd_pc dc07 unimpl 0
cyc 114242 bal      0  in0 ffff in1 ffff  frame 136 pc ff9abee0 blit 0 late 0 skip 0 snd_stalls 1 snd_pc 1ffd unimpl 0
cyc 114245 bal      0  in0 ffff in1 ffff  frame 137 pc ff9abdc0 blit 0 late 0 skip 0 snd_stalls 1 snd_pc ffff unimpl 0
cyc 114246 bal      1  in0 ffff in1 ffff  frame 138 pc ff9b3f50 blit 0 late 0 skip 0 snd_stalls 1 snd_pc 0201 unimpl 0
cyc 114246 bal      1  in0 ffff in1 ffff  frame 139 pc ff9abf60 blit 0 late 0 skip 0 snd_stalls 1 snd_pc 023b unimpl 0
cyc 114244 bal      0  in0 ffff in1 ffff  frame 140 pc ff9abe30 blit 0 late 0 skip 0 snd_stalls 1 snd_pc fff7 unimpl 0
cyc 114246 bal      1  in0 ffff in1 ffff  frame 141 pc ff9abd20 blit 0 late 0 skip 0 snd_stalls 1 snd_pc dd7b unimpl 0
cyc 114245 bal      0  in0 ffff in1 ffff  frame 142 pc ff9b3f80 blit 0 late 0 skip 0 snd_stalls 1 snd_pc dc1d unimpl 0
cyc 114246 bal      1  in0 ffff in1 ffff  frame 143 pc ff9abea0 blit 0 late 0 skip 0 snd_stalls 1 snd_pc dd8b unimpl 0
cyc 114248 bal      4  in0 ffff in1 ffff  frame 144 pc ff9abda0 blit 0 late 0 skip 0 snd_stalls 1 snd_pc ffff unimpl 0
cyc 114242 bal      0  in0 ffff in1 ffff  frame 145 pc ff9b3ff0 blit 0 late 0 skip 0 snd_stalls 1 snd_pc dd91 unimpl 0
cyc 114247 bal      2  in0 ffff in1 ffff  frame 146 pc ff9abf20 blit 0 late 0 skip 0 snd_stalls 1 snd_pc dd91 unimpl 0
cyc 114243 bal      0  in0 ffff in1 ffff  frame 147 pc ff9abe00 blit 0 late 0 skip 0 snd_stalls 1 snd_pc dc16 unimpl 0
cyc 114246 bal      0  in0 ffff in1 ffff  frame 148 pc ff9abcf0 blit 0 late 0 skip 0 snd_stalls 1 snd_pc dd82 unimpl 0
cyc 114250 bal      5  in0 ffff in1 ffff  frame 149 pc ff9abf80 blit 0 late 0 skip 0 snd_stalls 1 snd_pc f51f unimpl 0
cyc 114241 bal      1  in0 ffff in1 ffff  frame 150 pc ff9abe70 blit 0 late 0 skip 0 snd_stalls 1 snd_pc f522 unimpl 0
cyc  73774 bal    -63  in0 ffbf in1 ffff  frame 151 pc ff825a70 blit 0 late 0 skip 0 snd_stalls 1 snd_pc dd8d unimpl 0
cyc  53901 bal    -63  in0 ffbf in1 ffff  frame 152 pc ff820c70 blit 0 late 0 skip 0 snd_stalls 1 snd_pc dc78 unimpl 0
cyc  43198 bal    -64  in0 ffbf in1 ffff  frame 153 pc ff820c90 blit 0 late 0 skip 0 snd_stalls 1 snd_pc ffff unimpl 0
cyc  43202 bal    -62  in0 ffbf in1 ffff  frame 154 pc ff820c60 blit 0 late 0 skip 0 snd_stalls 1 snd_pc 04db unimpl 0
cyc  87355 bal     -1  in0 ffbf in1 ffff  frame 155 pc ff8205c0 blit 0 late 0 skip 0 snd_stalls 1 snd_pc fc9d unimpl 0
cyc 113614 bal      0  in0 ffbf in1 ffff  frame 156 pc ff82e180 blit 0 late 0 skip 0 snd_stalls 1 snd_pc fc10 unimpl 0
cyc  43462 bal    -63  in0 ffbf in1 ffff  frame 157 pc ff820c80 blit 0 late 0 skip 0 snd_stalls 1 snd_pc 1ffe unimpl 0
cyc  43202 bal    -63  in0 ffbf in1 ffff  frame 158 pc ff820c70 blit 0 late 0 skip 0 snd_stalls 1 snd_pc dc0a unimpl 0
cyc  43198 bal    -64  in0 ffff in1 ffff  frame 159 pc ff820c90 blit 0 late 0 skip 0 snd_stalls 1 snd_pc 0219 unimpl 0
cyc 111573 bal      1  in0 ffff in1 ffff  frame 160 pc ff82e1b0 blit 0 late 0 skip 0 snd_stalls 1 snd_pc ffff unimpl 0
cyc 114224 bal     -2  in0 ffff in1 ffff  frame 161 pc ff8205c0 blit 0 late 0 skip 0 snd_stalls 1 snd_pc 1ffd unimpl 0
cyc 105329 bal      1  in0 ffff in1 ffff  frame 162 pc ff833420 blit 0 late 0 skip 0 snd_stalls 1 snd_pc f53c unimpl 0
cyc 105311 bal      1  in0 ffff in1 ffff  frame 163 pc ff824440 blit 0 late 0 skip 0 snd_stalls 1 snd_pc 0238 unimpl 0
cyc 114227 bal      0  in0 ffff in1 ffff  frame 164 pc ff833480 blit 0 late 0 skip 0 snd_stalls 1 snd_pc dc93 unimpl 0
cyc 104679 bal      2  in0 ffff in1 ffff  frame 165 pc ff820430 blit 369884 late 0 skip 0 snd_stalls 1 snd_pc ffff unimpl 0
cyc 105033 bal      0  in0 ffff in1 ffff  frame 166 pc ff833490 blit 367340 late 0 skip 0 snd_stalls 1 snd_pc f53c unimpl 0
cyc 105053 bal      3  in0 ffff in1 ffff  frame 167 pc ff833480 blit 367423 late 0 skip 0 snd_stalls 1 snd_pc dc95 unimpl 0
cyc 104857 bal      1  in0 ffff in1 ffff  frame 168 pc ff833430 blit 366942 late 0 skip 0 snd_stalls 1 snd_pc 023c unimpl 0
cyc  54492 bal    -64  in0 ffff in1 ffff  frame 169 pc ff824be0 blit 0 late 0 skip 0 snd_stalls 1 snd_pc 1ffb unimpl 0
cyc  59236 bal    -64  in0 ffff in1 ffff  frame 170 pc ff824bc0 blit 0 late 0 skip 0 snd_stalls 1 snd_pc ffff unimpl 0
cyc  59267 bal    -64  in0 ffff in1 ffff  frame 171 pc ff824d80 blit 0 late 0 skip 0 snd_stalls 1 snd_pc ffff unimpl 0
cyc  59263 bal    -61  in0 ffff in1 ffff  frame 172 pc ff824da0 blit 0 late 0 skip 0 snd_stalls 1 snd_pc dca3 unimpl 0
cyc 112800 bal      3  in0 ffff in1 ffff  frame 173 pc ff833480 blit 0 late 0 skip 0 snd_stalls 1 snd_pc ffff unimpl 0
cyc 105387 bal      3  in0 ffff in1 ffff  frame 174 pc ff833430 blit 0 late 0 skip 0 snd_stalls 1 snd_pc f51d unimpl 0
cyc 105384 bal      0  in0 ffff in1 ffff  frame 175 pc ff820450 blit 0 late 0 skip 0 snd_stalls 1 snd_pc dc1e unimpl 0
cyc 105387 bal      1  in0 ffff in1 ffff  frame 176 pc ff820450 blit 0 late 0 skip 0 snd_stalls 1 snd_pc ffff unimpl 0
cyc 105359 bal      0  in0 ffff in1 ffff  frame 177 pc ff820430 blit 0 late 0 skip 0 snd_stalls 1 snd_pc f537 unimpl 0
cyc 105387 bal      0  in0 ffff in1 ffff  frame 178 pc ff833430 blit 0 late 0 skip 0 snd_stalls 1 snd_pc ffff unimpl 0
cyc 105379 bal      1  in0 ffff in1 ffff  frame 179 pc ff833450 blit 0 late 0 skip 0 snd_stalls 1 snd_pc dc91 unimpl 0
cyc 105388 bal      1  in0 ffff in1 ffff  frame 180 pc ff820430 blit 0 late 0 skip 0 snd_stalls 1 snd_pc dc19 unimpl 0
cyc 105381 bal      2  in0 ffff in1 ffff  frame 181 pc ff833430 blit 0 late 0 skip 0 snd_stalls 1 snd_pc f538 unimpl 0
cyc 105388 bal      3  in0 ffff in1 ffff  frame 182 pc ff833480 blit 0 late 0 skip 0 snd_stalls 1 snd_pc dc3e unimpl 0
cyc 105383 bal      3  in0 ffff in1 ffff  frame 183 pc ff8205d0 blit 0 late 0 skip 0 snd_stalls 1 snd_pc ffff unimpl 0
cyc 105385 bal      0  in0 ffff in1 ffff  frame 184 pc ff8205b0 blit 0 late 0 skip 0 snd_stalls 1 snd_pc f539 unimpl 0
cyc 105382 bal      0  in0 ffff in1 ffff  frame 185 pc ff825930 blit 0 late 0 skip 0 snd_stalls 1 snd_pc ffff unimpl 0
cyc 114205 bal     -1  in0 ffff in1 ffff  frame 186 pc ff8205d0 blit 0 late 0 skip 0 snd_stalls 1 snd_pc ffff unimpl 0
cyc 105388 bal     -1  in0 ffff in1 ffff  frame 187 pc ff825910 blit 0 late 0 skip 0 snd_stalls 1 snd_pc 023b unimpl 0
cyc 114208 bal      0  in0 ffff in1 ffff  frame 188 pc ff833430 blit 0 late 0 skip 0 snd_stalls 1 snd_pc f522 unimpl 0
cyc 105381 bal      1  in0 ffff in1 ffff  frame 189 pc ff825890 blit 0 late 0 skip 0 snd_stalls 1 snd_pc f51d unimpl 0
cyc 114204 bal     -3  in0 ffff in1 ffff  frame 190 pc ff825890 blit 0 late 0 skip 0 snd_stalls 1 snd_pc dc07 unimpl 0
cyc 114228 bal      0  in0 ffff in1 ffff  frame 191 pc ff820410 blit 0 late 0 skip 0 snd_stalls 1 snd_pc f536 unimpl 0
cyc  87849 bal    -64  in0 ffff in1 ffff  frame 192 pc ff8253f0 blit 0 late 0 skip 0 snd_stalls 1 snd_pc dc22 unimpl 0
cyc  95538 bal    -62  in0 ffff in1 ffff  frame 193 pc ff825410 blit 0 late 0 skip 0 snd_stalls 1 snd_pc ffff unimpl 0
cyc 105597 bal      0  in0 ffff in1 ffff  frame 194 pc ff8205b0 blit 0 late 0 skip 0 snd_stalls 1 snd_pc dca0 unimpl 0
cyc  83591 bal    -63  in0 ffff in1 ffff  frame 195 pc ff825080 blit 0 late 0 skip 0 snd_stalls 1 snd_pc dc05 unimpl 0
cyc  90881 bal    -64  in0 ffff in1 ffff  frame 196 pc ff8250b0 blit 0 late 0 skip 0 snd_stalls 1 snd_pc ffff unimpl 0
cyc  90905 bal    -60  in0 ffff in1 ffff  frame 197 pc ff8250d0 blit 0 late 0 skip 0 snd_stalls 1 snd_pc dc1e unimpl 0
cyc 105725 bal      3  in0 ffff in1 ffff  frame 198 pc ff8205d0 blit 0 late 0 skip 0 snd_stalls 1 snd_pc f538 unimpl 0
cyc 105200 bal      2  in0 ffff in1 ffff  frame 199 pc ff820480 blit 379053 late 0 skip 0 snd_stalls 1 snd_pc 0219 unimpl 0
cyc 105292 bal      0  in0 ffff in1 ffff  frame 200 pc ff8205b0 blit 378624 late 0 skip 0 snd_stalls 1 snd_pc 1ffd unimpl 0
cyc 105259 bal      3  in0 ffff in1 ffff  frame 201 pc ff820480 blit 378915 late 0 skip 0 snd_stalls 1 snd_pc 1ffd unimpl 0
cyc 105277 bal      1  in0 ffff in1 ffff  frame 202 pc ff820480 blit 377925 late 0 skip 0 snd_stalls 1 snd_pc dc1b unimpl 0
cyc 105234 bal      0  in0 ffff in1 ffff  frame 203 pc ff820590 blit 381436 late 0 skip 0 snd_stalls 1 snd_pc f51f unimpl 0
cyc 105293 bal      1  in0 ffff in1 ffff  frame 204 pc ff820480 blit 381950 late 0 skip 0 snd_stalls 1 snd_pc dc93 unimpl 0
cyc 105262 bal      1  in0 ffff in1 ffff  frame 205 pc ff820450 blit 382554 late 0 skip 0 snd_stalls 1 snd_pc 1ffe unimpl 0
cyc 105304 bal      2  in0 ffff in1 ffff  frame 206 pc ff8205b0 blit 381826 late 0 skip 0 snd_stalls 1 snd_pc f520 unimpl 0
cyc 105269 bal      0  in0 ffff in1 ffff  frame 207 pc ff8204c0 blit 384146 late 0 skip 0 snd_stalls 1 snd_pc dc0a unimpl 0
cyc 105315 bal      2  in0 ffff in1 ffff  frame 208 pc ff8205b0 blit 384510 late 0 skip 0 snd_stalls 1 snd_pc 1fff unimpl 0
cyc 105258 bal      1  in0 ffff in1 ffff  frame 209 pc ff833480 blit 386902 late 0 skip 0 snd_stalls 1 snd_pc 1ffb unimpl 0
cyc 105277 bal      4  in0 ffff in1 ffff  frame 210 pc ff833480 blit 389840 late 0 skip 0 snd_stalls 1 snd_pc ffff unimpl 0
cyc 105258 bal      1  in0 ffff in1 ffff  frame 211 pc ff820560 blit 390492 late 0 skip 0 snd_stalls 1 snd_pc ffff unimpl 0
cyc 105273 bal      0  in0 ffff in1 ffff  frame 212 pc ff833480 blit 394169 late 0 skip 0 snd_stalls 1 snd_pc 0238 unimpl 0
cyc 105274 bal      3  in0 ffff in1 ffff  frame 213 pc ff833480 blit 395107 late 0 skip 0 snd_stalls 1 snd_pc 0218 unimpl 0
cyc 105272 bal      0  in0 ffff in1 ffff  frame 214 pc ff833460 blit 398227 late 0 skip 0 snd_stalls 1 snd_pc dc3d unimpl 0
cyc 105279 bal      3  in0 ffff in1 ffff  frame 215 pc ff833480 blit 402266 late 0 skip 0 snd_stalls 1 snd_pc ffff unimpl 0
cyc 105277 bal      1  in0 ffff in1 ffff  frame 216 pc ff833480 blit 406532 late 0 skip 0 snd_stalls 1 snd_pc f53b unimpl 0
cyc 105261 bal      2  in0 ffff in1 ffff  frame 217 pc ff8205b0 blit 414547 late 0 skip 0 snd_stalls 1 snd_pc ffff unimpl 0
cyc 105290 bal      5  in0 ffff in1 ffff  frame 218 pc ff833470 blit 420990 late 0 skip 0 snd_stalls 1 snd_pc 1ffd unimpl 0
cyc 105243 bal      1  in0 ffff in1 ffff  frame 219 pc ff8205a0 blit 428275 late 0 skip 0 snd_stalls 1 snd_pc dc1e unimpl 0
cyc 105271 bal      4  in0 ffff in1 ffff  frame 220 pc ff8204a0 blit 438421 late 0 skip 0 snd_stalls 1 snd_pc f53c unimpl 0
cyc 105236 bal      3  in0 ffff in1 ffff  frame 221 pc ff8205b0 blit 449704 late 0 skip 0 snd_stalls 1 snd_pc dc94 unimpl 0
cyc 105293 bal      1  in0 ffff in1 ffff  frame 222 pc ff833480 blit 468243 late 0 skip 0 snd_stalls 1 snd_pc fff7 unimpl 0
cyc 105249 bal      1  in0 ffff in1 ffff  frame 223 pc ff820480 blit 490630 late 0 skip 0 snd_stalls 1 snd_pc f53d unimpl 0
cyc 105280 bal      1  in0 ffff in1 ffff  frame 224 pc ff820480 blit 520984 late 0 skip 0 snd_stalls 1 snd_pc ffff unimpl 0
cyc 105263 bal      2  in0 ffff in1 ffff  frame 225 pc ff8205b0 blit 560858 late 0 skip 0 snd_stalls 1 snd_pc dcb3 unimpl 0
cyc 105261 bal      1  in0 ffff in1 ffff  frame 226 pc ff833480 blit 602465 late 0 skip 0 snd_stalls 1 snd_pc dcc8 unimpl 0
cyc 105232 bal      1  in0 ffff in1 ffff  frame 227 pc ff8205b0 blit 586234 late 0 skip 0 snd_stalls 1 snd_pc dcba unimpl 0
cyc 105202 bal      1  in0 ffff in1 ffff  frame 228 pc ff8205b0 blit 561685 late 0 skip 0 snd_stalls 1 snd_pc ffff unimpl 0
cyc 105245 bal      0  in0 ffff in1 ffff  frame 229 pc ff8205a0 blit 544357 late 0 skip 0 snd_stalls 1 snd_pc dcbb unimpl 0
cyc 105312 bal     -1  in0 ffff in1 ffff  frame 230 pc ff8205b0 blit 520940 late 0 skip 0 snd_stalls 1 snd_pc dccb unimpl 0
cyc 105276 bal      0  in0 ffff in1 ffff  frame 231 pc ff820450 blit 504806 late 0 skip 0 snd_stalls 1 snd_pc dcbd unimpl 0
cyc 105240 bal      0  in0 ffff in1 ffff  frame 232 pc ff8205a0 blit 489942 late 0 skip 0 snd_stalls 1 snd_pc dcfd unimpl 0
cyc 105184 bal      0  in0 ffff in1 ffff  frame 233 pc ff8205b0 blit 488790 late 0 skip 0 snd_stalls 1 snd_pc ffff unimpl 0
cyc 105264 bal      1  in0 ffff in1 ffff  frame 234 pc ff820440 blit 490202 late 0 skip 0 snd_stalls 1 snd_pc dcfc unimpl 0
cyc 105248 bal      2  in0 ffff in1 ffff  frame 235 pc ff820480 blit 489516 late 0 skip 0 snd_stalls 1 snd_pc dcfb unimpl 0
cyc 105258 bal      2  in0 ffff in1 ffff  frame 236 pc ff8205b0 blit 489738 late 0 skip 0 snd_stalls 1 snd_pc dcfc unimpl 0
cyc 105219 bal      4  in0 ffff in1 ffff  frame 237 pc ff833480 blit 488704 late 0 skip 0 snd_stalls 1 snd_pc dcfb unimpl 0
cyc 105254 bal     -2  in0 ffff in1 ffff  frame 238 pc ff8205c0 blit 487218 late 0 skip 0 snd_stalls 1 snd_pc ffff unimpl 0
cyc 105246 bal      4  in0 ffff in1 ffff  frame 239 pc ff820480 blit 488099 late 0 skip 0 snd_stalls 1 snd_pc a509 unimpl 0
cyc 105231 bal      2  in0 ffff in1 ffff  frame 240 pc ff8205b0 blit 490280 late 0 skip 0 snd_stalls 1 snd_pc dcfd unimpl 0
cyc 105232 bal      0  in0 ffff in1 ffff  frame 241 pc ff8205a0 blit 489193 late 0 skip 0 snd_stalls 1 snd_pc dcfc unimpl 0
cyc 105287 bal      0  in0 ffff in1 ffff  frame 242 pc ff820460 blit 489729 late 0 skip 0 snd_stalls 1 snd_pc 5098 unimpl 0
cyc 105228 bal      1  in0 ffff in1 ffff  frame 243 pc ff833480 blit 489119 late 0 skip 0 snd_stalls 1 snd_pc ffff unimpl 0
cyc 105227 bal      0  in0 ffff in1 ffff  frame 244 pc ff8205a0 blit 489804 late 0 skip 0 snd_stalls 1 snd_pc ffff unimpl 0
cyc 105202 bal      1  in0 ffff in1 ffff  frame 245 pc ff820560 blit 488174 late 0 skip 0 snd_stalls 1 snd_pc dcfd unimpl 0
cyc 105269 bal      0  in0 ffff in1 ffff  frame 246 pc ff820460 blit 490057 late 0 skip 0 snd_stalls 1 snd_pc dcfb unimpl 0
cyc 105233 bal      0  in0 ffff in1 ffff  frame 247 pc ff820430 blit 488123 late 0 skip 0 snd_stalls 1 snd_pc dcfa unimpl 0
cyc 105245 bal     -1  in0 ffff in1 ffff  frame 248 pc ff8205b0 blit 487139 late 0 skip 0 snd_stalls 1 snd_pc dcfb unimpl 0
cyc 105228 bal      1  in0 ffff in1 ffff  frame 249 pc ff820430 blit 487827 late 0 skip 0 snd_stalls 1 snd_pc dcf9 unimpl 0
cyc 105245 bal      0  in0 ffff in1 ffff  frame 250 pc ff8205b0 blit 487755 late 0 skip 0 snd_stalls 1 snd_pc dcfc unimpl 0
cyc 105250 bal      0  in0 ffff in1 ffff  frame 251 pc ff820560 blit 489730 late 0 skip 0 snd_stalls 1 snd_pc dcfb unimpl 0
cyc 105257 bal      3  in0 ffff in1 ffff  frame 252 pc ff820480 blit 487587 late 0 skip 0 snd_stalls 1 snd_pc dcf9 unimpl 0
cyc 105203 bal      3  in0 ffff in1 ffff  frame 253 pc ff8205b0 blit 488871 late 0 skip 0 snd_stalls 1 snd_pc dcfb unimpl 0
cyc 105238 bal      1  in0 ffff in1 ffff  frame 254 pc ff8205b0 blit 490339 late 0 skip 0 snd_stalls 1 snd_pc ffff unimpl 0
cyc 105224 bal      0  in0 ffff in1 ffff  frame 255 pc ff820490 blit 488023 late 0 skip 0 snd_stalls 1 snd_pc 8814 unimpl 0
cyc 105253 bal      1  in0 ffff in1 ffff  frame 256 pc ff8205b0 blit 489380 late 0 skip 0 snd_stalls 1 snd_pc dcfd unimpl 0
cyc 105232 bal      0  in0 ffff in1 ffff  frame 257 pc ff8205a0 blit 488554 late 0 skip 0 snd_stalls 1 snd_pc ffff unimpl 0
cyc 105292 bal      1  in0 ffff in1 ffff  frame 258 pc ff8205b0 blit 490572 late 0 skip 0 snd_stalls 1 snd_pc dcfa unimpl 0
cyc 105225 bal      5  in0 ffff in1 ffff  frame 259 pc ff8204a0 blit 488548 late 0 skip 0 snd_stalls 1 snd_pc ffff unimpl 0
cyc 105224 bal      0  in0 ffff in1 ffff  frame 260 pc ff8205b0 blit 488990 late 0 skip 0 snd_stalls 1 snd_pc ffff unimpl 0
cyc 105248 bal      2  in0 ffff in1 ffff  frame 261 pc ff833480 blit 487667 late 0 skip 0 snd_stalls 1 snd_pc dcfd unimpl 0
cyc 105261 bal      4  in0 ffff in1 ffff  frame 262 pc ff820480 blit 489516 late 0 skip 0 snd_stalls 1 snd_pc dcfb unimpl 0
cyc 105235 bal      0  in0 ffff in1 ffff  frame 263 pc ff820480 blit 487262 late 0 skip 0 snd_stalls 1 snd_pc dcfa unimpl 0
cyc 105276 bal      0  in0 ffff in1 ffff  frame 264 pc ff820450 blit 490401 late 0 skip 0 snd_stalls 1 snd_pc dcfb unimpl 0
cyc 105202 bal      1  in0 ffff in1 ffff  frame 265 pc ff8204a0 blit 488234 late 0 skip 0 snd_stalls 1 snd_pc dcf9 unimpl 0
cyc 105248 bal      2  in0 ffff in1 ffff  frame 266 pc ff8205b0 blit 489811 late 0 skip 0 snd_stalls 1 snd_pc a42d unimpl 0
cyc 105200 bal      2  in0 ffff in1 ffff  frame 267 pc ff833450 blit 489722 late 0 skip 0 snd_stalls 1 snd_pc ffff unimpl 0
cyc 105235 bal      2  in0 ffff in1 ffff  frame 268 pc ff8205b0 blit 489851 late 0 skip 0 snd_stalls 1 snd_pc fe1b unimpl 0
cyc 105237 bal      0  in0 ffff in1 ffff  frame 269 pc ff820470 blit 488399 late 0 skip 0 snd_stalls 1 snd_pc ffff unimpl 0
cyc 105280 bal      0  in0 ffff in1 ffff  frame 270 pc ff820430 blit 489418 late 0 skip 0 snd_stalls 1 snd_pc ffff unimpl 0
cyc 105213 bal      2  in0 ffff in1 ffff  frame 271 pc ff8205b0 blit 488677 late 0 skip 0 snd_stalls 1 snd_pc fe34 unimpl 0
cyc 105267 bal     -1  in0 ffff in1 ffff  frame 272 pc ff8205c0 blit 490873 late 0 skip 0 snd_stalls 1 snd_pc ffff unimpl 0
cyc 105202 bal      0  in0 ffff in1 ffff  frame 273 pc ff820590 blit 488620 late 0 skip 0 snd_stalls 1 snd_pc ffff unimpl 0
cyc 105268 bal      1  in0 ffff in1 ffff  frame 274 pc ff8205a0 blit 490524 late 0 skip 0 snd_stalls 1 snd_pc ffff unimpl 0
cyc 105194 bal      3  in0 ffff in1 ffff  frame 275 pc ff820480 blit 488754 late 0 skip 0 snd_stalls 1 snd_pc ffff unimpl 0
cyc 105248 bal      0  in0 ffff in1 ffff  frame 276 pc ff820400 blit 489787 late 0 skip 0 snd_stalls 1 snd_pc fe34 unimpl 0
cyc 105252 bal      2  in0 ffff in1 ffff  frame 277 pc ff820480 blit 488998 late 0 skip 0 snd_stalls 1 snd_pc fe19 unimpl 0
cyc 105272 bal      1  in0 ffff in1 ffff  frame 278 pc ff820400 blit 489411 late 0 skip 0 snd_stalls 1 snd_pc ffff unimpl 0
cyc 105261 bal      4  in0 ffff in1 ffff  frame 279 pc ff8204a0 blit 488533 late 0 skip 0 snd_stalls 1 snd_pc fe35 unimpl 0
cyc 105261 bal      4  in0 ffff in1 ffff  frame 280 pc ff833470 blit 489526 late 0 skip 0 snd_stalls 1 snd_pc ffff unimpl 0
cyc 105234 bal      0  in0 ffff in1 ffff  frame 281 pc ff833460 blit 490185 late 0 skip 0 snd_stalls 1 snd_pc fe35 unimpl 0
cyc 105275 bal      1  in0 ffff in1 ffff  frame 282 pc ff820570 blit 489522 late 0 skip 0 snd_stalls 1 snd_pc fe19 unimpl 0
cyc 105234 bal      0  in0 ffff in1 ffff  frame 283 pc ff820560 blit 488628 late 0 skip 0 snd_stalls 1 snd_pc fe18 unimpl 0
cyc 105234 bal      2  in0 ffff in1 ffff  frame 284 pc ff833480 blit 489759 late 0 skip 0 snd_stalls 1 snd_pc fe35 unimpl 0
cyc 105237 bal      1  in0 ffff in1 ffff  frame 285 pc ff833420 blit 488882 late 0 skip 0 snd_stalls 1 snd_pc fe1a unimpl 0
cyc 105242 bal      0  in0 ffff in1 ffff  frame 286 pc ff820400 blit 489548 late 0 skip 0 snd_stalls 1 snd_pc fe35 unimpl 0
cyc 105216 bal      2  in0 ffff in1 ffff  frame 287 pc ff8205b0 blit 488927 late 0 skip 0 snd_stalls 1 snd_pc fe1a unimpl 0
cyc 105267 bal     -1  in0 ffff in1 ffff  frame 288 pc ff8205c0 blit 490873 late 0 skip 0 snd_stalls 1 snd_pc ffff unimpl 0
cyc 105202 bal      0  in0 ffff in1 ffff  frame 289 pc ff820590 blit 488620 late 0 skip 0 snd_stalls 1 snd_pc fe36 unimpl 0
cyc 105268 bal      1  in0 ffff in1 ffff  frame 290 pc ff8205a0 blit 490524 late 0 skip 0 snd_stalls 1 snd_pc fe1a unimpl 0
cyc 105235 bal      1  in0 ffff in1 ffff  frame 291 pc ff820430 blit 491233 late 0 skip 0 snd_stalls 1 snd_pc ffff unimpl 0
cyc 105240 bal      0  in0 ffff in1 ffff  frame 292 pc ff8205a0 blit 489019 late 0 skip 0 snd_stalls 1 snd_pc fe1a unimpl 0
cyc 105228 bal      4  in0 ffff in1 ffff  frame 293 pc ff8204a0 blit 490856 late 0 skip 0 snd_stalls 1 snd_pc fe33 unimpl 0
cyc 105270 bal      0  in0 ffff in1 ffff  frame 294 pc ff820440 blit 486993 late 0 skip 0 snd_stalls 1 snd_pc ffff unimpl 0
cyc 105248 bal     -1  in0 ffff in1 ffff  frame 295 pc ff820470 blit 490983 late 0 skip 0 snd_stalls 1 snd_pc fe1b unimpl 0
cyc 105248 bal      1  in0 ffff in1 ffff  frame 296 pc ff8204a0 blit 490101 late 0 skip 0 snd_stalls 1 snd_pc ffff unimpl 0
cyc 105242 bal      0  in0 ffff in1 ffff  frame 297 pc ff8205b0 blit 488703 late 0 skip 0 snd_stalls 1 snd_pc ffff unimpl 0
cyc 105233 bal      1  in0 ffff in1 ffff  frame 298 pc ff820560 blit 490158 late 0 skip 0 snd_stalls 1 snd_pc fe5c unimpl 0
cyc 105228 bal      1  in0 ffff in1 ffff  frame 299 pc ff820480 blit 488320 late 0 skip 0 snd_stalls 1 snd_pc fe5d unimpl 0
cyc 105252 bal      0  in0 ffff in1 ffff  frame 300 pc ff820450 blit 490082 late 0 skip 0 snd_stalls 1 snd_pc fe5d unimpl 0
cyc 105202 bal      4  in0 ffff in1 ffff  frame 301 pc ff8204a0 blit 489415 late 0 skip 0 snd_stalls 1 snd_pc ffff unimpl 0
cyc 105248 bal      2  in0 ffff in1 ffff  frame 302 pc ff8205b0 blit 489793 late 0 skip 0 snd_stalls 1 snd_pc ffff unimpl 0
cyc 105210 bal      0  in0 ffff in1 ffff  frame 303 pc ff820440 blit 488086 late 0 skip 0 snd_stalls 1 snd_pc fe56 unimpl 0
cyc 105239 bal      0  in0 ffff in1 ffff  frame 304 pc ff820450 blit 489560 late 0 skip 0 snd_stalls 1 snd_pc fe56 unimpl 0
cyc 105225 bal      0  in0 ffff in1 ffff  frame 305 pc ff833480 blit 490691 late 0 skip 0 snd_stalls 1 snd_pc fe57 unimpl 0
cyc 105272 bal      0  in0 ffff in1 ffff  frame 306 pc ff8205a0 blit 489543 late 0 skip 0 snd_stalls 1 snd_pc fe57 unimpl 0
cyc 105236 bal      1  in0 ffff in1 ffff  frame 307 pc ff8205a0 blit 489453 late 0 skip 0 snd_stalls 1 snd_pc fe58 unimpl 0
cyc 105253 bal      1  in0 ffff in1 ffff  frame 308 pc ff820480 blit 490073 late 0 skip 0 snd_stalls 1 snd_pc fe58 unimpl 0
cyc 105226 bal      0  in0 ffff in1 ffff  frame 309 pc ff820450 blit 489401 late 0 skip 0 snd_stalls 1 snd_pc ffff unimpl 0
cyc 105244 bal      2  in0 ffff in1 ffff  frame 310 pc ff8205b0 blit 489741 late 0 skip 0 snd_stalls 1 snd_pc ffff unimpl 0
cyc 105235 bal     -1  in0 ffff in1 ffff  frame 311 pc ff8205b0 blit 488328 late 0 skip 0 snd_stalls 1 snd_pc ffff unimpl 0
cyc 105224 bal      1  in0 ffff in1 ffff  frame 312 pc ff833420 blit 489627 late 0 skip 0 snd_stalls 1 snd_pc ffff unimpl 0
cyc 105216 bal      0  in0 ffff in1 ffff  frame 313 pc ff8205a0 blit 489494 late 0 skip 0 snd_stalls 1 snd_pc fe58 unimpl 0
cyc 105255 bal      3  in0 ffff in1 ffff  frame 314 pc ff833480 blit 489696 late 0 skip 0 snd_stalls 1 snd_pc fe58 unimpl 0
cyc 105226 bal      1  in0 ffff in1 ffff  frame 315 pc ff8205b0 blit 488352 late 0 skip 0 snd_stalls 1 snd_pc fe59 unimpl 0
cyc 105243 bal      2  in0 ffff in1 ffff  frame 316 pc ff8205b0 blit 489791 late 0 skip 0 snd_stalls 1 snd_pc fe59 unimpl 0
cyc 105237 bal      0  in0 ffff in1 ffff  frame 317 pc ff820470 blit 488399 late 0 skip 0 snd_stalls 1 snd_pc fe5a unimpl 0
cyc 105280 bal      0  in0 ffff in1 ffff  frame 318 pc ff820430 blit 489418 late 0 skip 0 snd_stalls 1 snd_pc fe5a unimpl 0
cyc 105213 bal      2  in0 ffff in1 ffff  frame 319 pc ff8205b0 blit 488677 late 0 skip 0 snd_stalls 1 snd_pc ffff unimpl 0
cyc 105267 bal     -1  in0 ffff in1 ffff  frame 320 pc ff8205c0 blit 490873 late 0 skip 0 snd_stalls 1 snd_pc ffff unimpl 0
cyc 105202 bal      0  in0 ffff in1 ffff  frame 321 pc ff820590 blit 488620 late 0 skip 0 snd_stalls 1 snd_pc ffff unimpl 0
cyc 105268 bal      1  in0 ffff in1 ffff  frame 322 pc ff8205a0 blit 490524 late 0 skip 0 snd_stalls 1 snd_pc ffff unimpl 0
cyc 105235 bal      1  in0 ffff in1 ffff  frame 323 pc ff820430 blit 491185 late 0 skip 0 snd_stalls 1 snd_pc fe5a unimpl 0
cyc 105240 bal      0  in0 ffff in1 ffff  frame 324 pc ff8205a0 blit 489019 late 0 skip 0 snd_stalls 1 snd_pc fe5a unimpl 0
cyc 105228 bal      4  in0 ffff in1 ffff  frame 325 pc ff8204a0 blit 490856 late 0 skip 0 snd_stalls 1 snd_pc fe5b unimpl 0
cyc 105270 bal      0  in0 ffff in1 ffff  frame 326 pc ff820440 blit 486993 late 0 skip 0 snd_stalls 1 snd_pc fe5b unimpl 0
cyc 105230 bal      2  in0 ffff in1 ffff  frame 327 pc ff833480 blit 488500 late 0 skip 0 snd_stalls 1 snd_pc fe5c unimpl 0
cyc 105276 bal      1  in0 ffff in1 ffff  frame 328 pc ff8205b0 blit 489706 late 0 skip 0 snd_stalls 1 snd_pc fe5c unimpl 0
cyc 105235 bal      2  in0 ffff in1 ffff  frame 329 pc ff8205b0 blit 487285 late 0 skip 0 snd_stalls 1 snd_pc ffff unimpl 0
cyc 105262 bal      1  in0 ffff in1 ffff  frame 330 pc ff820450 blit 488082 late 0 skip 0 snd_stalls 1 snd_pc ffff unimpl 0
cyc 105201 bal      0  in0 ffff in1 ffff  frame 331 pc ff8204a0 blit 488864 late 0 skip 0 snd_stalls 1 snd_pc ffff unimpl 0
cyc 105247 bal      0  in0 ffff in1 ffff  frame 332 pc ff820450 blit 490333 late 0 skip 0 snd_stalls 1 snd_pc dd8b unimpl 0
cyc 105212 bal      2  in0 ffff in1 ffff  frame 333 pc ff8205b0 blit 489361 late 0 skip 0 snd_stalls 1 snd_pc 04ce unimpl 0
cyc 105274 bal      3  in0 ffff in1 ffff  frame 334 pc ff820480 blit 490362 late 0 skip 0 snd_stalls 1 snd_pc ffff unimpl 0
cyc 105228 bal      0  in0 ffff in1 ffff  frame 335 pc ff8205b0 blit 488914 late 0 skip 0 snd_stalls 1 snd_pc dd7f unimpl 0
cyc 105273 bal      3  in0 ffff in1 ffff  frame 336 pc ff833480 blit 489468 late 0 skip 0 snd_stalls 1 snd_pc ffff unimpl 0
cyc 105197 bal      1  in0 ffff in1 ffff  frame 337 pc ff820430 blit 488684 late 0 skip 0 snd_stalls 1 snd_pc ffff unimpl 0
cyc 105257 bal      0  in0 ffff in1 ffff  frame 338 pc ff8204b0 blit 490144 late 0 skip 0 snd_stalls 1 snd_pc 023c unimpl 0
cyc 105211 bal      3  in0 ffff in1 ffff  frame 339 pc ff833480 blit 488573 late 0 skip 0 snd_stalls 1 snd_pc ffff unimpl 0
cyc 105214 bal      1  in0 ffff in1 ffff  frame 340 pc ff833480 blit 489622 late 0 skip 0 snd_stalls 1 snd_pc dd97 unimpl 0
cyc 105235 bal      1  in0 ffff in1 ffff  frame 341 pc ff833480 blit 489654 late 0 skip 0 snd_stalls 1 snd_pc dc1c unimpl 0
cyc 105276 bal      0  in0 ffff in1 ffff  frame 342 pc ff8205b0 blit 490175 late 0 skip 0 snd_stalls 1 snd_pc ffff unimpl 0
cyc 105213 bal      2  in0 ffff in1 ffff  frame 343 pc ff8205b0 blit 489349 late 0 skip 0 snd_stalls 1 snd_pc f539 unimpl 0
cyc 105260 bal      1  in0 ffff in1 ffff  frame 344 pc ff8205b0 blit 489932 late 0 skip 0 snd_stalls 1 snd_pc dd79 unimpl 0
cyc 105235 bal      2  in0 ffff in1 ffff  frame 345 pc ff8205b0 blit 487285 late 0 skip 0 snd_stalls 1 snd_pc dd91 unimpl 0
cyc 105262 bal      1  in0 ffff in1 ffff  frame 346 pc ff820450 blit 488082 late 0 skip 0 snd_stalls 1 snd_pc dc17 unimpl 0
cyc 105201 bal      0  in0 ffff in1 ffff  frame 347 pc ff8204a0 blit 488864 late 0 skip 0 snd_stalls 1 snd_pc dd85 unimpl 0
cyc 105247 bal      0  in0 ffff in1 ffff  frame 348 pc ff820450 blit 490333 late 0 skip 0 snd_stalls 1 snd_pc dd7b unimpl 0
cyc 105212 bal      2  in0 ffff in1 ffff  frame 349 pc ff8205b0 blit 489361 late 0 skip 0 snd_stalls 1 snd_pc dd95 unimpl 0
cyc 105274 bal      3  in0 ffff in1 ffff  frame 350 pc ff820480 blit 490362 late 0 skip 0 snd_stalls 1 snd_pc ffff unimpl 0
cyc 105229 bal      0  in0 ffff in1 ffff  frame 351 pc ff820440 blit 489749 late 0 skip 0 snd_stalls 1 snd_pc dc09 unimpl 0
cyc 105267 bal      2  in0 ffff in1 ffff  frame 352 pc ff8205b0 blit 488728 late 0 skip 0 snd_stalls 1 snd_pc dd82 unimpl 0
cyc 105220 bal      1  in0 ffff in1 ffff  frame 353 pc ff820480 blit 488521 late 0 skip 0 snd_stalls 1 snd_pc dd9a unimpl 0
cyc 105266 bal      3  in0 ffff in1 ffff  frame 354 pc ff833480 blit 489469 late 0 skip 0 snd_stalls 1 snd_pc dd92 unimpl 0
cyc 105235 bal      4  in0 ffff in1 ffff  frame 355 pc ff833480 blit 488478 late 0 skip 0 snd_stalls 1 snd_pc dd97 unimpl 0
cyc 105230 bal      1  in0 ffff in1 ffff  frame 356 pc ff8205b0 blit 490089 late 0 skip 0 snd_stalls 1 snd_pc dc08 unimpl 0
cyc 105237 bal      1  in0 ffff in1 ffff  frame 357 pc ff820460 blit 488877 late 0 skip 0 snd_stalls 1 snd_pc ffff unimpl 0
cyc 105258 bal      2  in0 ffff in1 ffff  frame 358 pc ff8205b0 blit 489511 late 0 skip 0 snd_stalls 1 snd_pc ffff unimpl 0
cyc 105210 bal      0  in0 ffff in1 ffff  frame 359 pc ff8205a0 blit 489493 late 0 skip 0 snd_stalls 1 snd_pc dd89 unimpl 0
cyc 105238 bal      0  in0 ffff in1 ffff  frame 360 pc ff8205a0 blit 490391 late 0 skip 0 snd_stalls 1 snd_pc f537 unimpl 0
cyc 105233 bal      0  in0 ffff in1 ffff  frame 361 pc ff820460 blit 488817 late 0 skip 0 snd_stalls 1 snd_pc ffff unimpl 0
cyc 105243 bal      1  in0 ffff in1 ffff  frame 362 pc ff8205b0 blit 489958 late 0 skip 0 snd_stalls 1 snd_pc dd88 unimpl 0
cyc 105225 bal      0  in0 ffff in1 ffff  frame 363 pc ff833420 blit 488279 late 0 skip 0 snd_stalls 1 snd_pc f521 unimpl 0
cyc 105212 bal      2  in0 ffff in1 ffff  frame 364 pc ff833480 blit 489920 late 0 skip 0 snd_stalls 1 snd_pc dd8c unimpl 0
cyc 105197 bal      2  in0 ffff in1 ffff  frame 365 pc ff820430 blit 488624 late 0 skip 0 snd_stalls 1 snd_pc ffff unimpl 0
cyc 105264 bal      0  in0 ffff in1 ffff  frame 366 pc ff8205a0 blit 490396 late 0 skip 0 snd_stalls 1 snd_pc 1ffc unimpl 0
cyc 105213 bal      1  in0 ffff in1 ffff  frame 367 pc ff8205b0 blit 488434 late 0 skip 0 snd_stalls 1 snd_pc dd9b unimpl 0
cyc 105286 bal      0  in0 ffff in1 ffff  frame 368 pc ff820450 blit 489404 late 0 skip 0 snd_stalls 1 snd_pc dc1a unimpl 0
cyc 105225 bal      0  in0 ffff in1 ffff  frame 369 pc ff833480 blit 490691 late 0 skip 0 snd_stalls 1 snd_pc ffff unimpl 0
cyc 105272 bal      0  in0 ffff in1 ffff  frame 370 pc ff8205a0 blit 489543 late 0 skip 0 snd_stalls 1 snd_pc 1ffd unimpl 0
cyc 105236 bal      1  in0 ffff in1 ffff  frame 371 pc ff8205a0 blit 489453 late 0 skip 0 snd_stalls 1 snd_pc dd93 unimpl 0
cyc 105253 bal      1  in0 ffff in1 ffff  frame 372 pc ff820480 blit 490073 late 0 skip 0 snd_stalls 1 snd_pc dd99 unimpl 0
cyc 105223 bal      0  in0 ffff in1 ffff  frame 373 pc ff820460 blit 488688 late 0 skip 0 snd_stalls 1 snd_pc dc16 unimpl 0
cyc 105255 bal      4  in0 ffff in1 ffff  frame 374 pc ff8204a0 blit 490686 late 0 skip 0 snd_stalls 1 snd_pc 2400 unimpl 0
cyc 105211 bal      2  in0 ffff in1 ffff  frame 375 pc ff833480 blit 488165 late 0 skip 0 snd_stalls 1 snd_pc dc3f unimpl 0
cyc 105276 bal      1  in0 ffff in1 ffff  frame 376 pc ff8205b0 blit 489706 late 0 skip 0 snd_stalls 1 snd_pc f51e unimpl 0
cyc 105235 bal      2  in0 ffff in1 ffff  frame 377 pc ff8205b0 blit 487285 late 0 skip 0 snd_stalls 1 snd_pc 02ba unimpl 0
cyc 105262 bal      1  in0 ffff in1 ffff  frame 378 pc ff820450 blit 488082 late 0 skip 0 snd_stalls 1 snd_pc dc07 unimpl 0
cyc 105208 bal      0  in0 ffff in1 ffff  frame 379 pc ff820560 blit 488529 late 0 skip 0 snd_stalls 1 snd_pc dd7c unimpl 0
cyc 105234 bal      2  in0 ffff in1 ffff  frame 380 pc ff833480 blit 489785 late 0 skip 0 snd_stalls 1 snd_pc dc3d unimpl 0
cyc 105237 bal      1  in0 ffff in1 ffff  frame 381 pc ff833420 blit 488882 late 0 skip 0 snd_stalls 1 snd_pc f51d unimpl 0
cyc 105242 bal      0  in0 ffff in1 ffff  frame 382 pc ff820400 blit 489548 late 0 skip 0 snd_stalls 1 snd_pc dd7c unimpl 0
cyc 105216 bal      2  in0 ffff in1 ffff  frame 383 pc ff8205b0 blit 488927 late 0 skip 0 snd_stalls 1 snd_pc 023b unimpl 0
cyc 105267 bal     -1  in0 ffff in1 ffff  frame 384 pc ff8205c0 blit 490873 late 0 skip 0 snd_stalls 1 snd_pc ffff unimpl 0
cyc 105202 bal      0  in0 ffff in1 ffff  frame 385 pc ff820590 blit 488620 late 0 skip 0 snd_stalls 1 snd_pc dc1f unimpl 0
cyc 105268 bal      1  in0 ffff in1 ffff  frame 386 pc ff8205a0 blit 490524 late 0 skip 0 snd_stalls 1 snd_pc ffff unimpl 0
cyc 105235 bal      1  in0 ffff in1 ffff  frame 387 pc ff820430 blit 491233 late 0 skip 0 snd_stalls 1 snd_pc f53c unimpl 0
cyc 105240 bal      0  in0 ffff in1 ffff  frame 388 pc ff8205a0 blit 489019 late 0 skip 0 snd_stalls 1 snd_pc ffff unimpl 0
cyc 105228 bal      4  in0 ffff in1 ffff  frame 389 pc ff8204a0 blit 490856 late 0 skip 0 snd_stalls 1 snd_pc dd93 unimpl 0
cyc 105270 bal      0  in0 ffff in1 ffff  frame 390 pc ff820440 blit 486993 late 0 skip 0 snd_stalls 1 snd_pc dc1b unimpl 0
cyc 105203 bal      3  in0 ffff in1 ffff  frame 391 pc ff8204a0 blit 489098 late 0 skip 0 snd_stalls 1 snd_pc dd8f unimpl 0
cyc 105261 bal      2  in0 ffff in1 ffff  frame 392 pc ff833480 blit 489995 late 0 skip 0 snd_stalls 1 snd_pc f51e unimpl 0
cyc 105250 bal      0  in0 ffff in1 ffff  frame 393 pc ff820460 blit 489248 late 0 skip 0 snd_stalls 1 snd_pc f51d unimpl 0
cyc 105284 bal      2  in0 ffff in1 ffff  frame 394 pc ff833430 blit 487687 late 0 skip 0 snd_stalls 1 snd_pc dd79 unimpl 0
cyc 105242 bal      1  in0 ffff in1 ffff  frame 395 pc ff8205a0 blit 488920 late 0 skip 0 snd_stalls 1 snd_pc ffff unimpl 0
cyc 105258 bal      0  in0 ffff in1 ffff  frame 396 pc ff820410 blit 489367 late 0 skip 0 snd_stalls 1 snd_pc dd8b unimpl 0
cyc 105245 bal      3  in0 ffff in1 ffff  frame 397 pc ff8205b0 blit 489680 late 0 skip 0 snd_stalls 1 snd_pc 1ffd unimpl 0
cyc 105224 bal      1  in0 ffff in1 ffff  frame 398 pc ff833420 blit 489658 late 0 skip 0 snd_stalls 1 snd_pc ffff unimpl 0
cyc 105237 bal      2  in0 ffff in1 ffff  frame 399 pc ff833480 blit 489019 late 0 skip 0 snd_stalls 1 snd_pc ffff unimpl 0
cyc 105289 bal      4  in0 ffff in1 ffff  frame 400 pc ff833480 blit 490499 late 0 skip 0 snd_stalls 1 snd_pc dc0a unimpl 0
cyc 105245 bal      0  in0 ffff in1 ffff  frame 401 pc ff820440 blit 488320 late 0 skip 0 snd_stalls 1 snd_pc dd7d unimpl 0
cyc 105244 bal     -1  in0 ffff in1 ffff  frame 402 pc ff8205b0 blit 490667 late 0 skip 0 snd_stalls 1 snd_pc ffff unimpl 0
cyc 105247 bal      4  in0 ffff in1 ffff  frame 403 pc ff8204a0 blit 488175 late 0 skip 0 snd_stalls 1 snd_pc dd8e unimpl 0
cyc 105237 bal      4  in0 ffff in1 ffff  frame 404 pc ff833470 blit 489519 late 0 skip 0 snd_stalls 1 snd_pc f53b unimpl 0
cyc 105246 bal      0  in0 ffff in1 ffff  frame 405 pc ff820460 blit 489390 late 0 skip 0 snd_stalls 1 snd_pc ffff unimpl 0
cyc 105255 bal      4  in0 ffff in1 ffff  frame 406 pc ff8204a0 blit 490686 late 0 skip 0 snd_stalls 1 snd_pc 2401 unimpl 0
cyc 105240 bal      0  in0 ffff in1 ffff  frame 407 pc ff8204b0 blit 490287 late 0 skip 0 snd_stalls 1 snd_pc dc20 unimpl 0
cyc 105271 bal      0  in0 ffff in1 ffff  frame 408 pc ff820450 blit 490152 late 0 skip 0 snd_stalls 1 snd_pc 0200 unimpl 0
cyc 105230 bal      3  in0 ffff in1 ffff  frame 409 pc ff833430 blit 488272 late 0 skip 0 snd_stalls 1 snd_pc 0216 unimpl 0
cyc 105248 bal      1  in0 ffff in1 ffff  frame 410 pc ff8205b0 blit 489935 late 0 skip 0 snd_stalls 1 snd_pc dc05 unimpl 0
cyc 105225 bal      0  in0 ffff in1 ffff  frame 411 pc ff833420 blit 488279 late 0 skip 0 snd_stalls 1 snd_pc dd7f unimpl 0
cyc 105212 bal      2  in0 ffff in1 ffff  frame 412 pc ff833480 blit 489920 late 0 skip 0 snd_stalls 1 snd_pc ffff unimpl 0
cyc 105246 bal      1  in0 ffff in1 ffff  frame 413 pc ff820450 blit 489133 late 0 skip 0 snd_stalls 1 snd_pc dd90 unimpl 0
cyc 105240 bal      1  in0 ffff in1 ffff  frame 414 pc ff8205a0 blit 490155 late 0 skip 0 snd_stalls 1 snd_pc ffff unimpl 0
cyc 105222 bal      1  in0 ffff in1 ffff  frame 415 pc ff833480 blit 488697 late 0 skip 0 snd_stalls 1 snd_pc 1ffa unimpl 0
cyc 105266 bal      1  in0 ffff in1 ffff  frame 416 pc ff8204a0 blit 489659 late 0 skip 0 snd_stalls 1 snd_pc ffff unimpl 0
cyc 105242 bal      0  in0 ffff in1 ffff  frame 417 pc ff8205a0 blit 489028 late 0 skip 0 snd_stalls 1 snd_pc dc1b unimpl 0
cyc 105292 bal      1  in0 ffff in1 ffff  frame 418 pc ff8205b0 blit 490572 late 0 skip 0 snd_stalls 1 snd_pc dd95 unimpl 0
cyc 105225 bal      5  in0 ffff in1 ffff  frame 419 pc ff8204a0 blit 488548 late 0 skip 0 snd_stalls 1 snd_pc f522 unimpl 0
cyc 105224 bal      0  in0 ffff in1 ffff  frame 420 pc ff8205b0 blit 488990 late 0 skip 0 snd_stalls 1 snd_pc f51d unimpl 0
cyc 105211 bal      0  in0 ffff in1 ffff  frame 421 pc ff820450 blit 489494 late 0 skip 0 snd_stalls 1 snd_pc dd9a unimpl 0
cyc 105244 bal      2  in0 ffff in1 ffff  frame 422 pc ff8205b0 blit 489741 late 0 skip 0 snd_stalls 1 snd_pc dc09 unimpl 0
cyc 105233 bal      0  in0 ffff in1 ffff  frame 423 pc ff820440 blit 488310 late 0 skip 0 snd_stalls 1 snd_pc dd84 unimpl 0
cyc 105262 bal      0  in0 ffff in1 ffff  frame 424 pc ff8205a0 blit 490312 late 0 skip 0 snd_stalls 1 snd_pc dc3f unimpl 0
cyc 105201 bal      3  in0 ffff in1 ffff  frame 425 pc ff833480 blit 488159 late 0 skip 0 snd_stalls 1 snd_pc dd84 unimpl 0
cyc 105248 bal      1  in0 ffff in1 ffff  frame 426 pc ff820440 blit 490190 late 0 skip 0 snd_stalls 1 snd_pc f53c unimpl 0
cyc 104820 bal      0  in0 ffff in1 ffff  frame 427 pc ff820570 blit 488637 late 0 skip 0 snd_stalls 1 snd_pc 0216 unimpl 0
cyc 105210 bal      4  in0 ffff in1 ffff  frame 428 pc ff8204a0 blit 489280 late 0 skip 0 snd_stalls 1 snd_pc ffff unimpl 0
cyc 105208 bal      1  in0 ffff in1 ffff  frame 429 pc ff833420 blit 487573 late 0 skip 0 snd_stalls 1 snd_pc ffff unimpl 0
cyc 105260 bal      4  in0 ffff in1 ffff  frame 430 pc ff820480 blit 490215 late 0 skip 0 snd_stalls 1 snd_pc ffff unimpl 0
cyc 105221 bal      1  in0 ffff in1 ffff  frame 431 pc ff820430 blit 487904 late 0 skip 0 snd_stalls 1 snd_pc 0216 unimpl 0
cyc 105264 bal      1  in0 ffff in1 ffff  frame 432 pc ff8205a0 blit 490605 late 0 skip 0 snd_stalls 1 snd_pc 023c unimpl 0
cyc 105217 bal      0  in0 ffff in1 ffff  frame 433 pc ff820460 blit 489645 late 0 skip 0 snd_stalls 1 snd_pc ffff unimpl 0
cyc 105256 bal      0  in0 ffff in1 ffff  frame 434 pc ff8205b0 blit 490393 late 0 skip 0 snd_stalls 1 snd_pc ffff unimpl 0
cyc 105218 bal      0  in0 ffff in1 ffff  frame 435 pc ff820450 blit 488669 late 0 skip 0 snd_stalls 1 snd_pc dd93 unimpl 0
cyc 105227 bal      0  in0 ffff in1 ffff  frame 436 pc ff820480 blit 489435 late 0 skip 0 snd_stalls 1 snd_pc dd79 unimpl 0
cyc 105228 bal      0  in0 ffff in1 ffff  frame 437 pc ff8205b0 blit 488449 late 0 skip 0 snd_stalls 1 snd_pc ffff unimpl 0
cyc 105289 bal      2  in0 ffff in1 ffff  frame 438 pc ff8205b0 blit 490325 late 0 skip 0 snd_stalls 1 snd_pc dd94 unimpl 0
cyc 105235 bal     -1  in0 ffff in1 ffff  frame 439 pc ff8205b0 blit 488328 late 0 skip 0 snd_stalls 1 snd_pc dc1d unimpl 0
cyc 105224 bal      1  in0 ffff in1 ffff  frame 440 pc ff833420 blit 489627 late 0 skip 0 snd_stalls 1 snd_pc dd8b unimpl 0
cyc 105216 bal      0  in0 ffff in1 ffff  frame 441 pc ff8205a0 blit 489494 late 0 skip 0 snd_stalls 1 snd_pc 02ba unimpl 0
cyc 105255 bal      3  in0 ffff in1 ffff  frame 442 pc ff833480 blit 489696 late 0 skip 0 snd_stalls 1 snd_pc ffff unimpl 0
cyc 105235 bal      2  in0 ffff in1 ffff  frame 443 pc ff833480 blit 488336 late 0 skip 0 snd_stalls 1 snd_pc f53b unimpl 0
cyc 105230 bal     -1  in0 ffff in1 ffff  frame 444 pc ff8205b0 blit 488331 late 0 skip 0 snd_stalls 1 snd_pc dc19 unimpl 0
cyc 105242 bal      1  in0 ffff in1 ffff  frame 445 pc ff820480 blit 488691 late 0 skip 0 snd_stalls 1 snd_pc dd83 unimpl 0
cyc 105253 bal      0  in0 ffff in1 ffff  frame 446 pc ff8205b0 blit 489890 late 0 skip 0 snd_stalls 1 snd_pc 1ffe unimpl 0
cyc 105214 bal      0  in0 ffff in1 ffff  frame 447 pc ff8205b0 blit 490504 late 0 skip 0 snd_stalls 1 snd_pc 1ffe unimpl 0
cyc 105286 bal      0  in0 ffff in1 ffff  frame 448 pc ff820450 blit 489466 late 0 skip 0 snd_stalls 1 snd_pc dd9b unimpl 0
cyc 105229 bal      0  in0 ffff in1 ffff  frame 449 pc ff833480 blit 491170 late 0 skip 0 snd_stalls 1 snd_pc ffff unimpl 0
cyc 105249 bal      0  in0 ffff in1 ffff  frame 450 pc ff820460 blit 490184 late 0 skip 0 snd_stalls 1 snd_pc dd84 unimpl 0
cyc 105247 bal      2  in0 ffff in1 ffff  frame 451 pc ff820480 blit 487738 late 0 skip 0 snd_stalls 1 snd_pc dc3c unimpl 0
cyc 105242 bal      2  in0 ffff in1 ffff  frame 452 pc ff833480 blit 490089 late 0 skip 0 snd_stalls 1 snd_pc dd8f unimpl 0
cyc 105251 bal      0  in0 ffff in1 ffff  frame 453 pc ff8205b0 blit 489010 late 0 skip 0 snd_stalls 1 snd_pc 1ffd unimpl 0
cyc 105289 bal      2  in0 ffff in1 ffff  frame 454 pc ff8205b0 blit 490325 late 0 skip 0 snd_stalls 1 snd_pc 0238 unimpl 0
cyc 105235 bal     -1  in0 ffff in1 ffff  frame 455 pc ff8205b0 blit 488328 late 0 skip 0 snd_stalls 1 snd_pc ffff unimpl 0
cyc 105224 bal      1  in0 ffff in1 ffff  frame 456 pc ff833420 blit 489627 late 0 skip 0 snd_stalls 1 snd_pc dc21 unimpl 0
cyc 105216 bal      0  in0 ffff in1 ffff  frame 457 pc ff8205a0 blit 489494 late 0 skip 0 snd_stalls 1 snd_pc ffff unimpl 0
cyc 105255 bal      3  in0 ffff in1 ffff  frame 458 pc ff833480 blit 489696 late 0 skip 0 snd_stalls 1 snd_pc f521 unimpl 0
cyc 105226 bal      1  in0 ffff in1 ffff  frame 459 pc ff8205b0 blit 488352 late 0 skip 0 snd_stalls 1 snd_pc fff7 unimpl 0
cyc 105243 bal      2  in0 ffff in1 ffff  frame 460 pc ff8205b0 blit 489791 late 0 skip 0 snd_stalls 1 snd_pc dd86 unimpl 0
cyc 105237 bal      0  in0 ffff in1 ffff  frame 461 pc ff820470 blit 488399 late 0 skip 0 snd_stalls 1 snd_pc 0235 unimpl 0
cyc 105280 bal      0  in0 ffff in1 ffff  frame 462 pc ff820430 blit 489418 late 0 skip 0 snd_stalls 1 snd_pc dd79 unimpl 0
cyc 105207 bal      3  in0 ffff in1 ffff  frame 463 pc ff8204a0 blit 491450 late 0 skip 0 snd_stalls 1 snd_pc 0217 unimpl 0
cyc 105271 bal      1  in0 ffff in1 ffff  frame 464 pc ff820440 blit 487728 late 0 skip 0 snd_stalls 1 snd_pc dd94 unimpl 0
cyc 105209 bal      0  in0 ffff in1 ffff  frame 465 pc ff8205a0 blit 489080 late 0 skip 0 snd_stalls 1 snd_pc ffff unimpl 0
cyc 105292 bal      1  in0 ffff in1 ffff  frame 466 pc ff8205b0 blit 490572 late 0 skip 0 snd_stalls 1 snd_pc 2400 unimpl 0
cyc 105225 bal      5  in0 ffff in1 ffff  frame 467 pc ff8204a0 blit 488548 late 0 skip 0 snd_stalls 1 snd_pc dd94 unimpl 0
cyc 105224 bal      0  in0 ffff in1 ffff  frame 468 pc ff8205b0 blit 488990 late 0 skip 0 snd_stalls 1 snd_pc dd7b unimpl 0
cyc 105248 bal      2  in0 ffff in1 ffff  frame 469 pc ff833480 blit 487667 late 0 skip 0 snd_stalls 1 snd_pc dd92 unimpl 0
cyc 105261 bal      4  in0 ffff in1 ffff  frame 470 pc ff820480 blit 489516 late 0 skip 0 snd_stalls 1 snd_pc dd96 unimpl 0
cyc 105225 bal      2  in0 ffff in1 ffff  frame 471 pc ff820420 blit 488912 late 0 skip 0 snd_stalls 1 snd_pc dd8d unimpl 0
cyc 105264 bal      0  in0 ffff in1 ffff  frame 472 pc ff8205a0 blit 490340 late 0 skip 0 snd_stalls 1 snd_pc dd82 unimpl 0
cyc 105231 bal      0  in0 ffff in1 ffff  frame 473 pc ff820570 blit 488622 late 0 skip 0 snd_stalls 1 snd_pc dc3e unimpl 0
cyc 105235 bal      2  in0 ffff in1 ffff  frame 474 pc ff8204a0 blit 489850 late 0 skip 0 snd_stalls 1 snd_pc 04cf unimpl 0
cyc 105238 bal      0  in0 ffff in1 ffff  frame 475 pc ff820560 blit 488626 late 0 skip 0 snd_stalls 1 snd_pc f537 unimpl 0
cyc 105234 bal      2  in0 ffff in1 ffff  frame 476 pc ff833480 blit 489759 late 0 skip 0 snd_stalls 1 snd_pc ffff unimpl 0
cyc 105223 bal      1  in0 ffff in1 ffff  frame 477 pc ff8205a0 blit 488295 late 0 skip 0 snd_stalls 1 snd_pc dd79 unimpl 0
cyc 105277 bal      2  in0 ffff in1 ffff  frame 478 pc ff820480 blit 487811 late 0 skip 0 snd_stalls 1 snd_pc ffff unimpl 0
cyc 105244 bal      1  in0 ffff in1 ffff  frame 479 pc ff820570 blit 489116 late 0 skip 0 snd_stalls 1 snd_pc 1ffd unimpl 0
cyc 105244 bal      2  in0 ffff in1 ffff  frame 480 pc ff8205b0 blit 488679 late 0 skip 0 snd_stalls 1 snd_pc ffff unimpl 0
cyc 105220 bal      1  in0 ffff in1 ffff  frame 481 pc ff820480 blit 488521 late 0 skip 0 snd_stalls 1 snd_pc dc07 unimpl 0
cyc 105266 bal      3  in0 ffff in1 ffff  frame 482 pc ff833480 blit 489469 late 0 skip 0 snd_stalls 1 snd_pc 1ffd unimpl 0
cyc 105239 bal      4  in0 ffff in1 ffff  frame 483 pc ff833480 blit 487896 late 0 skip 0 snd_stalls 1 snd_pc ffff unimpl 0
cyc 105265 bal      3  in0 ffff in1 ffff  frame 484 pc ff833480 blit 489625 late 0 skip 0 snd_stalls 1 snd_pc f53d unimpl 0
cyc 105245 bal      0  in0 ffff in1 ffff  frame 485 pc ff820450 blit 488605 late 0 skip 0 snd_stalls 1 snd_pc 0217 unimpl 0
cyc 105228 bal      1  in0 ffff in1 ffff  frame 486 pc ff833480 blit 490304 late 0 skip 0 snd_stalls 1 snd_pc fff7 unimpl 0
cyc 105246 bal      0  in0 ffff in1 ffff  frame 487 pc ff820450 blit 488561 late 0 skip 0 snd_stalls 1 snd_pc ffff unimpl 0
cyc 105284 bal      2  in0 ffff in1 ffff  frame 488 pc ff833430 blit 489294 late 0 skip 0 snd_stalls 1 snd_pc dc1d unimpl 0
cyc 105213 bal      0  in0 ffff in1 ffff  frame 489 pc ff8205b0 blit 488892 late 0 skip 0 snd_stalls 1 snd_pc 02ba unimpl 0
cyc 105233 bal      1  in0 ffff in1 ffff  frame 490 pc ff820560 blit 490158 late 0 skip 0 snd_stalls 1 snd_pc 0218 unimpl 0
cyc 105242 bal      0  in0 ffff in1 ffff  frame 491 pc ff820580 blit 488513 late 0 skip 0 snd_stalls 1 snd_pc 1ffc unimpl 0
cyc 105232 bal      0  in0 ffff in1 ffff  frame 492 pc ff833490 blit 490278 late 0 skip 0 snd_stalls 1 snd_pc dd7c unimpl 0
cyc 105247 bal      1  in0 ffff in1 ffff  frame 493 pc ff8205a0 blit 489157 late 0 skip 0 snd_stalls 1 snd_pc ffff unimpl 0
cyc 105226 bal      1  in0 ffff in1 ffff  frame 494 pc ff833480 blit 490014 late 0 skip 0 snd_stalls 1 snd_pc dd88 unimpl 0
cyc 105201 bal      1  in0 ffff in1 ffff  frame 495 pc ff8205a0 blit 490135 late 0 skip 0 snd_stalls 1 snd_pc f51d unimpl 0
cyc 105276 bal      4  in0 ffff in1 ffff  frame 496 pc ff833480 blit 490597 late 0 skip 0 snd_stalls 1 snd_pc dd79 unimpl 0
cyc 105230 bal      5  in0 ffff in1 ffff  frame 497 pc ff8205d0 blit 489229 late 0 skip 0 snd_stalls 1 snd_pc 1ffd unimpl 0
cyc 105230 bal      0  in0 ffff in1 ffff  frame 498 pc ff8205b0 blit 489838 late 0 skip 0 snd_stalls 1 snd_pc dc09 unimpl 0
cyc 105207 bal      0  in0 ffff in1 ffff  frame 499 pc ff820450 blit 488398 late 0 skip 0 snd_stalls 1 snd_pc 1ffd unimpl 0
cyc 105242 bal     -2  in0 ffff in1 ffff  frame 500 pc ff8205c0 blit 489865 late 0 skip 0 snd_stalls 1 snd_pc dc3e unimpl 0
cyc 105228 bal      0  in0 ffff in1 ffff  frame 501 pc ff820560 blit 488877 late 0 skip 0 snd_stalls 1 snd_pc dd95 unimpl 0
cyc 105245 bal      2  in0 ffff in1 ffff  frame 502 pc ff8205b0 blit 489538 late 0 skip 0 snd_stalls 1 snd_pc f521 unimpl 0
cyc 105210 bal      0  in0 ffff in1 ffff  frame 503 pc ff8205a0 blit 489493 late 0 skip 0 snd_stalls 1 snd_pc 023c unimpl 0
cyc 105238 bal      0  in0 ffff in1 ffff  frame 504 pc ff8205a0 blit 490391 late 0 skip 0 snd_stalls 1 snd_pc dd86 unimpl 0
cyc 105210 bal      0  in0 ffff in1 ffff  frame 505 pc ff8205b0 blit 487770 late 0 skip 0 snd_stalls 1 snd_pc ffff unimpl 0
cyc 105256 bal      1  in0 ffff in1 ffff  frame 506 pc ff833420 blit 489244 late 0 skip 0 snd_stalls 1 snd_pc dd8d unimpl 0
cyc 105237 bal      2  in0 ffff in1 ffff  frame 507 pc ff833480 blit 490394 late 0 skip 0 snd_stalls 1 snd_pc f53b unimpl 0
cyc 105265 bal      4  in0 ffff in1 ffff  frame 508 pc ff833480 blit 490438 late 0 skip 0 snd_stalls 1 snd_pc 1ffa unimpl 0
cyc 105222 bal      2  in0 ffff in1 ffff  frame 509 pc ff8205b0 blit 488245 late 0 skip 0 snd_stalls 1 snd_pc ffff unimpl 0
cyc 105238 bal     -1  in0 ffff in1 ffff  frame 510 pc ff8205b0 blit 489995 late 0 skip 0 snd_stalls 1 snd_pc 2401 unimpl 0
cyc 105208 bal      0  in0 ffff in1 ffff  frame 511 pc ff820460 blit 489562 late 0 skip 0 snd_stalls 1 snd_pc f53b unimpl 0
cyc 105255 bal      4  in0 ffff in1 ffff  frame 512 pc ff8204a0 blit 490189 late 0 skip 0 snd_stalls 1 snd_pc f537 unimpl 0
cyc 105239 bal      0  in0 ffff in1 ffff  frame 513 pc ff820570 blit 488767 late 0 skip 0 snd_stalls 1 snd_pc f51d unimpl 0
cyc 105257 bal      3  in0 ffff in1 ffff  frame 514 pc ff833480 blit 489576 late 0 skip 0 snd_stalls 1 snd_pc dd79 unimpl 0
cyc 105241 bal      1  in0 ffff in1 ffff  frame 515 pc ff820400 blit 489133 late 0 skip 0 snd_stalls 1 snd_pc dc1c unimpl 0
cyc 105246 bal      1  in0 ffff in1 ffff  frame 516 pc ff8205b0 blit 489829 late 0 skip 0 snd_stalls 1 snd_pc ffff unimpl 0
cyc 105220 bal      0  in0 ffff in1 ffff  frame 517 pc ff820490 blit 488280 late 0 skip 0 snd_stalls 1 snd_pc f539 unimpl 0
cyc 105275 bal      0  in0 ffff in1 ffff  frame 518 pc ff820440 blit 486959 late 0 skip 0 snd_stalls 1 snd_pc dd7b unimpl 0
cyc 105234 bal      1  in0 ffff in1 ffff  frame 519 pc ff833480 blit 488562 late 0 skip 0 snd_stalls 1 snd_pc ffff unimpl 0
cyc 105272 bal      0  in0 ffff in1 ffff  frame 520 pc ff820590 blit 489784 late 0 skip 0 snd_stalls 1 snd_pc ffff unimpl 0
cyc 105236 bal      0  in0 ffff in1 ffff  frame 521 pc ff8205b0 blit 489338 late 0 skip 0 snd_stalls 1 snd_pc dd81 unimpl 0
cyc 105233 bal      1  in0 ffff in1 ffff  frame 522 pc ff820560 blit 490158 late 0 skip 0 snd_stalls 1 snd_pc 023b unimpl 0
cyc 105228 bal      1  in0 ffff in1 ffff  frame 523 pc ff820480 blit 488320 late 0 skip 0 snd_stalls 1 snd_pc ffff unimpl 0
cyc 105252 bal      0  in0 ffff in1 ffff  frame 524 pc ff820450 blit 490082 late 0 skip 0 snd_stalls 1 snd_pc 02ba unimpl 0
cyc 105202 bal      4  in0 ffff in1 ffff  frame 525 pc ff8204a0 blit 489415 late 0 skip 0 snd_stalls 1 snd_pc dc0a unimpl 0
cyc 105248 bal      2  in0 ffff in1 ffff  frame 526 pc ff8205b0 blit 489793 late 0 skip 0 snd_stalls 1 snd_pc dd83 unimpl 0
cyc 105213 bal      0  in0 ffff in1 ffff  frame 527 pc ff8205b0 blit 488987 late 0 skip 0 snd_stalls 1 snd_pc 023b unimpl 0
cyc 105273 bal      3  in0 ffff in1 ffff  frame 528 pc ff833480 blit 489468 late 0 skip 0 snd_stalls 1 snd_pc dd91 unimpl 0
cyc 105245 bal      0  in0 ffff in1 ffff  frame 529 pc ff820440 blit 489143 late 0 skip 0 snd_stalls 1 snd_pc dd7d unimpl 0
cyc 105230 bal      1  in0 ffff in1 ffff  frame 530 pc ff833430 blit 489933 late 0 skip 0 snd_stalls 1 snd_pc 023b unimpl 0
cyc 105224 bal      3  in0 ffff in1 ffff  frame 531 pc ff8205b0 blit 488793 late 0 skip 0 snd_stalls 1 snd_pc 2401 unimpl 0
cyc 105258 bal      0  in0 ffff in1 ffff  frame 532 pc ff820560 blit 490235 late 0 skip 0 snd_stalls 1 snd_pc dc20 unimpl 0
cyc 105221 bal      0  in0 ffff in1 ffff  frame 533 pc ff8205a0 blit 488648 late 0 skip 0 snd_stalls 1 snd_pc 2401 unimpl 0
cyc 105263 bal      0  in0 ffff in1 ffff  frame 534 pc ff8205b0 blit 489814 late 0 skip 0 snd_stalls 1 snd_pc f53c unimpl 0
cyc 105210 bal      0  in0 ffff in1 ffff  frame 535 pc ff8205a0 blit 488351 late 0 skip 0 snd_stalls 1 snd_pc fff7 unimpl 0
cyc 105238 bal      0  in0 ffff in1 ffff  frame 536 pc ff8205a0 blit 490391 late 0 skip 0 snd_stalls 1 snd_pc dd9a unimpl 0
cyc 105233 bal      0  in0 ffff in1 ffff  frame 537 pc ff820460 blit 488817 late 0 skip 0 snd_stalls 1 snd_pc dc1d unimpl 0
cyc 105243 bal      1  in0 ffff in1 ffff  frame 538 pc ff8205b0 blit 489958 late 0 skip 0 snd_stalls 1 snd_pc dd8a unimpl 0
cyc 105254 bal      0  in0 ffff in1 ffff  frame 539 pc ff8205a0 blit 488575 late 0 skip 0 snd_stalls 1 snd_pc ffff unimpl 0
cyc 105230 bal      4  in0 ffff in1 ffff  frame 540 pc ff833480 blit 490197 late 0 skip 0 snd_stalls 1 snd_pc ffff unimpl 0
cyc 105222 bal      1  in0 ffff in1 ffff  frame 541 pc ff8205b0 blit 489063 late 0 skip 0 snd_stalls 1 snd_pc dd7b unimpl 0
cyc 105251 bal      1  in0 ffff in1 ffff  frame 542 pc ff833480 blit 489248 late 0 skip 0 snd_stalls 1 snd_pc ffff unimpl 0
cyc 105252 bal      1  in0 ffff in1 ffff  frame 543 pc ff8205b0 blit 489328 late 0 skip 0 snd_stalls 1 snd_pc dd82 unimpl 0
cyc 105263 bal      3  in0 ffff in1 ffff  frame 544 pc ff8205b0 blit 490204 late 0 skip 0 snd_stalls 1 snd_pc 1ffd unimpl 0
cyc 105203 bal      1  in0 ffff in1 ffff  frame 545 pc ff833430 blit 490066 late 0 skip 0 snd_stalls 1 snd_pc ffff unimpl 0
cyc 105260 bal      4  in0 ffff in1 ffff  frame 546 pc ff8204a0 blit 490166 late 0 skip 0 snd_stalls 1 snd_pc dd97 unimpl 0
cyc 105198 bal      0  in0 ffff in1 ffff  frame 547 pc ff8205b0 blit 488449 late 0 skip 0 snd_stalls 1 snd_pc dc16 unimpl 0
cyc 105243 bal      2  in0 ffff in1 ffff  frame 548 pc ff8205b0 blit 489785 late 0 skip 0 snd_stalls 1 snd_pc dd8e unimpl 0
cyc 105235 bal      0  in0 ffff in1 ffff  frame 549 pc ff8205b0 blit 487874 late 0 skip 0 snd_stalls 1 snd_pc ffff unimpl 0
cyc 105157 bal      0  in0 ffff in1 ffff  frame 550 pc ff833460 blit 490689 late 0 skip 0 snd_stalls 1 snd_pc 1ffe unimpl 0
cyc  54491 bal    -64  in0 ffff in1 ffff  frame 551 pc ff824be0 blit 0 late 0 skip 0 snd_stalls 1 snd_pc f538 unimpl 0
cyc  59230 bal    -64  in0 ffff in1 ffff  frame 552 pc ff824c00 blit 0 late 0 skip 0 snd_stalls 1 snd_pc 0238 unimpl 0
cyc  59255 bal    -63  in0 ffff in1 ffff  frame 553 pc ff824d80 blit 0 late 0 skip 0 snd_stalls 1 snd_pc 2400 unimpl 0
cyc  59263 bal    -62  in0 ffff in1 ffff  frame 554 pc ff824da0 blit 0 late 0 skip 0 snd_stalls 1 snd_pc ffff unimpl 0
cyc  90005 bal    -56  in0 ffff in1 ffff  frame 555 pc ff825090 blit 0 late 0 skip 0 snd_stalls 1 snd_pc dd94 unimpl 0
cyc  90981 bal    -56  in0 ffff in1 ffff  frame 556 pc ff825090 blit 0 late 0 skip 0 snd_stalls 1 snd_pc ffff unimpl 0
cyc  90884 bal    -62  in0 ffff in1 ffff  frame 557 pc ff8250a0 blit 0 late 0 skip 0 snd_stalls 1 snd_pc 023b unimpl 0
cyc 107101 bal      0  in0 ffff in1 ffff  frame 558 pc ff820590 blit 0 late 0 skip 0 snd_stalls 1 snd_pc 04ce unimpl 0
cyc  87881 bal    -63  in0 ffff in1 ffff  frame 559 pc ff825420 blit 0 late 0 skip 0 snd_stalls 1 snd_pc dc1d unimpl 0
cyc  95544 bal    -62  in0 ffff in1 ffff  frame 560 pc ff8253f0 blit 0 late 0 skip 0 snd_stalls 1 snd_pc 0201 unimpl 0
cyc 105581 bal      2  in0 ffff in1 ffff  frame 561 pc ff8205b0 blit 0 late 0 skip 0 snd_stalls 1 snd_pc 1ffd unimpl 0
cyc 105379 bal     -3  in0 ffff in1 ffff  frame 562 pc ff8258a0 blit 0 late 0 skip 0 snd_stalls 1 snd_pc 1ffb unimpl 0
cyc 114210 bal      1  in0 ffff in1 ffff  frame 563 pc ff825860 blit 0 late 0 skip 0 snd_stalls 1 snd_pc ffff unimpl 0
cyc 114225 bal     -1  in0 ffff in1 ffff  frame 564 pc ff825890 blit 0 late 0 skip 0 snd_stalls 1 snd_pc ffff unimpl 0
cyc 114227 bal      1  in0 ffff in1 ffff  frame 565 pc ff820480 blit 0 late 0 skip 0 snd_stalls 1 snd_pc dd81 unimpl 0
cyc 105382 bal      0  in0 ffff in1 ffff  frame 566 pc ff825920 blit 0 late 0 skip 0 snd_stalls 1 snd_pc 0218 unimpl 0
cyc 114207 bal     -1  in0 ffff in1 ffff  frame 567 pc ff825940 blit 0 late 0 skip 0 snd_stalls 1 snd_pc ffff unimpl 0
cyc 114228 bal      0  in0 ffff in1 ffff  frame 568 pc ff825890 blit 0 late 0 skip 0 snd_stalls 1 snd_pc 02ba unimpl 0
cyc 114226 bal      0  in0 ffff in1 ffff  frame 569 pc ff8205b0 blit 0 late 0 skip 0 snd_stalls 1 snd_pc dc09 unimpl 0
cyc 105386 bal     -1  in0 ffff in1 ffff  frame 570 pc ff8258e0 blit 0 late 0 skip 0 snd_stalls 1 snd_pc ffff unimpl 0
cyc 114207 bal      0  in0 ffff in1 ffff  frame 571 pc ff825930 blit 0 late 0 skip 0 snd_stalls 1 snd_pc 1ffe unimpl 0
cyc 114229 bal      2  in0 ffff in1 ffff  frame 572 pc ff820480 blit 0 late 0 skip 0 snd_stalls 1 snd_pc ffff unimpl 0
cyc 105379 bal      0  in0 ffff in1 ffff  frame 573 pc ff825880 blit 0 late 0 skip 0 snd_stalls 1 snd_pc dd9a unimpl 0
cyc 114206 bal     -2  in0 ffff in1 ffff  frame 574 pc ff825920 blit 0 late 0 skip 0 snd_stalls 1 snd_pc dc09 unimpl 0
cyc 114228 bal      0  in0 ffff in1 ffff  frame 575 pc ff820460 blit 0 late 0 skip 0 snd_stalls 1 snd_pc dd83 unimpl 0
cyc 105385 bal     -1  in0 ffff in1 ffff  frame 576 pc ff8258f0 blit 0 late 0 skip 0 snd_stalls 1 snd_pc dc3d unimpl 0
cyc 114209 bal      1  in0 ffff in1 ffff  frame 577 pc ff833420 blit 0 late 0 skip 0 snd_stalls 1 snd_pc 0200 unimpl 0
cyc 105379 bal     -3  in0 ffff in1 ffff  frame 578 pc ff8258e0 blit 0 late 0 skip 0 snd_stalls 1 snd_pc ffff unimpl 0
cyc 114210 bal      0  in0 ffff in1 ffff  frame 579 pc ff820410 blit 0 late 0 skip 0 snd_stalls 1 snd_pc dc07 unimpl 0
cyc 105385 bal     -3  in0 ffff in1 ffff  frame 580 pc ff8258e0 blit 0 late 0 skip 0 snd_stalls 1 snd_pc dd98 unimpl 0
cyc 114209 bal      0  in0 ffff in1 ffff  frame 581 pc ff820560 blit 0 late 0 skip 0 snd_stalls 1 snd_pc 022a unimpl 0
cyc 105378 bal     -3  in0 ffff in1 ffff  frame 582 pc ff8258b0 blit 0 late 0 skip 0 snd_stalls 1 snd_pc dd8f unimpl 0
cyc 114213 bal      2  in0 ffff in1 ffff  frame 583 pc ff8205b0 blit 0 late 0 skip 0 snd_stalls 1 snd_pc ffff unimpl 0
cyc 105387 bal      2  in0 ffff in1 ffff  frame 584 pc ff820430 blit 0 late 0 skip 0 snd_stalls 1 snd_pc ffff unimpl 0
cyc 105378 bal     -1  in0 ffff in1 ffff  frame 585 pc ff8205c0 blit 0 late 0 skip 0 snd_stalls 1 snd_pc dd7b unimpl 0
cyc 105389 bal      2  in0 ffff in1 ffff  frame 586 pc ff820480 blit 0 late 0 skip 0 snd_stalls 1 snd_pc ffff unimpl 0
cyc 105382 bal      2  in0 ffff in1 ffff  frame 587 pc ff833480 blit 0 late 0 skip 0 snd_stalls 1 snd_pc dd87 unimpl 0
cyc 105383 bal      0  in0 ffff in1 ffff  frame 588 pc ff820460 blit 0 late 0 skip 0 snd_stalls 1 snd_pc f521 unimpl 0
cyc 105385 bal      5  in0 ffff in1 ffff  frame 589 pc ff8205d0 blit 0 late 0 skip 0 snd_stalls 1 snd_pc 1ffd unimpl 0
cyc 105383 bal      4  in0 ffff in1 ffff  frame 590 pc ff8205d0 blit 0 late 0 skip 0 snd_stalls 1 snd_pc dd97 unimpl 0
cyc 105380 bal      2  in0 ffff in1 ffff  frame 591 pc ff833480 blit 0 late 0 skip 0 snd_stalls 1 snd_pc ffff unimpl 0
cyc 105385 bal      2  in0 ffff in1 ffff  frame 592 pc ff820480 blit 0 late 0 skip 0 snd_stalls 1 snd_pc ffff unimpl 0
cyc 105382 bal      4  in0 ffff in1 ffff  frame 593 pc ff8204a0 blit 0 late 0 skip 0 snd_stalls 1 snd_pc 1ffb unimpl 0
cyc 105382 bal      1  in0 ffff in1 ffff  frame 594 pc ff8205b0 blit 0 late 0 skip 0 snd_stalls 1 snd_pc dd93 unimpl 0
cyc 105384 bal      5  in0 ffff in1 ffff  frame 595 pc ff8205d0 blit 0 late 0 skip 0 snd_stalls 1 snd_pc dd9a unimpl 0
cyc 105384 bal      1  in0 ffff in1 ffff  frame 596 pc ff833430 blit 0 late 0 skip 0 snd_stalls 1 snd_pc ffff unimpl 0
cyc 105381 bal      0  in0 ffff in1 ffff  frame 597 pc ff8205a0 blit 0 late 0 skip 0 snd_stalls 1 snd_pc dd85 unimpl 0
cyc 105387 bal      0  in0 ffff in1 ffff  frame 598 pc ff8205a0 blit 0 late 0 skip 0 snd_stalls 1 snd_pc dc3f unimpl 0
cyc 105381 bal      2  in0 ffff in1 ffff  frame 599 pc ff833430 blit 0 late 0 skip 0 snd_stalls 1 snd_pc ffff unimpl 0
cyc 105384 bal      2  in0 ffff in1 ffff  frame 600 pc ff833480 blit 0 late 0 skip 0 snd_stalls 1 snd_pc 02ba unimpl 0
cyc 105380 bal      0  in0 ffff in1 ffff  frame 601 pc ff8204c0 blit 0 late 0 skip 0 snd_stalls 1 snd_pc dd87 unimpl 0
cyc 105390 bal      3  in0 ffff in1 ffff  frame 602 pc ff8205b0 blit 0 late 0 skip 0 snd_stalls 1 snd_pc dd7c unimpl 0
cyc 105382 bal      2  in0 ffff in1 ffff  frame 603 pc ff820480 blit 0 late 0 skip 0 snd_stalls 1 snd_pc 022a unimpl 0
cyc 105386 bal      0  in0 ffff in1 ffff  frame 604 pc ff820570 blit 0 late 0 skip 0 snd_stalls 1 snd_pc 0218 unimpl 0
cyc 105381 bal      1  in0 ffff in1 ffff  frame 605 pc ff8204b0 blit 0 late 0 skip 0 snd_stalls 1 snd_pc dd7d unimpl 0
cyc 105389 bal      2  in0 ffff in1 ffff  frame 606 pc ff833480 blit 0 late 0 skip 0 snd_stalls 1 snd_pc dd83 unimpl 0
cyc 105382 bal      4  in0 ffff in1 ffff  frame 607 pc ff8204a0 blit 0 late 0 skip 0 snd_stalls 1 snd_pc ffff unimpl 0
cyc 105384 bal      1  in0 ffff in1 ffff  frame 608 pc ff820480 blit 0 late 0 skip 0 snd_stalls 1 snd_pc dc1e unimpl 0
cyc 105381 bal      1  in0 ffff in1 ffff  frame 609 pc ff8205a0 blit 0 late 0 skip 0 snd_stalls 1 snd_pc dd89 unimpl 0
cyc 105383 bal      1  in0 ffff in1 ffff  frame 610 pc ff833480 blit 0 late 0 skip 0 snd_stalls 1 snd_pc f537 unimpl 0
cyc 104907 bal      1  in0 ffff in1 ffff  frame 611 pc ff82e170 blit 0 late 0 skip 0 snd_stalls 1 snd_pc 1ffc unimpl 0
cyc  43497 bal    -64  in0 ffff in1 ffff  frame 612 pc ff820c70 blit 0 late 0 skip 0 snd_stalls 1 snd_pc 1ffd unimpl 0
cyc  43221 bal    -63  in0 ffff in1 ffff  frame 613 pc ff820c80 blit 0 late 0 skip 0 snd_stalls 1 snd_pc dc1c unimpl 0
cyc  43203 bal    -64  in0 ffff in1 ffff  frame 614 pc ff820c70 blit 0 late 0 skip 0 snd_stalls 1 snd_pc f539 unimpl 0
cyc 111653 bal      4  in0 ffff in1 ffff  frame 615 pc ff82e1a0 blit 0 late 0 skip 0 snd_stalls 1 snd_pc ffff unimpl 0
cyc 113867 bal      0  in0 ffff in1 ffff  frame 616 pc ff82e1a0 blit 0 late 0 skip 0 snd_stalls 1 snd_pc 0217 unimpl 0
cyc  43495 bal    -62  in0 ffff in1 ffff  frame 617 pc ff820c60 blit 0 late 0 skip 0 snd_stalls 1 snd_pc dd7f unimpl 0
cyc  43200 bal    -62  in0 ffff in1 ffff  frame 618 pc ff820c70 blit 0 late 0 skip 0 snd_stalls 1 snd_pc dc16 unimpl 0
cyc  43201 bal    -64  in0 ffff in1 ffff  frame 619 pc ff820c70 blit 0 late 0 skip 0 snd_stalls 1 snd_pc dd8a unimpl 0
cyc 111677 bal      3  in0 ffff in1 ffff  frame 620 pc ff82e1a0 blit 0 late 0 skip 0 snd_stalls 1 snd_pc dc3e unimpl 0
cyc 114225 bal      1  in0 ffff in1 ffff  frame 621 pc ff820400 blit 0 late 0 skip 0 snd_stalls 1 snd_pc ffff unimpl 0
cyc 105385 bal      1  in0 ffff in1 ffff  frame 622 pc ff8205b0 blit 0 late 0 skip 0 snd_stalls 1 snd_pc 04ce unimpl 0
cyc 105327 bal      1  in0 ffff in1 ffff  frame 623 pc ff821460 blit 0 late 0 skip 0 snd_stalls 1 snd_pc 0238 unimpl 0
cyc 114230 bal      3  in0 ffff in1 ffff  frame 624 pc ff821460 blit 0 late 0 skip 0 snd_stalls 1 snd_pc ffff unimpl 0
cyc 114229 bal      3  in0 ffff in1 ffff  frame 625 pc ff821410 blit 0 late 0 skip 0 snd_stalls 1 snd_pc 023b unimpl 0
cyc 114241 bal     17  in0 ffff in1 ffff  frame 626 pc ff832ee0 blit 0 late 0 skip 0 snd_stalls 1 snd_pc ffff unimpl 0
cyc 114212 bal      1  in0 ffff in1 ffff  frame 627 pc ff820480 blit 0 late 0 skip 0 snd_stalls 1 snd_pc f53b unimpl 0
cyc 105279 bal      3  in0 ffff in1 ffff  frame 628 pc ff820480 blit 109251 late 0 skip 0 snd_stalls 1 snd_pc dc07 unimpl 0
cyc 105335 bal      1  in0 ffff in1 ffff  frame 629 pc ff82e560 blit 108882 late 0 skip 0 snd_stalls 1 snd_pc dd88 unimpl 0
cyc 114227 bal      2  in0 ffff in1 ffff  frame 630 pc ff820570 blit 0 late 0 skip 0 snd_stalls 1 snd_pc dc21 unimpl 0
cyc 105339 bal     -1  in0 ffff in1 ffff  frame 631 pc ff8205b0 blit 108238 late 0 skip 0 snd_stalls 1 snd_pc ffff unimpl 0
cyc 105344 bal      2  in0 ffff in1 ffff  frame 632 pc ff8204a0 blit 107834 late 0 skip 0 snd_stalls 1 snd_pc f538 unimpl 0
cyc 105340 bal      0  in0 ffff in1 ffff  frame 633 pc ff820580 blit 107732 late 0 skip 0 snd_stalls 1 snd_pc ffff unimpl 0
cyc 105337 bal     -1  in0 ffff in1 ffff  frame 634 pc ff8205c0 blit 107907 late 0 skip 0 snd_stalls 1 snd_pc dd7a unimpl 0
cyc 105345 bal      2  in0 ffff in1 ffff  frame 635 pc ff8204a0 blit 108543 late 0 skip 0 snd_stalls 1 snd_pc 2401 unimpl 0
cyc 105340 bal      0  in0 ffff in1 ffff  frame 636 pc ff8205b0 blit 107984 late 0 skip 0 snd_stalls 1 snd_pc dd90 unimpl 0
cyc 105343 bal      1  in0 ffff in1 ffff  frame 637 pc ff820480 blit 108207 late 0 skip 0 snd_stalls 1 snd_pc 0218 unimpl 0
cyc 105338 bal      0  in0 ffff in1 ffff  frame 638 pc ff8204d0 blit 108454 late 0 skip 0 snd_stalls 1 snd_pc ffff unimpl 0
cyc 105343 bal      2  in0 ffff in1 ffff  frame 639 pc ff8205b0 blit 109172 late 0 skip 0 snd_stalls 1 snd_pc dd96 unimpl 0
cyc 105339 bal      0  in0 ffff in1 ffff  frame 640 pc ff820490 blit 107869 late 0 skip 0 snd_stalls 1 snd_pc 2400 unimpl 0
cyc 105342 bal      0  in0 ffff in1 ffff  frame 641 pc ff8204e0 blit 108828 late 0 skip 0 snd_stalls 1 snd_pc dd8d unimpl 0
cyc 105339 bal      1  in0 ffff in1 ffff  frame 642 pc ff8205b0 blit 108074 late 0 skip 0 snd_stalls 1 snd_pc dd96 unimpl 0
cyc 105340 bal      2  in0 ffff in1 ffff  frame 643 pc ff820480 blit 108582 late 0 skip 0 snd_stalls 1 snd_pc ffff unimpl 0
cyc 105337 bal      0  in0 ffff in1 ffff  frame 644 pc ff8204c0 blit 108271 late 0 skip 0 snd_stalls 1 snd_pc dd8e unimpl 0
cyc 105340 bal      0  in0 ffff in1 ffff  frame 645 pc ff8205a0 blit 109243 late 0 skip 0 snd_stalls 1 snd_pc dc0a unimpl 0
cyc 105341 bal      0  in0 ffff in1 ffff  frame 646 pc ff820490 blit 107583 late 0 skip 0 snd_stalls 1 snd_pc dd84 unimpl 0
cyc 105342 bal      0  in0 ffff in1 ffff  frame 647 pc ff8204e0 blit 108800 late 0 skip 0 snd_stalls 1 snd_pc 023c unimpl 0
cyc 105341 bal      1  in0 ffff in1 ffff  frame 648 pc ff8205b0 blit 107373 late 0 skip 0 snd_stalls 1 snd_pc ffff unimpl 0
cyc 105341 bal      4  in0 ffff in1 ffff  frame 649 pc ff820480 blit 107116 late 0 skip 0 snd_stalls 1 snd_pc ffff unimpl 0
cyc 105337 bal      1  in0 ffff in1 ffff  frame 650 pc ff8204c0 blit 108230 late 0 skip 0 snd_stalls 1 snd_pc dc08 unimpl 0
cyc 105341 bal      0  in0 ffff in1 ffff  frame 651 pc ff8205a0 blit 107609 late 0 skip 0 snd_stalls 1 snd_pc 2400 unimpl 0
cyc 105345 bal      4  in0 ffff in1 ffff  frame 652 pc ff8204a0 blit 107458 late 0 skip 0 snd_stalls 1 snd_pc dd99 unimpl 0
cyc 105338 bal      1  in0 ffff in1 ffff  frame 653 pc ff820560 blit 109228 late 0 skip 0 snd_stalls 1 snd_pc dd8f unimpl 0
cyc 105338 bal     -2  in0 ffff in1 ffff  frame 654 pc ff8205c0 blit 107470 late 0 skip 0 snd_stalls 1 snd_pc f53d unimpl 0
cyc 105345 bal      4  in0 ffff in1 ffff  frame 655 pc ff8204a0 blit 107975 late 0 skip 0 snd_stalls 1 snd_pc dc06 unimpl 0
cyc 105336 bal      0  in0 ffff in1 ffff  frame 656 pc ff8204f0 blit 108308 late 0 skip 0 snd_stalls 1 snd_pc dd7b unimpl 0
cyc 105342 bal      1  in0 ffff in1 ffff  frame 657 pc ff8205b0 blit 109184 late 0 skip 0 snd_stalls 1 snd_pc dc1f unimpl 0
cyc 105342 bal      3  in0 ffff in1 ffff  frame 658 pc ff8204a0 blit 107592 late 0 skip 0 snd_stalls 1 snd_pc dd88 unimpl 0
cyc 105337 bal      0  in0 ffff in1 ffff  frame 659 pc ff8204f0 blit 109130 late 0 skip 0 snd_stalls 1 snd_pc f53b unimpl 0
cyc 105341 bal     -1  in0 ffff in1 ffff  frame 660 pc ff820470 blit 107939 late 0 skip 0 snd_stalls 1 snd_pc dd8c unimpl 0
cyc 105345 bal      3  in0 ffff in1 ffff  frame 661 pc ff8204a0 blit 108905 late 0 skip 0 snd_stalls 1 snd_pc 0201 unimpl 0
cyc 105385 bal      1  in0 ffff in1 ffff  frame 662 pc ff8204a0 blit 107359 late 0 skip 0 snd_stalls 1 snd_pc 2400 unimpl 0
cyc 105388 bal      0  in0 ffff in1 ffff  frame 663 pc ff8204b0 blit 107148 late 0 skip 0 snd_stalls 1 snd_pc ffff unimpl 0
cyc 105386 bal      0  in0 ffff in1 ffff  frame 664 pc ff8204c0 blit 107654 late 0 skip 0 snd_stalls 1 snd_pc 1ffd unimpl 0
cyc 105386 bal      0  in0 ffff in1 ffff  frame 665 pc ff8204b0 blit 106346 late 0 skip 0 snd_stalls 1 snd_pc ffff unimpl 0
cyc 105386 bal      1  in0 ffff in1 ffff  frame 666 pc ff8204c0 blit 107129 late 0 skip 0 snd_stalls 1 snd_pc 2401 unimpl 0
cyc 105386 bal      0  in0 ffff in1 ffff  frame 667 pc ff8204a0 blit 106543 late 0 skip 0 snd_stalls 1 snd_pc dc15 unimpl 0
cyc 105387 bal      0  in0 ffff in1 ffff  frame 668 pc ff8204e0 blit 107786 late 0 skip 0 snd_stalls 1 snd_pc 2400 unimpl 0
cyc 105389 bal      1  in0 ffff in1 ffff  frame 669 pc ff820560 blit 106766 late 0 skip 0 snd_stalls 1 snd_pc dd7b unimpl 0
cyc 105387 bal      0  in0 ffff in1 ffff  frame 670 pc ff820580 blit 108115 late 0 skip 0 snd_stalls 1 snd_pc dd94 unimpl 0
cyc 105387 bal      0  in0 ffff in1 ffff  frame 671 pc ff820590 blit 106685 late 0 skip 0 snd_stalls 1 snd_pc ffff unimpl 0
cyc 105387 bal      1  in0 ffff in1 ffff  frame 672 pc ff820580 blit 107605 late 0 skip 0 snd_stalls 1 snd_pc 0238 unimpl 0
cyc 105389 bal      0  in0 ffff in1 ffff  frame 673 pc ff8205a0 blit 107668 late 0 skip 0 snd_stalls 1 snd_pc 04ce unimpl 0
cyc 105387 bal      2  in0 ffff in1 ffff  frame 674 pc ff8205b0 blit 106516 late 0 skip 0 snd_stalls 1 snd_pc 04cf unimpl 0
cyc 105387 bal      2  in0 ffff in1 ffff  frame 675 pc ff8205b0 blit 106981 late 0 skip 0 snd_stalls 1 snd_pc dd92 unimpl 0
cyc 105384 bal      0  in0 ffff in1 ffff  frame 676 pc ff8205b0 blit 107265 late 0 skip 0 snd_stalls 1 snd_pc ffff unimpl 0
cyc 105388 bal      0  in0 ffff in1 ffff  frame 677 pc ff8205b0 blit 107669 late 0 skip 0 snd_stalls 1 snd_pc 023b unimpl 0
cyc 105391 bal      4  in0 ffff in1 ffff  frame 678 pc ff820480 blit 107617 late 0 skip 0 snd_stalls 1 snd_pc ffff unimpl 0
cyc 105387 bal      2  in0 ffff in1 ffff  frame 679 pc ff820480 blit 106454 late 0 skip 0 snd_stalls 1 snd_pc dd97 unimpl 0
cyc 105386 bal      3  in0 ffff in1 ffff  frame 680 pc ff820480 blit 106991 late 0 skip 0 snd_stalls 1 snd_pc dd88 unimpl 0
cyc 105388 bal      4  in0 ffff in1 ffff  frame 681 pc ff820480 blit 106417 late 0 skip 0 snd_stalls 1 snd_pc f537 unimpl 0
cyc 105384 bal      4  in0 ffff in1 ffff  frame 682 pc ff820480 blit 106897 late 0 skip 0 snd_stalls 1 snd_pc fff6 unimpl 0
cyc 105381 bal     -1  in0 ffff in1 ffff  frame 683 pc ff820460 blit 108567 late 0 skip 0 snd_stalls 1 snd_pc dd79 unimpl 0
cyc 105390 bal      2  in0 ffff in1 ffff  frame 684 pc ff820480 blit 106944 late 0 skip 0 snd_stalls 1 snd_pc dc1e unimpl 0
cyc 105387 bal      2  in0 ffff in1 ffff  frame 685 pc ff820480 blit 106797 late 0 skip 0 snd_stalls 1 snd_pc dd93 unimpl 0
cyc 105390 bal      4  in0 ffff in1 ffff  frame 686 pc ff8204a0 blit 107971 late 0 skip 0 snd_stalls 1 snd_pc f51e unimpl 0
cyc 105382 bal      1  in0 ffff in1 ffff  frame 687 pc ff820480 blit 108437 late 0 skip 0 snd_stalls 1 snd_pc 1ffb unimpl 0
cyc 105386 bal      0  in0 ffff in1 ffff  frame 688 pc ff820490 blit 106413 late 0 skip 0 snd_stalls 1 snd_pc 1ffe unimpl 0
cyc 105392 bal      3  in0 ffff in1 ffff  frame 689 pc ff8204a0 blit 106882 late 0 skip 0 snd_stalls 1 snd_pc 02ba unimpl 0
cyc 105384 bal      2  in0 ffff in1 ffff  frame 690 pc ff8204a0 blit 106644 late 0 skip 0 snd_stalls 1 snd_pc dd91 unimpl 0
cyc 105388 bal      2  in0 ffff in1 ffff  frame 691 pc ff8204a0 blit 106989 late 0 skip 0 snd_stalls 1 snd_pc ffff unimpl 0
cyc 105387 bal      0  in0 ffff in1 ffff  frame 692 pc ff8204d0 blit 108166 late 0 skip 0 snd_stalls 1 snd_pc dd91 unimpl 0
cyc 105386 bal      0  in0 ffff in1 ffff  frame 693 pc ff8204d0 blit 106575 late 0 skip 0 snd_stalls 1 snd_pc ffff unimpl 0
cyc 105386 bal      0  in0 ffff in1 ffff  frame 694 pc ff8204f0 blit 107600 late 0 skip 0 snd_stalls 1 snd_pc dc09 unimpl 0
cyc 105387 bal      0  in0 ffff in1 ffff  frame 695 pc ff8204e0 blit 106418 late 0 skip 0 snd_stalls 1 snd_pc dd86 unimpl 0
cyc 105385 bal      0  in0 ffff in1 ffff  frame 696 pc ff8204c0 blit 107016 late 0 skip 0 snd_stalls 1 snd_pc dc3e unimpl 0
cyc 105386 bal      0  in0 ffff in1 ffff  frame 697 pc ff8204c0 blit 107129 late 0 skip 0 snd_stalls 1 snd_pc dd91 unimpl 0
cyc 105388 bal      1  in0 ffff in1 ffff  frame 698 pc ff820560 blit 107883 late 0 skip 0 snd_stalls 1 snd_pc ffff unimpl 0
cyc 105386 bal      0  in0 ffff in1 ffff  frame 699 pc ff8204e0 blit 106948 late 0 skip 0 snd_stalls 1 snd_pc 0238 unimpl 0
cyc 105386 bal      0  in0 ffff in1 ffff  frame 700 pc ff820570 blit 107446 late 0 skip 0 snd_stalls 1 snd_pc dd81 unimpl 0
cyc 105389 bal      1  in0 ffff in1 ffff  frame 701 pc ff820570 blit 107219 late 0 skip 0 snd_stalls 1 snd_pc dc21 unimpl 0
cyc 105387 bal      0  in0 ffff in1 ffff  frame 702 pc ff8205a0 blit 107899 late 0 skip 0 snd_stalls 1 snd_pc 0219 unimpl 0
cyc 105386 bal      0  in0 ffff in1 ffff  frame 703 pc ff8205a0 blit 106906 late 0 skip 0 snd_stalls 1 snd_pc f53c unimpl 0
cyc 105385 bal      1  in0 ffff in1 ffff  frame 704 pc ff820580 blit 106817 late 0 skip 0 snd_stalls 1 snd_pc ffff unimpl 0
cyc 105385 bal      0  in0 ffff in1 ffff  frame 705 pc ff820560 blit 106935 late 0 skip 0 snd_stalls 1 snd_pc 2401 unimpl 0
cyc 105386 bal      0  in0 ffff in1 ffff  frame 706 pc ff820580 blit 107741 late 0 skip 0 snd_stalls 1 snd_pc dc20 unimpl 0
cyc 105389 bal      2  in0 ffff in1 ffff  frame 707 pc ff820480 blit 106765 late 0 skip 0 snd_stalls 1 snd_pc ffff unimpl 0
cyc 105386 bal      2  in0 ffff in1 ffff  frame 708 pc ff820480 blit 106586 late 0 skip 0 snd_stalls 1 snd_pc f538 unimpl 0
cyc 105387 bal      3  in0 ffff in1 ffff  frame 709 pc ff820480 blit 107025 late 0 skip 0 snd_stalls 1 snd_pc 1ffd unimpl 0
cyc 105384 bal      1  in0 ffff in1 ffff  frame 710 pc ff820480 blit 107052 late 0 skip 0 snd_stalls 1 snd_pc dd9a unimpl 0
cyc 105392 bal      4  in0 ffff in1 ffff  frame 711 pc ff8204a0 blit 108014 late 0 skip 0 snd_stalls 1 snd_pc 2400 unimpl 0
cyc 105386 bal      3  in0 ffff in1 ffff  frame 712 pc ff8204a0 blit 107018 late 0 skip 0 snd_stalls 1 snd_pc dd80 unimpl 0
cyc 105385 bal      2  in0 ffff in1 ffff  frame 713 pc ff8204a0 blit 106749 late 0 skip 0 snd_stalls 1 snd_pc 0218 unimpl 0
cyc 105387 bal      1  in0 ffff in1 ffff  frame 714 pc ff8204a0 blit 108187 late 0 skip 0 snd_stalls 1 snd_pc ffff unimpl 0
cyc 105385 bal      0  in0 ffff in1 ffff  frame 715 pc ff820480 blit 106403 late 0 skip 0 snd_stalls 1 snd_pc dd80 unimpl 0
cyc 105392 bal      4  in0 ffff in1 ffff  frame 716 pc ff8204a0 blit 106998 late 0 skip 0 snd_stalls 1 snd_pc dc15 unimpl 0
cyc 105385 bal      4  in0 ffff in1 ffff  frame 717 pc ff820480 blit 108369 late 0 skip 0 snd_stalls 1 snd_pc dd82 unimpl 0
cyc 105387 bal      4  in0 ffff in1 ffff  frame 718 pc ff820480 blit 107032 late 0 skip 0 snd_stalls 1 snd_pc 1ffd unimpl 0
cyc 105384 bal      0  in0 ffff in1 ffff  frame 719 pc ff8205b0 blit 106481 late 0 skip 0 snd_stalls 1 snd_pc ffff unimpl 0
cyc 105386 bal      1  in0 ffff in1 ffff  frame 720 pc ff8205a0 blit 107233 late 0 skip 0 snd_stalls 1 snd_pc dd9a unimpl 0
cyc 105387 bal      0  in0 ffff in1 ffff  frame 721 pc ff820570 blit 106843 late 0 skip 0 snd_stalls 1 snd_pc dc0a unimpl 0
cyc 105388 bal      0  in0 ffff in1 ffff  frame 722 pc ff820590 blit 108025 late 0 skip 0 snd_stalls 1 snd_pc dd7a unimpl 0
cyc 105386 bal      0  in0 ffff in1 ffff  frame 723 pc ff8204f0 blit 106300 late 0 skip 0 snd_stalls 1 snd_pc 023c unimpl 0
cyc 105389 bal      1  in0 ffff in1 ffff  frame 724 pc ff820560 blit 107917 late 0 skip 0 snd_stalls 1 snd_pc dd99 unimpl 0
cyc 105388 bal      0  in0 ffff in1 ffff  frame 725 pc ff8204e0 blit 107662 late 0 skip 0 snd_stalls 1 snd_pc f53c unimpl 0
cyc 105387 bal      0  in0 ffff in1 ffff  frame 726 pc ff8204e0 blit 107368 late 0 skip 0 snd_stalls 1 snd_pc 023c unimpl 0
cyc 105390 bal      0  in0 ffff in1 ffff  frame 727 pc ff8204d0 blit 107124 late 0 skip 0 snd_stalls 1 snd_pc dd86 unimpl 0
cyc 105388 bal      0  in0 ffff in1 ffff  frame 728 pc ff8204c0 blit 108170 late 0 skip 0 snd_stalls 1 snd_pc 1ffe unimpl 0
cyc 105388 bal      1  in0 ffff in1 ffff  frame 729 pc ff8204a0 blit 106703 late 0 skip 0 snd_stalls 1 snd_pc ffff unimpl 0
cyc 105387 bal      1  in0 ffff in1 ffff  frame 730 pc ff8204a0 blit 107934 late 0 skip 0 snd_stalls 1 snd_pc f522 unimpl 0
cyc 105391 bal      4  in0 ffff in1 ffff  frame 731 pc ff8204a0 blit 106877 late 0 skip 0 snd_stalls 1 snd_pc dd82 unimpl 0
cyc 105387 bal      3  in0 ffff in1 ffff  frame 732 pc ff8204a0 blit 107463 late 0 skip 0 snd_stalls 1 snd_pc dd9a unimpl 0
cyc 105385 bal      3  in0 ffff in1 ffff  frame 733 pc ff820480 blit 108152 late 0 skip 0 snd_stalls 1 snd_pc ffff unimpl 0
cyc 105387 bal      2  in0 ffff in1 ffff  frame 734 pc ff820480 blit 107673 late 0 skip 0 snd_stalls 1 snd_pc f53a unimpl 0
cyc 105390 bal      3  in0 ffff in1 ffff  frame 735 pc ff820480 blit 107300 late 0 skip 0 snd_stalls 1 snd_pc 1ffd unimpl 0
cyc 105382 bal     -1  in0 ffff in1 ffff  frame 736 pc ff8205c0 blit 107069 late 0 skip 0 snd_stalls 1 snd_pc f51f unimpl 0
cyc 105388 bal      0  in0 ffff in1 ffff  frame 737 pc ff8205a0 blit 108220 late 0 skip 0 snd_stalls 1 snd_pc f53d unimpl 0
cyc 105385 bal      0  in0 ffff in1 ffff  frame 738 pc ff820590 blit 106529 late 0 skip 0 snd_stalls 1 snd_pc dc1a unimpl 0
cyc 105387 bal      1  in0 ffff in1 ffff  frame 739 pc ff820560 blit 106325 late 0 skip 0 snd_stalls 1 snd_pc ffff unimpl 0
cyc 105386 bal      0  in0 ffff in1 ffff  frame 740 pc ff8204e0 blit 107627 late 0 skip 0 snd_stalls 1 snd_pc ffff unimpl 0
cyc 105389 bal      0  in0 ffff in1 ffff  frame 741 pc ff8204e0 blit 107263 late 0 skip 0 snd_stalls 1 snd_pc 1ffd unimpl 0
cyc 105388 bal      0  in0 ffff in1 ffff  frame 742 pc ff8204f0 blit 107780 late 0 skip 0 snd_stalls 1 snd_pc 2401 unimpl 0
cyc 105388 bal      0  in0 ffff in1 ffff  frame 743 pc ff8204b0 blit 106904 late 0 skip 0 snd_stalls 1 snd_pc dc15 unimpl 0
cyc 105388 bal      2  in0 ffff in1 ffff  frame 744 pc ff8204a0 blit 107675 late 0 skip 0 snd_stalls 1 snd_pc 0216 unimpl 0
cyc 105390 bal      3  in0 ffff in1 ffff  frame 745 pc ff8204a0 blit 107408 late 0 skip 0 snd_stalls 1 snd_pc dc3f unimpl 0
cyc 105387 bal      5  in0 ffff in1 ffff  frame 746 pc ff8204a0 blit 106857 late 0 skip 0 snd_stalls 1 snd_pc dd99 unimpl 0
cyc 105385 bal      3  in0 ffff in1 ffff  frame 747 pc ff820480 blit 108559 late 0 skip 0 snd_stalls 1 snd_pc f521 unimpl 0
cyc 105380 bal     -1  in0 ffff in1 ffff  frame 748 pc ff8205b0 blit 106332 late 0 skip 0 snd_stalls 1 snd_pc 0238 unimpl 0
cyc 105391 bal      3  in0 ffff in1 ffff  frame 749 pc ff8205b0 blit 108522 late 0 skip 0 snd_stalls 1 snd_pc 0218 unimpl 0
cyc 105387 bal      2  in0 ffff in1 ffff  frame 750 pc ff8205b0 blit 107710 late 0 skip 0 snd_stalls 1 snd_pc dc3d unimpl 0
cyc 105384 bal      0  in0 ffff in1 ffff  frame 751 pc ff820580 blit 106338 late 0 skip 0 snd_stalls 1 snd_pc dd92 unimpl 0
cyc 105386 bal      0  in0 ffff in1 ffff  frame 752 pc ff8204f0 blit 107665 late 0 skip 0 snd_stalls 1 snd_pc dd96 unimpl 0
cyc 105388 bal      0  in0 ffff in1 ffff  frame 753 pc ff8204c0 blit 106646 late 0 skip 0 snd_stalls 1 snd_pc 023b unimpl 0
cyc 105387 bal      0  in0 ffff in1 ffff  frame 754 pc ff8204d0 blit 107698 late 0 skip 0 snd_stalls 1 snd_pc dd7d unimpl 0
cyc 105389 bal      1  in0 ffff in1 ffff  frame 755 pc ff8204a0 blit 107316 late 0 skip 0 snd_stalls 1 snd_pc dd94 unimpl 0
cyc 105387 bal      0  in0 ffff in1 ffff  frame 756 pc ff8204a0 blit 107916 late 0 skip 0 snd_stalls 1 snd_pc dd90 unimpl 0
cyc 105390 bal      2  in0 ffff in1 ffff  frame 757 pc ff8204a0 blit 107278 late 0 skip 0 snd_stalls 1 snd_pc 0218 unimpl 0
cyc 105387 bal      2  in0 ffff in1 ffff  frame 758 pc ff8204a0 blit 107754 late 0 skip 0 snd_stalls 1 snd_pc 1ffa unimpl 0
cyc 105390 bal      4  in0 ffff in1 ffff  frame 759 pc ff8204a0 blit 106842 late 0 skip 0 snd_stalls 1 snd_pc dd80 unimpl 0
cyc 105384 bal      1  in0 ffff in1 ffff  frame 760 pc ff820480 blit 107018 late 0 skip 0 snd_stalls 1 snd_pc dc18 unimpl 0
cyc 105384 bal      0  in0 ffff in1 ffff  frame 761 pc ff8205b0 blit 108378 late 0 skip 0 snd_stalls 1 snd_pc ffff unimpl 0
cyc 105387 bal      2  in0 ffff in1 ffff  frame 762 pc ff8205b0 blit 107135 late 0 skip 0 snd_stalls 1 snd_pc f522 unimpl 0
cyc 105385 bal      0  in0 ffff in1 ffff  frame 763 pc ff820580 blit 106523 late 0 skip 0 snd_stalls 1 snd_pc ffff unimpl 0
cyc 105388 bal      0  in0 ffff in1 ffff  frame 764 pc ff8205a0 blit 108036 late 0 skip 0 snd_stalls 1 snd_pc dd9a unimpl 0
cyc 105389 bal      1  in0 ffff in1 ffff  frame 765 pc ff820580 blit 106472 late 0 skip 0 snd_stalls 1 snd_pc ffff unimpl 0
cyc 105388 bal      0  in0 ffff in1 ffff  frame 766 pc ff820590 blit 108280 late 0 skip 0 snd_stalls 1 snd_pc 2401 unimpl 0
cyc 105386 bal      0  in0 ffff in1 ffff  frame 767 pc ff8204f0 blit 108672 late 0 skip 0 snd_stalls 1 snd_pc 1ffd unimpl 0
cyc 105386 bal      0  in0 ffff in1 ffff  frame 768 pc ff8204c0 blit 107491 late 0 skip 0 snd_stalls 1 snd_pc 2401 unimpl 0
cyc 105389 bal      2  in0 ffff in1 ffff  frame 769 pc ff8204a0 blit 106452 late 0 skip 0 snd_stalls 1 snd_pc f53d unimpl 0
cyc 105387 bal      2  in0 ffff in1 ffff  frame 770 pc ff8204a0 blit 107902 late 0 skip 0 snd_stalls 1 snd_pc 0238 unimpl 0
cyc 105385 bal      3  in0 ffff in1 ffff  frame 771 pc ff820480 blit 108111 late 0 skip 0 snd_stalls 1 snd_pc 2401 unimpl 0
cyc 105387 bal      3  in0 ffff in1 ffff  frame 772 pc ff820480 blit 107414 late 0 skip 0 snd_stalls 1 snd_pc dc3c unimpl 0
cyc 105384 bal      1  in0 ffff in1 ffff  frame 773 pc ff8205b0 blit 107628 late 0 skip 0 snd_stalls 1 snd_pc dd8b unimpl 0
cyc 105384 bal      0  in0 ffff in1 ffff  frame 774 pc ff8205b0 blit 106497 late 0 skip 0 snd_stalls 1 snd_pc ffff unimpl 0
cyc 105389 bal      0  in0 ffff in1 ffff  frame 775 pc ff820590 blit 107022 late 0 skip 0 snd_stalls 1 snd_pc dd86 unimpl 0
cyc 105386 bal      0  in0 ffff in1 ffff  frame 776 pc ff820570 blit 107787 late 0 skip 0 snd_stalls 1 snd_pc dd7b unimpl 0
cyc 105386 bal      0  in0 ffff in1 ffff  frame 777 pc ff8204d0 blit 106346 late 0 skip 0 snd_stalls 1 snd_pc ffff unimpl 0
cyc 105386 bal      1  in0 ffff in1 ffff  frame 778 pc ff8204b0 blit 107020 late 0 skip 0 snd_stalls 1 snd_pc ffff unimpl 0
cyc 105389 bal      1  in0 ffff in1 ffff  frame 779 pc ff8204a0 blit 107250 late 0 skip 0 snd_stalls 1 snd_pc f51f unimpl 0
cyc 105388 bal      3  in0 ffff in1 ffff  frame 780 pc ff8204a0 blit 107592 late 0 skip 0 snd_stalls 1 snd_pc fff6 unimpl 0
cyc 105385 bal      0  in0 ffff in1 ffff  frame 781 pc ff820490 blit 106947 late 0 skip 0 snd_stalls 1 snd_pc ffff unimpl 0
cyc 105392 bal      4  in0 ffff in1 ffff  frame 782 pc ff8204a0 blit 106874 late 0 skip 0 snd_stalls 1 snd_pc 2401 unimpl 0
cyc 105385 bal      1  in0 ffff in1 ffff  frame 783 pc ff820480 blit 106329 late 0 skip 0 snd_stalls 1 snd_pc ffff unimpl 0
cyc 105389 bal      2  in0 ffff in1 ffff  frame 784 pc ff820480 blit 106648 late 0 skip 0 snd_stalls 1 snd_pc dd7d unimpl 0
cyc 105390 bal      3  in0 ffff in1 ffff  frame 785 pc ff820480 blit 107256 late 0 skip 0 snd_stalls 1 snd_pc 1ffa unimpl 0
cyc 105388 bal      4  in0 ffff in1 ffff  frame 786 pc ff820480 blit 107237 late 0 skip 0 snd_stalls 1 snd_pc ffff unimpl 0
cyc 105380 bal      0  in0 ffff in1 ffff  frame 787 pc ff8205b0 blit 108190 late 0 skip 0 snd_stalls 1 snd_pc ffff unimpl 0
cyc 105386 bal      0  in0 ffff in1 ffff  frame 788 pc ff820590 blit 106863 late 0 skip 0 snd_stalls 1 snd_pc ffff unimpl 0
cyc 105387 bal      0  in0 ffff in1 ffff  frame 789 pc ff820570 blit 106928 late 0 skip 0 snd_stalls 1 snd_pc f51d unimpl 0
cyc 105387 bal      0  in0 ffff in1 ffff  frame 790 pc ff820570 blit 107767 late 0 skip 0 snd_stalls 1 snd_pc dd79 unimpl 0
cyc 105388 bal      0  in0 ffff in1 ffff  frame 791 pc ff8204e0 blit 106900 late 0 skip 0 snd_stalls 1 snd_pc dd99 unimpl 0
cyc 105388 bal      0  in0 ffff in1 ffff  frame 792 pc ff8204d0 blit 107967 late 0 skip 0 snd_stalls 1 snd_pc dc09 unimpl 0
cyc 105388 bal      0  in0 ffff in1 ffff  frame 793 pc ff8204b0 blit 107077 late 0 skip 0 snd_stalls 1 snd_pc ffff unimpl 0
cyc 105387 bal      1  in0 ffff in1 ffff  frame 794 pc ff8204a0 blit 107533 late 0 skip 0 snd_stalls 1 snd_pc 1ffa unimpl 0
cyc 105390 bal      4  in0 ffff in1 ffff  frame 795 pc ff8204a0 blit 106596 late 0 skip 0 snd_stalls 1 snd_pc 0217 unimpl 0
cyc 105382 bal      1  in0 ffff in1 ffff  frame 796 pc ff820480 blit 106479 late 0 skip 0 snd_stalls 1 snd_pc 0217 unimpl 0
cyc 105390 bal      3  in0 ffff in1 ffff  frame 797 pc ff820480 blit 108174 late 0 skip 0 snd_stalls 1 snd_pc ffff unimpl 0
cyc 105388 bal      4  in0 ffff in1 ffff  frame 798 pc ff820480 blit 107155 late 0 skip 0 snd_stalls 1 snd_pc dd7c unimpl 0
cyc 105383 bal      1  in0 ffff in1 ffff  frame 799 pc ff8205b0 blit 108500 late 0 skip 0 snd_stalls 1 snd_pc 022a unimpl 0
cyc 105385 bal      1  in0 ffff in1 ffff  frame 800 pc ff820590 blit 107523 late 0 skip 0 snd_stalls 1 snd_pc dd8d unimpl 0
cyc 105387 bal      1  in0 ffff in1 ffff  frame 801 pc ff820560 blit 106514 late 0 skip 0 snd_stalls 1 snd_pc f53b unimpl 0
cyc 105385 bal      0  in0 ffff in1 ffff  frame 802 pc ff8204f0 blit 107288 late 0 skip 0 snd_stalls 1 snd_pc 023c unimpl 0
cyc 105387 bal      0  in0 ffff in1 ffff  frame 803 pc ff8204c0 blit 106636 late 0 skip 0 snd_stalls 1 snd_pc 1ffe unimpl 0
cyc 105388 bal      0  in0 ffff in1 ffff  frame 804 pc ff8204b0 blit 107918 late 0 skip 0 snd_stalls 1 snd_pc dc1f unimpl 0
cyc 105389 bal      4  in0 ffff in1 ffff  frame 805 pc ff8204a0 blit 106504 late 0 skip 0 snd_stalls 1 snd_pc f53c unimpl 0
cyc 105387 bal      4  in0 ffff in1 ffff  frame 806 pc ff8204a0 blit 107030 late 0 skip 0 snd_stalls 1 snd_pc ffff unimpl 0
cyc 105385 bal      0  in0 ffff in1 ffff  frame 807 pc ff820480 blit 106613 late 0 skip 0 snd_stalls 1 snd_pc 1ffb unimpl 0
cyc 105383 bal     -1  in0 ffff in1 ffff  frame 808 pc ff820460 blit 107824 late 0 skip 0 snd_stalls 1 snd_pc dd84 unimpl 0
cyc 105389 bal      2  in0 ffff in1 ffff  frame 809 pc ff8205b0 blit 108324 late 0 skip 0 snd_stalls 1 snd_pc dc10 unimpl 0
cyc 105385 bal      1  in0 ffff in1 ffff  frame 810 pc ff8205a0 blit 107467 late 0 skip 0 snd_stalls 1 snd_pc ffff unimpl 0
cyc 105387 bal      0  in0 ffff in1 ffff  frame 811 pc ff820570 blit 106898 late 0 skip 0 snd_stalls 1 snd_pc dd95 unimpl 0
cyc 105387 bal      0  in0 ffff in1 ffff  frame 812 pc ff820580 blit 107920 late 0 skip 0 snd_stalls 1 snd_pc f51d unimpl 0
cyc 105388 bal      1  in0 ffff in1 ffff  frame 813 pc ff820560 blit 106664 late 0 skip 0 snd_stalls 1 snd_pc dd7b unimpl 0
cyc 105388 bal      1  in0 ffff in1 ffff  frame 814 pc ff820560 blit 108115 late 0 skip 0 snd_stalls 1 snd_pc dc17 unimpl 0
cyc 105387 bal      0  in0 ffff in1 ffff  frame 815 pc ff8204e0 blit 107168 late 0 skip 0 snd_stalls 1 snd_pc dd7b unimpl 0
cyc 105387 bal      2  in0 ffff in1 ffff  frame 816 pc ff8204a0 blit 106822 late 0 skip 0 snd_stalls 1 snd_pc 1ffc unimpl 0
cyc 105390 bal      4  in0 ffff in1 ffff  frame 817 pc ff8204a0 blit 106860 late 0 skip 0 snd_stalls 1 snd_pc f51d unimpl 0
cyc 105387 bal      4  in0 ffff in1 ffff  frame 818 pc ff8204a0 blit 106961 late 0 skip 0 snd_stalls 1 snd_pc dd8d unimpl 0
cyc 105385 bal      3  in0 ffff in1 ffff  frame 819 pc ff820480 blit 108007 late 0 skip 0 snd_stalls 1 snd_pc dc09 unimpl 0
cyc 105387 bal      3  in0 ffff in1 ffff  frame 820 pc ff820480 blit 107414 late 0 skip 0 snd_stalls 1 snd_pc ffff unimpl 0
cyc 105383 bal      0  in0 ffff in1 ffff  frame 821 pc ff8205b0 blit 107444 late 0 skip 0 snd_stalls 1 snd_pc dc3c unimpl 0
cyc 105388 bal      2  in0 ffff in1 ffff  frame 822 pc ff8205b0 blit 108220 late 0 skip 0 snd_stalls 1 snd_pc ffff unimpl 0
cyc 105385 bal      0  in0 ffff in1 ffff  frame 823 pc ff820580 blit 106444 late 0 skip 0 snd_stalls 1 snd_pc ffff unimpl 0
cyc 105384 bal      0  in0 ffff in1 ffff  frame 824 pc ff8204e0 blit 106964 late 0 skip 0 snd_stalls 1 snd_pc dc08 unimpl 0
cyc 105389 bal      0  in0 ffff in1 ffff  frame 825 pc ff8204d0 blit 107098 late 0 skip 0 snd_stalls 1 snd_pc dd7d unimpl 0
cyc 105388 bal      1  in0 ffff in1 ffff  frame 826 pc ff8204d0 blit 107945 late 0 skip 0 snd_stalls 1 snd_pc dd96 unimpl 0
cyc 105389 bal      0  in0 ffff in1 ffff  frame 827 pc ff8204c0 blit 107660 late 0 skip 0 snd_stalls 1 snd_pc dd88 unimpl 0
cyc 105386 bal      0  in0 ffff in1 ffff  frame 828 pc ff8204b0 blit 107446 late 0 skip 0 snd_stalls 1 snd_pc f536 unimpl 0
cyc 105390 bal      4  in0 ffff in1 ffff  frame 829 pc ff8204a0 blit 106362 late 0 skip 0 snd_stalls 1 snd_pc 1ffd unimpl 0
cyc 105387 bal      4  in0 ffff in1 ffff  frame 830 pc ff8204a0 blit 107002 late 0 skip 0 snd_stalls 1 snd_pc ffff unimpl 0
cyc 105385 bal      3  in0 ffff in1 ffff  frame 831 pc ff820480 blit 108507 late 0 skip 0 snd_stalls 1 snd_pc dc1e unimpl 0
cyc 105382 bal     -1  in0 ffff in1 ffff  frame 832 pc ff8205c0 blit 107040 late 0 skip 0 snd_stalls 1 snd_pc 0201 unimpl 0
cyc 105390 bal      2  in0 ffff in1 ffff  frame 833 pc ff8205b0 blit 108099 late 0 skip 0 snd_stalls 1 snd_pc f51e unimpl 0
cyc 105385 bal      0  in0 ffff in1 ffff  frame 834 pc ff8205b0 blit 107655 late 0 skip 0 snd_stalls 1 snd_pc 1ffc unimpl 0
cyc 105389 bal      1  in0 ffff in1 ffff  frame 835 pc ff820590 blit 106645 late 0 skip 0 snd_stalls 1 snd_pc 1ffe unimpl 0
cyc 105387 bal      0  in0 ffff in1 ffff  frame 836 pc ff820590 blit 107926 late 0 skip 0 snd_stalls 1 snd_pc dc17 unimpl 0
cyc 105387 bal      0  in0 ffff in1 ffff  frame 837 pc ff820560 blit 106928 late 0 skip 0 snd_stalls 1 snd_pc dd8b unimpl 0
cyc 105388 bal      1  in0 ffff in1 ffff  frame 838 pc ff820570 blit 107933 late 0 skip 0 snd_stalls 1 snd_pc ffff unimpl 0
cyc 105387 bal      0  in0 ffff in1 ffff  frame 839 pc ff8204e0 blit 106919 late 0 skip 0 snd_stalls 1 snd_pc 0218 unimpl 0
cyc 105388 bal      0  in0 ffff in1 ffff  frame 840 pc ff8204d0 blit 107973 late 0 skip 0 snd_stalls 1 snd_pc f53a unimpl 0
cyc 105389 bal      0  in0 ffff in1 ffff  frame 841 pc ff8204c0 blit 107421 late 0 skip 0 snd_stalls 1 snd_pc ffff unimpl 0
cyc 105388 bal      1  in0 ffff in1 ffff  frame 842 pc ff8204c0 blit 107929 late 0 skip 0 snd_stalls 1 snd_pc dd82 unimpl 0
cyc 105388 bal      2  in0 ffff in1 ffff  frame 843 pc ff8204a0 blit 106543 late 0 skip 0 snd_stalls 1 snd_pc dc3e unimpl 0
cyc 105387 bal      3  in0 ffff in1 ffff  frame 844 pc ff8204a0 blit 107620 late 0 skip 0 snd_stalls 1 snd_pc f522 unimpl 0
cyc 105385 bal      2  in0 ffff in1 ffff  frame 845 pc ff820480 blit 106832 late 0 skip 0 snd_stalls 1 snd_pc ffff unimpl 0
cyc 105381 bal     -2  in0 ffff in1 ffff  frame 846 pc ff8205c0 blit 106805 late 0 skip 0 snd_stalls 1 snd_pc 023c unimpl 0
cyc 105390 bal      1  in0 ffff in1 ffff  frame 847 pc ff8205b0 blit 108522 late 0 skip 0 snd_stalls 1 snd_pc dd84 unimpl 0
cyc 105386 bal      1  in0 ffff in1 ffff  frame 848 pc ff8205a0 blit 107842 late 0 skip 0 snd_stalls 1 snd_pc 1ffd unimpl 0
cyc 105386 bal      0  in0 ffff in1 ffff  frame 849 pc ff820560 blit 107467 late 0 skip 0 snd_stalls 1 snd_pc dd8f unimpl 0
cyc 105388 bal      1  in0 ffff in1 ffff  frame 850 pc ff820570 blit 107903 late 0 skip 0 snd_stalls 1 snd_pc f53d unimpl 0
cyc 105386 bal      0  in0 ffff in1 ffff  frame 851 pc ff8204e0 blit 106636 late 0 skip 0 snd_stalls 1 snd_pc ffff unimpl 0
cyc 105389 bal      0  in0 ffff in1 ffff  frame 852 pc ff8204e0 blit 107939 late 0 skip 0 snd_stalls 1 snd_pc dd7a unimpl 0
cyc 105386 bal      0  in0 ffff in1 ffff  frame 853 pc ff8204b0 blit 107029 late 0 skip 0 snd_stalls 1 snd_pc dc1d unimpl 0
cyc 105387 bal      2  in0 ffff in1 ffff  frame 854 pc ff8204a0 blit 107084 late 0 skip 0 snd_stalls 1 snd_pc dd8b unimpl 0
cyc 105390 bal      4  in0 ffff in1 ffff  frame 855 pc ff8204a0 blit 106900 late 0 skip 0 snd_stalls 1 snd_pc 1ffd unimpl 0
cyc 105384 bal      0  in0 ffff in1 ffff  frame 856 pc ff820480 blit 107304 late 0 skip 0 snd_stalls 1 snd_pc 1ffa unimpl 0
cyc 105390 bal      1  in0 ffff in1 ffff  frame 857 pc ff820480 blit 106369 late 0 skip 0 snd_stalls 1 snd_pc 1ffe unimpl 0
cyc 105388 bal      3  in0 ffff in1 ffff  frame 858 pc ff820480 blit 106884 late 0 skip 0 snd_stalls 1 snd_pc dc1b unimpl 0
cyc 105383 bal      1  in0 ffff in1 ffff  frame 859 pc ff8205b0 blit 108739 late 0 skip 0 snd_stalls 1 snd_pc ffff unimpl 0
cyc 105387 bal      2  in0 ffff in1 ffff  frame 860 pc ff8205b0 blit 107940 late 0 skip 0 snd_stalls 1 snd_pc ffff unimpl 0
cyc 105387 bal      1  in0 ffff in1 ffff  frame 861 pc ff8205a0 blit 107219 late 0 skip 0 snd_stalls 1 snd_pc ffff unimpl 0
cyc 105386 bal      0  in0 ffff in1 ffff  frame 862 pc ff820590 blit 106862 late 0 skip 0 snd_stalls 1 snd_pc ffff unimpl 0
cyc 105387 bal      1  in0 ffff in1 ffff  frame 863 pc ff820570 blit 107839 late 0 skip 0 snd_stalls 1 snd_pc dc18 unimpl 0
cyc 105390 bal      3  in0 ffff in1 ffff  frame 864 pc ff833430 blit 108234 late 0 skip 0 snd_stalls 1 snd_pc f521 unimpl 0
cyc 105385 bal      0  in0 ffff in1 ffff  frame 865 pc ff8204b0 blit 106646 late 0 skip 0 snd_stalls 1 snd_pc 1ffd unimpl 0
cyc 105388 bal      0  in0 ffff in1 ffff  frame 866 pc ff8204d0 blit 108109 late 0 skip 0 snd_stalls 1 snd_pc f51d unimpl 0
cyc 105388 bal      1  in0 ffff in1 ffff  frame 867 pc ff8204a0 blit 106639 late 0 skip 0 snd_stalls 1 snd_pc dd9a unimpl 0
cyc 105387 bal      0  in0 ffff in1 ffff  frame 868 pc ff8204a0 blit 107918 late 0 skip 0 snd_stalls 1 snd_pc dc09 unimpl 0
cyc 105390 bal      2  in0 ffff in1 ffff  frame 869 pc ff8204a0 blit 107335 late 0 skip 0 snd_stalls 1 snd_pc f520 unimpl 0
cyc 105387 bal      3  in0 ffff in1 ffff  frame 870 pc ff8204a0 blit 107580 late 0 skip 0 snd_stalls 1 snd_pc 023c unimpl 0
cyc 105386 bal      2  in0 ffff in1 ffff  frame 871 pc ff820480 blit 106849 late 0 skip 0 snd_stalls 1 snd_pc 0201 unimpl 0
cyc 105384 bal      0  in0 ffff in1 ffff  frame 872 pc ff820460 blit 107464 late 0 skip 0 snd_stalls 1 snd_pc dd89 unimpl 0
cyc 105384 bal      0  in0 ffff in1 ffff  frame 873 pc ff8205a0 blit 108537 late 0 skip 0 snd_stalls 1 snd_pc dc08 unimpl 0
cyc 105385 bal      1  in0 ffff in1 ffff  frame 874 pc ff820570 blit 106897 late 0 skip 0 snd_stalls 1 snd_pc ffff unimpl 0
cyc 105387 bal      0  in0 ffff in1 ffff  frame 875 pc ff8204e0 blit 107157 late 0 skip 0 snd_stalls 1 snd_pc dc15 unimpl 0
cyc 105386 bal      0  in0 ffff in1 ffff  frame 876 pc ff8204e0 blit 107616 late 0 skip 0 snd_stalls 1 snd_pc dd8a unimpl 0
cyc 105388 bal      1  in0 ffff in1 ffff  frame 877 pc ff8204a0 blit 106528 late 0 skip 0 snd_stalls 1 snd_pc ffff unimpl 0
cyc 105387 bal      2  in0 ffff in1 ffff  frame 878 pc ff8204a0 blit 107173 late 0 skip 0 snd_stalls 1 snd_pc dc05 unimpl 0
cyc 105385 bal      1  in0 ffff in1 ffff  frame 879 pc ff820480 blit 106356 late 0 skip 0 snd_stalls 1 snd_pc dd7b unimpl 0
cyc 105389 bal      2  in0 ffff in1 ffff  frame 880 pc ff820480 blit 106648 late 0 skip 0 snd_stalls 1 snd_pc ffff unimpl 0
cyc 105390 bal      2  in0 ffff in1 ffff  frame 881 pc ff820480 blit 107631 late 0 skip 0 snd_stalls 1 snd_pc dd80 unimpl 0
cyc 105387 bal      2  in0 ffff in1 ffff  frame 882 pc ff820480 blit 107690 late 0 skip 0 snd_stalls 1 snd_pc 0219 unimpl 0
cyc 105391 bal      4  in0 ffff in1 ffff  frame 883 pc ff820480 blit 107499 late 0 skip 0 snd_stalls 1 snd_pc f521 unimpl 0
cyc 105382 bal     -1  in0 ffff in1 ffff  frame 884 pc ff820470 blit 107050 late 0 skip 0 snd_stalls 1 snd_pc dd97 unimpl 0
cyc 105388 bal      2  in0 ffff in1 ffff  frame 885 pc ff8205b0 blit 108434 late 0 skip 0 snd_stalls 1 snd_pc 2400 unimpl 0
cyc 105384 bal      0  in0 ffff in1 ffff  frame 886 pc ff8205b0 blit 107365 late 0 skip 0 snd_stalls 1 snd_pc ffff unimpl 0
cyc 105387 bal      0  in0 ffff in1 ffff  frame 887 pc ff820570 blit 106863 late 0 skip 0 snd_stalls 1 snd_pc ffff unimpl 0
cyc 105386 bal      0  in0 ffff in1 ffff  frame 888 pc ff8204e0 blit 107750 late 0 skip 0 snd_stalls 1 snd_pc 0218 unimpl 0
cyc 105388 bal      0  in0 ffff in1 ffff  frame 889 pc ff8204c0 blit 107112 late 0 skip 0 snd_stalls 1 snd_pc dd99 unimpl 0
cyc 105389 bal      1  in0 ffff in1 ffff  frame 890 pc ff8204d0 blit 108164 late 0 skip 0 snd_stalls 1 snd_pc dc15 unimpl 0
cyc 105387 bal      0  in0 ffff in1 ffff  frame 891 pc ff8204a0 blit 106992 late 0 skip 0 snd_stalls 1 snd_pc 2400 unimpl 0
cyc 105387 bal      1  in0 ffff in1 ffff  frame 892 pc ff8204a0 blit 107581 late 0 skip 0 snd_stalls 1 snd_pc dc3e unimpl 0
cyc 105385 bal      0  in0 ffff in1 ffff  frame 893 pc ff820490 blit 106349 late 0 skip 0 snd_stalls 1 snd_pc dd99 unimpl 0
cyc 105387 bal      0  in0 ffff in1 ffff  frame 894 pc ff820480 blit 106630 late 0 skip 0 snd_stalls 1 snd_pc dd8a unimpl 0
cyc 105386 bal      0  in0 ffff in1 ffff  frame 895 pc ff820460 blit 108167 late 0 skip 0 snd_stalls 1 snd_pc 0217 unimpl 0
cyc 105387 bal      2  in0 ffff in1 ffff  frame 896 pc ff8205b0 blit 106817 late 0 skip 0 snd_stalls 1 snd_pc dd7f unimpl 0
cyc 105385 bal      0  in0 ffff in1 ffff  frame 897 pc ff820580 blit 106459 late 0 skip 0 snd_stalls 1 snd_pc ffff unimpl 0
cyc 105386 bal      0  in0 ffff in1 ffff  frame 898 pc ff820580 blit 107471 late 0 skip 0 snd_stalls 1 snd_pc dd90 unimpl 0
cyc 105386 bal      0  in0 ffff in1 ffff  frame 899 pc ff8204e0 blit 106501 late 0 skip 0 snd_stalls 1 snd_pc 1ffe unimpl 0
cyc 105390 bal      1  in0 ffff in1 ffff  frame 900 pc ff820560 blit 107939 late 0 skip 0 snd_stalls 1 snd_pc ffff unimpl 0
cyc 105386 bal      0  in0 ffff in1 ffff  frame 901 pc ff8204c0 blit 106932 late 0 skip 0 snd_stalls 1 snd_pc dd7c unimpl 0
cyc 105386 bal      0  in0 ffff in1 ffff  frame 902 pc ff8204b0 blit 107587 late 0 skip 0 snd_stalls 1 snd_pc dd96 unimpl 0
cyc 105390 bal      3  in0 ffff in1 ffff  frame 903 pc ff8204a0 blit 106457 late 0 skip 0 snd_stalls 1 snd_pc dd8d unimpl 0
cyc 105384 bal      1  in0 ffff in1 ffff  frame 904 pc ff820480 blit 106986 late 0 skip 0 snd_stalls 1 snd_pc f53a unimpl 0
cyc 105385 bal      0  in0 ffff in1 ffff  frame 905 pc ff820460 blit 108001 late 0 skip 0 snd_stalls 1 snd_pc fff7 unimpl 0
cyc 105385 bal      0  in0 ffff in1 ffff  frame 906 pc ff8205b0 blit 106890 late 0 skip 0 snd_stalls 1 snd_pc dd9a unimpl 0
cyc 105391 bal      2  in0 ffff in1 ffff  frame 907 pc ff8205b0 blit 107284 late 0 skip 0 snd_stalls 1 snd_pc dc1c unimpl 0
cyc 105387 bal      2  in0 ffff in1 ffff  frame 908 pc ff8205b0 blit 107943 late 0 skip 0 snd_stalls 1 snd_pc dd84 unimpl 0
cyc 105387 bal      1  in0 ffff in1 ffff  frame 909 pc ff8205a0 blit 107219 late 0 skip 0 snd_stalls 1 snd_pc ffff unimpl 0
cyc 105390 bal      2  in0 ffff in1 ffff  frame 910 pc ff8205b0 blit 107600 late 0 skip 0 snd_stalls 1 snd_pc 1ffc unimpl 0
cyc 105384 bal      1  in0 ffff in1 ffff  frame 911 pc ff820570 blit 107568 late 0 skip 0 snd_stalls 1 snd_pc dd84 unimpl 0
cyc 105386 bal      0  in0 ffff in1 ffff  frame 912 pc ff8204f0 blit 107846 late 0 skip 0 snd_stalls 1 snd_pc dc15 unimpl 0
cyc 105387 bal      1  in0 ffff in1 ffff  frame 913 pc ff8204a0 blit 107484 late 0 skip 0 snd_stalls 1 snd_pc ffff unimpl 0
cyc 105387 bal      2  in0 ffff in1 ffff  frame 914 pc ff8204a0 blit 107237 late 0 skip 0 snd_stalls 1 snd_pc 1ffa unimpl 0
cyc 105390 bal      4  in0 ffff in1 ffff  frame 915 pc ff8204a0 blit 107147 late 0 skip 0 snd_stalls 1 snd_pc dd91 unimpl 0
cyc 105382 bal      0  in0 ffff in1 ffff  frame 916 pc ff820480 blit 106503 late 0 skip 0 snd_stalls 1 snd_pc 1ffe unimpl 0
cyc 105390 bal      4  in0 ffff in1 ffff  frame 917 pc ff820480 blit 108214 late 0 skip 0 snd_stalls 1 snd_pc dc0a unimpl 0
cyc 105387 bal      4  in0 ffff in1 ffff  frame 918 pc ff820480 blit 107031 late 0 skip 0 snd_stalls 1 snd_pc ffff unimpl 0
cyc 105384 bal      0  in0 ffff in1 ffff  frame 919 pc ff8205b0 blit 106913 late 0 skip 0 snd_stalls 1 snd_pc dc3d unimpl 0
cyc 105385 bal      0  in0 ffff in1 ffff  frame 920 pc ff820590 blit 107690 late 0 skip 0 snd_stalls 1 snd_pc dd8d unimpl 0
cyc 105388 bal      0  in0 ffff in1 ffff  frame 921 pc ff820580 blit 106357 late 0 skip 0 snd_stalls 1 snd_pc f537 unimpl 0
cyc 105387 bal      1  in0 ffff in1 ffff  frame 922 pc ff820570 blit 107452 late 0 skip 0 snd_stalls 1 snd_pc ffff unimpl 0
cyc 105386 bal      0  in0 ffff in1 ffff  frame 923 pc ff8204d0 blit 106751 late 0 skip 0 snd_stalls 1 snd_pc dd88 unimpl 0
cyc 105384 bal      0  in0 ffff in1 ffff  frame 924 pc ff8204b0 blit 106328 late 0 skip 0 snd_stalls 1 snd_pc ffff unimpl 0
cyc 105391 bal      4  in0 ffff in1 ffff  frame 925 pc ff8204a0 blit 106944 late 0 skip 0 snd_stalls 1 snd_pc ffff unimpl 0
cyc 105387 bal      4  in0 ffff in1 ffff  frame 926 pc ff8204a0 blit 106862 late 0 skip 0 snd_stalls 1 snd_pc f538 unimpl 0
cyc 105385 bal      3  in0 ffff in1 ffff  frame 927 pc ff820480 blit 108507 late 0 skip 0 snd_stalls 1 snd_pc ffff unimpl 0
cyc 105382 bal     -1  in0 ffff in1 ffff  frame 928 pc ff8205c0 blit 107234 late 0 skip 0 snd_stalls 1 snd_pc ffff unimpl 0
cyc 105390 bal      2  in0 ffff in1 ffff  frame 929 pc ff8205b0 blit 108368 late 0 skip 0 snd_stalls 1 snd_pc 2401 unimpl 0
cyc 105384 bal      0  in0 ffff in1 ffff  frame 930 pc ff8205b0 blit 107445 late 0 skip 0 snd_stalls 1 snd_pc dd94 unimpl 0
cyc 105388 bal      1  in0 ffff in1 ffff  frame 931 pc ff820570 blit 106475 late 0 skip 0 snd_stalls 1 snd_pc 0218 unimpl 0
cyc 105387 bal      0  in0 ffff in1 ffff  frame 932 pc ff820570 blit 107926 late 0 skip 0 snd_stalls 1 snd_pc 1ffa unimpl 0
cyc 105384 bal      0  in0 ffff in1 ffff  frame 933 pc ff8204c0 blit 107639 late 0 skip 0 snd_stalls 1 snd_pc dd7c unimpl 0
cyc 105386 bal      0  in0 ffff in1 ffff  frame 934 pc ff8204b0 blit 107600 late 0 skip 0 snd_stalls 1 snd_pc dc19 unimpl 0
cyc 105390 bal      2  in0 ffff in1 ffff  frame 935 pc ff8204a0 blit 106858 late 0 skip 0 snd_stalls 1 snd_pc dd8d unimpl 0
cyc 105389 bal      3  in0 ffff in1 ffff  frame 936 pc ff8204a0 blit 107966 late 0 skip 0 snd_stalls 1 snd_pc f53a unimpl 0
cyc 105386 bal      2  in0 ffff in1 ffff  frame 937 pc ff820480 blit 107137 late 0 skip 0 snd_stalls 1 snd_pc f51f unimpl 0
cyc 105387 bal      4  in0 ffff in1 ffff  frame 938 pc ff820480 blit 107290 late 0 skip 0 snd_stalls 1 snd_pc f53c unimpl 0
cyc 105383 bal      1  in0 ffff in1 ffff  frame 939 pc ff8205b0 blit 108567 late 0 skip 0 snd_stalls 1 snd_pc dc09 unimpl 0
cyc 105384 bal      0  in0 ffff in1 ffff  frame 940 pc ff8205b0 blit 107464 late 0 skip 0 snd_stalls 1 snd_pc ffff unimpl 0
cyc 105389 bal      1  in0 ffff in1 ffff  frame 941 pc ff820590 blit 106766 late 0 skip 0 snd_stalls 1 snd_pc dc3d unimpl 0
cyc 105387 bal      0  in0 ffff in1 ffff  frame 942 pc ff820590 blit 107899 late 0 skip 0 snd_stalls 1 snd_pc ffff unimpl 0
cyc 105388 bal      1  in0 ffff in1 ffff  frame 943 pc ff820560 blit 106903 late 0 skip 0 snd_stalls 1 snd_pc dd99 unimpl 0
cyc 105386 bal      0  in0 ffff in1 ffff  frame 944 pc ff8204e0 blit 107846 late 0 skip 0 snd_stalls 1 snd_pc dc08 unimpl 0
cyc 105389 bal      0  in0 ffff in1 ffff  frame 945 pc ff8204c0 blit 106894 late 0 skip 0 snd_stalls 1 snd_pc ffff unimpl 0
cyc 105388 bal      0  in0 ffff in1 ffff  frame 946 pc ff8204e0 blit 108109 late 0 skip 0 snd_stalls 1 snd_pc ffff unimpl 0
cyc 105387 bal      1  in0 ffff in1 ffff  frame 947 pc ff8204a0 blit 106778 late 0 skip 0 snd_stalls 1 snd_pc dd93 unimpl 0
cyc 105388 bal      0  in0 ffff in1 ffff  frame 948 pc ff8204b0 blit 108161 late 0 skip 0 snd_stalls 1 snd_pc dd99 unimpl 0
cyc 105390 bal      4  in0 ffff in1 ffff  frame 949 pc ff8204a0 blit 106261 late 0 skip 0 snd_stalls 1 snd_pc ffff unimpl 0
cyc 105387 bal      4  in0 ffff in1 ffff  frame 950 pc ff8204a0 blit 107021 late 0 skip 0 snd_stalls 1 snd_pc dd7b unimpl 0
cyc 105385 bal      1  in0 ffff in1 ffff  frame 951 pc ff820480 blit 106910 late 0 skip 0 snd_stalls 1 snd_pc dc1e unimpl 0
cyc 105383 bal     -1  in0 ffff in1 ffff  frame 952 pc ff820460 blit 107333 late 0 skip 0 snd_stalls 1 snd_pc ffff unimpl 0
cyc 105389 bal      2  in0 ffff in1 ffff  frame 953 pc ff8205b0 blit 108486 late 0 skip 0 snd_stalls 1 snd_pc f53b unimpl 0
cyc 105387 bal      3  in0 ffff in1 ffff  frame 954 pc ff8205b0 blit 107452 late 0 skip 0 snd_stalls 1 snd_pc fff7 unimpl 0
cyc 105387 bal      1  in0 ffff in1 ffff  frame 955 pc ff820430 blit 107179 late 0 skip 0 snd_stalls 1 snd_pc dd83 unimpl 0
cyc 105386 bal      0  in0 ffff in1 ffff  frame 956 pc ff820590 blit 107784 late 0 skip 0 snd_stalls 1 snd_pc 2400 unimpl 0
cyc 105389 bal      1  in0 ffff in1 ffff  frame 957 pc ff820570 blit 107069 late 0 skip 0 snd_stalls 1 snd_pc ffff unimpl 0
cyc 105386 bal      0  in0 ffff in1 ffff  frame 958 pc ff820560 blit 107638 late 0 skip 0 snd_stalls 1 snd_pc 1ffd unimpl 0
cyc 105386 bal      0  in0 ffff in1 ffff  frame 959 pc ff8204d0 blit 106331 late 0 skip 0 snd_stalls 1 snd_pc f51d unimpl 0
cyc 105387 bal      1  in0 ffff in1 ffff  frame 960 pc ff8204a0 blit 107518 late 0 skip 0 snd_stalls 1 snd_pc dd79 unimpl 0
cyc 105390 bal      3  in0 ffff in1 ffff  frame 961 pc ff8204a0 blit 106953 late 0 skip 0 snd_stalls 1 snd_pc dc19 unimpl 0
cyc 105383 bal      1  in0 ffff in1 ffff  frame 962 pc ff820480 blit 106603 late 0 skip 0 snd_stalls 1 snd_pc ffff unimpl 0
cyc 105385 bal      0  in0 ffff in1 ffff  frame 963 pc ff820470 blit 108183 late 0 skip 0 snd_stalls 1 snd_pc dc3e unimpl 0
cyc 105392 bal      3  in0 ffff in1 ffff  frame 964 pc ff820480 blit 107262 late 0 skip 0 snd_stalls 1 snd_pc f51e unimpl 0
cyc 105383 bal      0  in0 ffff in1 ffff  frame 965 pc ff8205b0 blit 107628 late 0 skip 0 snd_stalls 1 snd_pc ffff unimpl 0
cyc 105387 bal      0  in0 ffff in1 ffff  frame 966 pc ff8205b0 blit 107708 late 0 skip 0 snd_stalls 1 snd_pc ffff unimpl 0
cyc 105390 bal      1  in0 ffff in1 ffff  frame 967 pc ff8205b0 blit 107326 late 0 skip 0 snd_stalls 1 snd_pc dd91 unimpl 0
cyc 105384 bal      0  in0 ffff in1 ffff  frame 968 pc ff820570 blit 107326 late 0 skip 0 snd_stalls 1 snd_pc 0218 unimpl 0
cyc 105386 bal      0  in0 ffff in1 ffff  frame 969 pc ff8204e0 blit 106414 late 0 skip 0 snd_stalls 1 snd_pc dd92 unimpl 0
cyc 105387 bal      1  in0 ffff in1 ffff  frame 970 pc ff8204d0 blit 107137 late 0 skip 0 snd_stalls 1 snd_pc dd96 unimpl 0
cyc 105388 bal      0  in0 ffff in1 ffff  frame 971 pc ff8204b0 blit 107411 late 0 skip 0 snd_stalls 1 snd_pc f520 unimpl 0
cyc 105386 bal      0  in0 ffff in1 ffff  frame 972 pc ff8205b0 blit 107505 late 0 skip 0 snd_stalls 1 snd_pc ffff unimpl 0
cyc 105387 bal      1  in0 ffff in1 ffff  frame 973 pc ff820560 blit 107019 late 0 skip 0 snd_stalls 1 snd_pc dc22 unimpl 0
cyc 105387 bal      0  in0 ffff in1 ffff  frame 974 pc ff820560 blit 108155 late 0 skip 0 snd_stalls 1 snd_pc ffff unimpl 0
cyc 105388 bal      0  in0 ffff in1 ffff  frame 975 pc ff8204f0 blit 107221 late 0 skip 0 snd_stalls 1 snd_pc f537 unimpl 0
cyc 105389 bal      1  in0 ffff in1 ffff  frame 976 pc ff8204d0 blit 108234 late 0 skip 0 snd_stalls 1 snd_pc dc05 unimpl 0
cyc 105387 bal      1  in0 ffff in1 ffff  frame 977 pc ff8204a0 blit 106499 late 0 skip 0 snd_stalls 1 snd_pc dd9a unimpl 0
cyc 105387 bal      0  in0 ffff in1 ffff  frame 978 pc ff8204b0 blit 108244 late 0 skip 0 snd_stalls 1 snd_pc dc1e unimpl 0
cyc 105390 bal      4  in0 ffff in1 ffff  frame 979 pc ff8204a0 blit 106366 late 0 skip 0 snd_stalls 1 snd_pc dd93 unimpl 0
cyc 105382 bal      0  in0 ffff in1 ffff  frame 980 pc ff820480 blit 106460 late 0 skip 0 snd_stalls 1 snd_pc dd7e unimpl 0
cyc 105383 bal     -1  in0 ffff in1 ffff  frame 981 pc ff8205b0 blit 108439 late 0 skip 0 snd_stalls 1 snd_pc dd95 unimpl 0
cyc 105388 bal      0  in0 ffff in1 ffff  frame 982 pc ff8205b0 blit 108061 late 0 skip 0 snd_stalls 1 snd_pc 1ffd unimpl 0
cyc 105390 bal      1  in0 ffff in1 ffff  frame 983 pc ff8205b0 blit 107133 late 0 skip 0 snd_stalls 1 snd_pc dc1b unimpl 0
cyc 105386 bal      0  in0 ffff in1 ffff  frame 984 pc ff8205a0 blit 108014 late 0 skip 0 snd_stalls 1 snd_pc dd87 unimpl 0
cyc 105387 bal      1  in0 ffff in1 ffff  frame 985 pc ff820570 blit 106948 late 0 skip 0 snd_stalls 1 snd_pc 1ffe unimpl 0
cyc 105386 bal      1  in0 ffff in1 ffff  frame 986 pc ff820560 blit 107467 late 0 skip 0 snd_stalls 1 snd_pc dd91 unimpl 0
cyc 105388 bal      0  in0 ffff in1 ffff  frame 987 pc ff8204e0 blit 107450 late 0 skip 0 snd_stalls 1 snd_pc ffff unimpl 0
cyc 105386 bal      0  in0 ffff in1 ffff  frame 988 pc ff8204d0 blit 107616 late 0 skip 0 snd_stalls 1 snd_pc dc16 unimpl 0
cyc 105389 bal      1  in0 ffff in1 ffff  frame 989 pc ff8204b0 blit 107069 late 0 skip 0 snd_stalls 1 snd_pc dd89 unimpl 0
cyc 105386 bal      1  in0 ffff in1 ffff  frame 990 pc ff8204a0 blit 107173 late 0 skip 0 snd_stalls 1 snd_pc dc3f unimpl 0
cyc 105390 bal      4  in0 ffff in1 ffff  frame 991 pc ff8204a0 blit 106867 late 0 skip 0 snd_stalls 1 snd_pc dd8a unimpl 0
cyc 105384 bal      2  in0 ffff in1 ffff  frame 992 pc ff820480 blit 106941 late 0 skip 0 snd_stalls 1 snd_pc dd8b unimpl 0
cyc 105390 bal      2  in0 ffff in1 ffff  frame 993 pc ff820480 blit 107631 late 0 skip 0 snd_stalls 1 snd_pc ffff unimpl 0
cyc 105384 bal     -1  in0 ffff in1 ffff  frame 994 pc ff8205b0 blit 107690 late 0 skip 0 snd_stalls 1 snd_pc 0218 unimpl 0
cyc 105387 bal      0  in0 ffff in1 ffff  frame 995 pc ff8205b0 blit 108021 late 0 skip 0 snd_stalls 1 snd_pc ffff unimpl 0
cyc 105387 bal      1  in0 ffff in1 ffff  frame 996 pc ff8205b0 blit 107138 late 0 skip 0 snd_stalls 1 snd_pc 0218 unimpl 0
cyc 105385 bal      0  in0 ffff in1 ffff  frame 997 pc ff820580 blit 106561 late 0 skip 0 snd_stalls 1 snd_pc dd87 unimpl 0
cyc 105385 bal      1  in0 ffff in1 ffff  frame 998 pc ff820560 blit 106741 late 0 skip 0 snd_stalls 1 snd_pc 023b unimpl 0
cyc 105386 bal      0  in0 ffff in1 ffff  frame 999 pc ff8204c0 blit 106460 late 0 skip 0 snd_stalls 1 snd_pc ffff unimpl 0
cyc 105387 bal      1  in0 ffff in1 ffff  frame 1000 pc ff8204a0 blit 107802 late 0 skip 0 snd_stalls 1 snd_pc dc1f unimpl 0
cyc 105386 bal      0  in0 ffff in1 ffff  frame 1001 pc ff820490 blit 106683 late 0 skip 0 snd_stalls 1 snd_pc ffff unimpl 0
cyc 105392 bal      5  in0 ffff in1 ffff  frame 1002 pc ff8204a0 blit 106819 late 0 skip 0 snd_stalls 1 snd_pc f537 unimpl 0
cyc 105385 bal      2  in0 ffff in1 ffff  frame 1003 pc ff820480 blit 107376 late 0 skip 0 snd_stalls 1 snd_pc ffff unimpl 0
cyc 105387 bal      3  in0 ffff in1 ffff  frame 1004 pc ff820480 blit 107466 late 0 skip 0 snd_stalls 1 snd_pc dd99 unimpl 0
cyc 105383 bal      1  in0 ffff in1 ffff  frame 1005 pc ff8205b0 blit 107943 late 0 skip 0 snd_stalls 1 snd_pc dc1e unimpl 0
cyc 105387 bal      1  in0 ffff in1 ffff  frame 1006 pc ff8205b0 blit 108053 late 0 skip 0 snd_stalls 1 snd_pc 2400 unimpl 0
cyc 105385 bal      0  in0 ffff in1 ffff  frame 1007 pc ff820580 blit 106719 late 0 skip 0 snd_stalls 1 snd_pc 0217 unimpl 0
cyc 105387 bal      1  in0 ffff in1 ffff  frame 1008 pc ff820560 blit 107605 late 0 skip 0 snd_stalls 1 snd_pc 0217 unimpl 0
cyc 105389 bal      0  in0 ffff in1 ffff  frame 1009 pc ff8204e0 blit 107630 late 0 skip 0 snd_stalls 1 snd_pc ffff unimpl 0
cyc 105386 bal      0  in0 ffff in1 ffff  frame 1010 pc ff8204e0 blit 107383 late 0 skip 0 snd_stalls 1 snd_pc ffff unimpl 0
cyc 105388 bal      0  in0 ffff in1 ffff  frame 1011 pc ff8204c0 blit 106733 late 0 skip 0 snd_stalls 1 snd_pc dd81 unimpl 0
cyc 105387 bal      0  in0 ffff in1 ffff  frame 1012 pc ff8204b0 blit 107851 late 0 skip 0 snd_stalls 1 snd_pc 1ffc unimpl 0
cyc 105390 bal      4  in0 ffff in1 ffff  frame 1013 pc ff8204a0 blit 106584 late 0 skip 0 snd_stalls 1 snd_pc dd92 unimpl 0
cyc 105382 bal      0  in0 ffff in1 ffff  frame 1014 pc ff820490 blit 106964 late 0 skip 0 snd_stalls 1 snd_pc 02ba unimpl 0
cyc 105390 bal      3  in0 ffff in1 ffff  frame 1015 pc ff820480 blit 108396 late 0 skip 0 snd_stalls 1 snd_pc dc0a unimpl 0
cyc 105382 bal      0  in0 ffff in1 ffff  frame 1016 pc ff8205b0 blit 106514 late 0 skip 0 snd_stalls 1 snd_pc ffff unimpl 0
cyc 105384 bal      0  in0 ffff in1 ffff  frame 1017 pc ff820580 blit 106580 late 0 skip 0 snd_stalls 1 snd_pc 0219 unimpl 0
cyc 105388 bal      1  in0 ffff in1 ffff  frame 1018 pc ff820580 blit 108122 late 0 skip 0 snd_stalls 1 snd_pc dd8e unimpl 0
cyc 105387 bal      0  in0 ffff in1 ffff  frame 1019 pc ff8204e0 blit 106877 late 0 skip 0 snd_stalls 1 snd_pc dd97 unimpl 0
cyc 105386 bal      0  in0 ffff in1 ffff  frame 1020 pc ff8204e0 blit 107374 late 0 skip 0 snd_stalls 1 snd_pc 023b unimpl 0
cyc 105389 bal      1  in0 ffff in1 ffff  frame 1021 pc ff8204c0 blit 106711 late 0 skip 0 snd_stalls 1 snd_pc dd8e unimpl 0
cyc 105388 bal      0  in0 ffff in1 ffff  frame 1022 pc ff8204d0 blit 108125 late 0 skip 0 snd_stalls 1 snd_pc dd98 unimpl 0
cyc 105387 bal      0  in0 ffff in1 ffff  frame 1023 pc ff8204b0 blit 106548 late 0 skip 0 snd_stalls 1 snd_pc 2401 unimpl 0
cyc 105389 bal      2  in0 ffff in1 ffff  frame 1024 pc ff8204a0 blit 107968 late 0 skip 0 snd_stalls 1 snd_pc f53c unimpl 0
cyc 105391 bal      3  in0 ffff in1 ffff  frame 1025 pc ff8204a0 blit 107630 late 0 skip 0 snd_stalls 1 snd_pc fff7 unimpl 0
cyc 105387 bal      3  in0 ffff in1 ffff  frame 1026 pc ff8204a0 blit 107223 late 0 skip 0 snd_stalls 1 snd_pc ffff unimpl 0
cyc 105385 bal      3  in0 ffff in1 ffff  frame 1027 pc ff820480 blit 107970 late 0 skip 0 snd_stalls 1 snd_pc dc1f unimpl 0
cyc 105387 bal      3  in0 ffff in1 ffff  frame 1028 pc ff820480 blit 107414 late 0 skip 0 snd_stalls 1 snd_pc dd85 unimpl 0
cyc 105383 bal      0  in0 ffff in1 ffff  frame 1029 pc ff8205b0 blit 107444 late 0 skip 0 snd_stalls 1 snd_pc ffff unimpl 0
cyc 105387 bal      1  in0 ffff in1 ffff  frame 1030 pc ff8205b0 blit 108220 late 0 skip 0 snd_stalls 1 snd_pc dd95 unimpl 0
cyc 105386 bal      0  in0 ffff in1 ffff  frame 1031 pc ff820480 blit 106853 late 0 skip 0 snd_stalls 1 snd_pc 04ce unimpl 0
cyc 105324 bal      0  in0 ffff in1 ffff  frame 1032 pc ff8205b0 blit 107424 late 0 skip 0 snd_stalls 1 snd_pc 2400 unimpl 0
cyc 105340 bal      3  in0 ffff in1 ffff  frame 1033 pc ff8205d0 blit 109002 late 0 skip 0 snd_stalls 1 snd_pc dd91 unimpl 0
cyc 105337 bal      1  in0 ffff in1 ffff  frame 1034 pc ff8204d0 blit 108145 late 0 skip 0 snd_stalls 1 snd_pc dc1f unimpl 0
cyc 105342 bal      1  in0 ffff in1 ffff  frame 1035 pc ff8205b0 blit 107730 late 0 skip 0 snd_stalls 1 snd_pc ffff unimpl 0
cyc 105342 bal      4  in0 ffff in1 ffff  frame 1036 pc ff8204a0 blit 108370 late 0 skip 0 snd_stalls 1 snd_pc dd97 unimpl 0
cyc 105336 bal      1  in0 ffff in1 ffff  frame 1037 pc ff8204e0 blit 108326 late 0 skip 0 snd_stalls 1 snd_pc f536 unimpl 0
cyc 105345 bal      4  in0 ffff in1 ffff  frame 1038 pc ff820480 blit 107516 late 0 skip 0 snd_stalls 1 snd_pc 2401 unimpl 0
cyc 105337 bal      2  in0 ffff in1 ffff  frame 1039 pc ff8204a0 blit 108376 late 0 skip 0 snd_stalls 1 snd_pc 1ffc unimpl 0
cyc 105339 bal      1  in0 ffff in1 ffff  frame 1040 pc ff820580 blit 107455 late 0 skip 0 snd_stalls 1 snd_pc dd8e unimpl 0
cyc 105344 bal      3  in0 ffff in1 ffff  frame 1041 pc ff820480 blit 108226 late 0 skip 0 snd_stalls 1 snd_pc f538 unimpl 0
cyc 105335 bal      0  in0 ffff in1 ffff  frame 1042 pc ff8204c0 blit 109158 late 0 skip 0 snd_stalls 1 snd_pc 0238 unimpl 0
cyc 105341 bal      1  in0 ffff in1 ffff  frame 1043 pc ff8205a0 blit 108647 late 0 skip 0 snd_stalls 1 snd_pc dd7a unimpl 0
cyc 105340 bal      0  in0 ffff in1 ffff  frame 1044 pc ff820480 blit 107809 late 0 skip 0 snd_stalls 1 snd_pc 022a unimpl 0
cyc 105339 bal      0  in0 ffff in1 ffff  frame 1045 pc ff8204d0 blit 107782 late 0 skip 0 snd_stalls 1 snd_pc dd94 unimpl 0
cyc 105341 bal      1  in0 ffff in1 ffff  frame 1046 pc ff8205b0 blit 108406 late 0 skip 0 snd_stalls 1 snd_pc dd9a unimpl 0
cyc 105344 bal      3  in0 ffff in1 ffff  frame 1047 pc ff8204a0 blit 108044 late 0 skip 0 snd_stalls 1 snd_pc dc05 unimpl 0
cyc 105338 bal      0  in0 ffff in1 ffff  frame 1048 pc ff820570 blit 107154 late 0 skip 0 snd_stalls 1 snd_pc ffff unimpl 0
cyc 105345 bal      4  in0 ffff in1 ffff  frame 1049 pc ff820480 blit 108224 late 0 skip 0 snd_stalls 1 snd_pc dc1f unimpl 0
cyc 105337 bal      1  in0 ffff in1 ffff  frame 1050 pc ff8204d0 blit 108230 late 0 skip 0 snd_stalls 1 snd_pc dd91 unimpl 0
cyc 105342 bal      2  in0 ffff in1 ffff  frame 1051 pc ff8205b0 blit 108711 late 0 skip 0 snd_stalls 1 snd_pc ffff unimpl 0
cyc 105336 bal      1  in0 ffff in1 ffff  frame 1052 pc ff820480 blit 108562 late 0 skip 0 snd_stalls 1 snd_pc fff6 unimpl 0
cyc 105341 bal      1  in0 ffff in1 ffff  frame 1053 pc ff8204e0 blit 108389 late 0 skip 0 snd_stalls 1 snd_pc 2401 unimpl 0
cyc 105338 bal     -1  in0 ffff in1 ffff  frame 1054 pc ff8205b0 blit 107475 late 0 skip 0 snd_stalls 1 snd_pc dc1a unimpl 0
cyc 105344 bal      2  in0 ffff in1 ffff  frame 1055 pc ff8204a0 blit 107701 late 0 skip 0 snd_stalls 1 snd_pc 2401 unimpl 0
cyc 105339 bal      1  in0 ffff in1 ffff  frame 1056 pc ff820570 blit 108447 late 0 skip 0 snd_stalls 1 snd_pc f51d unimpl 0
cyc 105339 bal     -1  in0 ffff in1 ffff  frame 1057 pc ff820460 blit 108669 late 0 skip 0 snd_stalls 1 snd_pc 1ffc unimpl 0
cyc 105342 bal      0  in0 ffff in1 ffff  frame 1058 pc ff8204d0 blit 108222 late 0 skip 0 snd_stalls 1 snd_pc dd7e unimpl 0
cyc 105339 bal      0  in0 ffff in1 ffff  frame 1059 pc ff8205a0 blit 109080 late 0 skip 0 snd_stalls 1 snd_pc dc15 unimpl 0
cyc 105345 bal      2  in0 ffff in1 ffff  frame 1060 pc ff8204a0 blit 107536 late 0 skip 0 snd_stalls 1 snd_pc dd89 unimpl 0
cyc 105339 bal      0  in0 ffff in1 ffff  frame 1061 pc ff820580 blit 108193 late 0 skip 0 snd_stalls 1 snd_pc dd94 unimpl 0
cyc 105342 bal      2  in0 ffff in1 ffff  frame 1062 pc ff820480 blit 107362 late 0 skip 0 snd_stalls 1 snd_pc f51d unimpl 0
cyc 105337 bal      0  in0 ffff in1 ffff  frame 1063 pc ff8204a0 blit 108720 late 0 skip 0 snd_stalls 1 snd_pc ffff unimpl 0
cyc 105339 bal      0  in0 ffff in1 ffff  frame 1064 pc ff820560 blit 107144 late 0 skip 0 snd_stalls 1 snd_pc 0238 unimpl 0
cyc 105386 bal      0  in0 ffff in1 ffff  frame 1065 pc ff8204f0 blit 106500 late 0 skip 0 snd_stalls 1 snd_pc dd86 unimpl 0
cyc 105387 bal      1  in0 ffff in1 ffff  frame 1066 pc ff820570 blit 107456 late 0 skip 0 snd_stalls 1 snd_pc dc22 unimpl 0
cyc 105386 bal      1  in0 ffff in1 ffff  frame 1067 pc ff820560 blit 106415 late 0 skip 0 snd_stalls 1 snd_pc ffff unimpl 0
cyc 105386 bal      0  in0 ffff in1 ffff  frame 1068 pc ff820590 blit 107761 late 0 skip 0 snd_stalls 1 snd_pc f522 unimpl 0
cyc 105389 bal      1  in0 ffff in1 ffff  frame 1069 pc ff8205a0 blit 107069 late 0 skip 0 snd_stalls 1 snd_pc dc07 unimpl 0
cyc 105388 bal      2  in0 ffff in1 ffff  frame 1070 pc ff8205b0 blit 106862 late 0 skip 0 snd_stalls 1 snd_pc dd8c unimpl 0
cyc 105385 bal      2  in0 ffff in1 ffff  frame 1071 pc ff830190 blit 106695 late 0 skip 0 snd_stalls 1 snd_pc 022a unimpl 0
cyc 114225 bal      0  in0 ffff in1 ffff  frame 1072 pc ff82e450 blit 0 late 0 skip 0 snd_stalls 1 snd_pc dd8e unimpl 0
cyc 113859 bal      1  in0 ffff in1 ffff  frame 1073 pc ff82e1a0 blit 0 late 0 skip 0 snd_stalls 1 snd_pc f53c unimpl 0
cyc  43483 bal    -63  in0 ffff in1 ffff  frame 1074 pc ff820c70 blit 0 late 0 skip 0 snd_stalls 1 snd_pc ffff unimpl 0
cyc  43201 bal    -64  in0 ffff in1 ffff  frame 1075 pc ff820c70 blit 0 late 0 skip 0 snd_stalls 1 snd_pc 2401 unimpl 0
cyc  43221 bal    -64  in0 ffff in1 ffff  frame 1076 pc ff820c90 blit 0 late 0 skip 0 snd_stalls 1 snd_pc ffff unimpl 0
cyc 111652 bal      2  in0 ffff in1 ffff  frame 1077 pc ff82e1a0 blit 0 late 0 skip 0 snd_stalls 1 snd_pc 1ffd unimpl 0
cyc 114225 bal      1  in0 ffff in1 ffff  frame 1078 pc ff8205a0 blit 0 late 0 skip 0 snd_stalls 1 snd_pc f538 unimpl 0
cyc 105391 bal      2  in0 ffff in1 ffff  frame 1079 pc ff833480 blit 0 late 0 skip 0 snd_stalls 1 snd_pc f51d unimpl 0
cyc 105122 bal     -1  in0 ffff in1 ffff  frame 1080 pc ff971280 blit 0 late 0 skip 0 snd_stalls 1 snd_pc dd7a unimpl 0
cyc 114215 bal      0  in0 ffff in1 ffff  frame 1081 pc ff8204e0 blit 0 late 0 skip 0 snd_stalls 1 snd_pc ffff unimpl 0
cyc 104848 bal      5  in0 ffff in1 ffff  frame 1082 pc ff8204a0 blit 537402 late 0 skip 0 snd_stalls 1 snd_pc ffff unimpl 0
cyc 105192 bal     -1  in0 ffff in1 ffff  frame 1083 pc ff8205b0 blit 537510 late 0 skip 0 snd_stalls 1 snd_pc 1ffd unimpl 0
cyc 105219 bal      1  in0 ffff in1 ffff  frame 1084 pc ff8204a0 blit 538006 late 0 skip 0 snd_stalls 1 snd_pc f51d unimpl 0
cyc 105227 bal      4  in0 ffff in1 ffff  frame 1085 pc ff82e560 blit 310731 late 0 skip 0 snd_stalls 1 snd_pc f53d unimpl 0
cyc 112627 bal     -2  in0 ffff in1 ffff  frame 1086 pc ff8213f0 blit 202129 late 0 skip 0 snd_stalls 1 snd_pc dc17 unimpl 0
cyc 114230 bal      0  in0 ffff in1 ffff  frame 1087 pc ff820460 blit 0 late 0 skip 0 snd_stalls 1 snd_pc dd87 unimpl 0
cyc 105117 bal      5  in0 ffff in1 ffff  frame 1088 pc ff8204a0 blit 535409 late 0 skip 0 snd_stalls 1 snd_pc 1ffb unimpl 0
cyc 105149 bal      0  in0 ffff in1 ffff  frame 1089 pc ff820480 blit 538246 late 0 skip 0 snd_stalls 1 snd_pc dd8c unimpl 0
cyc 105230 bal      0  in0 ffff in1 ffff  frame 1090 pc ff820460 blit 529508 late 0 skip 0 snd_stalls 1 snd_pc ffff unimpl 0
cyc 105248 bal      1  in0 ffff in1 ffff  frame 1091 pc ff820590 blit 534607 late 0 skip 0 snd_stalls 1 snd_pc dc09 unimpl 0
cyc 105236 bal     -2  in0 ffff in1 ffff  frame 1092 pc ff8205c0 blit 537405 late 0 skip 0 snd_stalls 1 snd_pc f51f unimpl 0
cyc 105225 bal      0  in0 ffff in1 ffff  frame 1093 pc ff820590 blit 529374 late 0 skip 0 snd_stalls 1 snd_pc dc3c unimpl 0
cyc 105230 bal      0  in0 ffff in1 ffff  frame 1094 pc ff820570 blit 536847 late 0 skip 0 snd_stalls 1 snd_pc dd92 unimpl 0
cyc 105311 bal      2  in0 ffff in1 ffff  frame 1095 pc ff8205b0 blit 534149 late 0 skip 0 snd_stalls 1 snd_pc 2401 unimpl 0
cyc 105205 bal      0  in0 ffff in1 ffff  frame 1096 pc ff8205a0 blit 537726 late 0 skip 0 snd_stalls 1 snd_pc dc07 unimpl 0
cyc 105228 bal      0  in0 ffff in1 ffff  frame 1097 pc ff8205a0 blit 534865 late 0 skip 0 snd_stalls 1 snd_pc dd7e unimpl 0
cyc 105200 bal      1  in0 ffff in1 ffff  frame 1098 pc ff8204a0 blit 537999 late 0 skip 0 snd_stalls 1 snd_pc dc20 unimpl 0
cyc 105143 bal     -1  in0 ffff in1 ffff  frame 1099 pc ff8205c0 blit 537450 late 0 skip 0 snd_stalls 1 snd_pc 2401 unimpl 0
cyc 105182 bal     -1  in0 ffff in1 ffff  frame 1100 pc ff8205b0 blit 535774 late 0 skip 0 snd_stalls 1 snd_pc f53c unimpl 0
cyc 105221 bal      1  in0 ffff in1 ffff  frame 1101 pc ff820560 blit 538014 late 0 skip 0 snd_stalls 1 snd_pc 2401 unimpl 0
cyc 105233 bal      1  in0 ffff in1 ffff  frame 1102 pc ff820560 blit 535459 late 0 skip 0 snd_stalls 1 snd_pc dd79 unimpl 0
cyc 105226 bal      0  in0 ffff in1 ffff  frame 1103 pc ff8204d0 blit 538120 late 0 skip 0 snd_stalls 1 snd_pc dc1c unimpl 0
cyc 105218 bal      1  in0 ffff in1 ffff  frame 1104 pc ff8205b0 blit 536151 late 0 skip 0 snd_stalls 1 snd_pc dd85 unimpl 0
cyc 105229 bal      0  in0 ffff in1 ffff  frame 1105 pc ff8205b0 blit 538434 late 0 skip 0 snd_stalls 1 snd_pc ffff unimpl 0
cyc 105200 bal      0  in0 ffff in1 ffff  frame 1106 pc ff8204e0 blit 534216 late 0 skip 0 snd_stalls 1 snd_pc 1ffc unimpl 0
cyc 105246 bal      3  in0 ffff in1 ffff  frame 1107 pc ff820480 blit 535894 late 0 skip 0 snd_stalls 1 snd_pc dd90 unimpl 0
cyc 105237 bal      0  in0 ffff in1 ffff  frame 1108 pc ff8204a0 blit 537530 late 0 skip 0 snd_stalls 1 snd_pc dc18 unimpl 0
cyc 105118 bal      1  in0 ffff in1 ffff  frame 1109 pc ff8205b0 blit 535653 late 0 skip 0 snd_stalls 1 snd_pc dd8c unimpl 0
cyc 105314 bal      3  in0 ffff in1 ffff  frame 1110 pc ff820480 blit 536219 late 0 skip 0 snd_stalls 1 snd_pc 1ffd unimpl 0
cyc 105212 bal      0  in0 ffff in1 ffff  frame 1111 pc ff8204d0 blit 534262 late 0 skip 0 snd_stalls 1 snd_pc ffff unimpl 0
cyc 105207 bal      0  in0 ffff in1 ffff  frame 1112 pc ff8204c0 blit 536629 late 0 skip 0 snd_stalls 1 snd_pc dd97 unimpl 0
cyc 105247 bal      3  in0 ffff in1 ffff  frame 1113 pc ff820480 blit 536311 late 0 skip 0 snd_stalls 1 snd_pc ffff unimpl 0
cyc 105144 bal      1  in0 ffff in1 ffff  frame 1114 pc ff820560 blit 536204 late 0 skip 0 snd_stalls 1 snd_pc dd7e unimpl 0
cyc 105213 bal     -1  in0 ffff in1 ffff  frame 1115 pc ff8205b0 blit 535832 late 0 skip 0 snd_stalls 1 snd_pc 023c unimpl 0
cyc 105219 bal      1  in0 ffff in1 ffff  frame 1116 pc ff8204a0 blit 537603 late 0 skip 0 snd_stalls 1 snd_pc 2401 unimpl 0
cyc 105214 bal      1  in0 ffff in1 ffff  frame 1117 pc ff8205a0 blit 539054 late 0 skip 0 snd_stalls 1 snd_pc f53c unimpl 0
cyc 105217 bal      1  in0 ffff in1 ffff  frame 1118 pc ff820480 blit 537529 late 0 skip 0 snd_stalls 1 snd_pc dc08 unimpl 0
cyc 105180 bal      0  in0 ffff in1 ffff  frame 1119 pc ff820490 blit 536687 late 0 skip 0 snd_stalls 1 snd_pc dd81 unimpl 0
cyc 105245 bal      1  in0 ffff in1 ffff  frame 1120 pc ff820580 blit 535886 late 0 skip 0 snd_stalls 1 snd_pc dd99 unimpl 0
cyc 105216 bal      2  in0 ffff in1 ffff  frame 1121 pc ff820480 blit 535515 late 0 skip 0 snd_stalls 1 snd_pc dd8f unimpl 0
cyc 105203 bal     -1  in0 ffff in1 ffff  frame 1122 pc ff8205b0 blit 536205 late 0 skip 0 snd_stalls 1 snd_pc f53d unimpl 0
cyc 105243 bal      0  in0 ffff in1 ffff  frame 1123 pc ff8204d0 blit 534487 late 0 skip 0 snd_stalls 1 snd_pc ffff unimpl 0
cyc 105218 bal      0  in0 ffff in1 ffff  frame 1124 pc ff8205b0 blit 536465 late 0 skip 0 snd_stalls 1 snd_pc dd7f unimpl 0
cyc 105226 bal      0  in0 ffff in1 ffff  frame 1125 pc ff8205a0 blit 535573 late 0 skip 0 snd_stalls 1 snd_pc 2401 unimpl 0
cyc 105268 bal      0  in0 ffff in1 ffff  frame 1126 pc ff820490 blit 536532 late 0 skip 0 snd_stalls 1 snd_pc dd86 unimpl 0
cyc 105129 bal      1  in0 ffff in1 ffff  frame 1127 pc ff820480 blit 536545 late 0 skip 0 snd_stalls 1 snd_pc f521 unimpl 0
cyc 105242 bal      0  in0 ffff in1 ffff  frame 1128 pc ff8204f0 blit 535743 late 0 skip 0 snd_stalls 1 snd_pc ffff unimpl 0
cyc 105245 bal      3  in0 ffff in1 ffff  frame 1129 pc ff820480 blit 536445 late 0 skip 0 snd_stalls 1 snd_pc 04cf unimpl 0
cyc 105195 bal      1  in0 ffff in1 ffff  frame 1130 pc ff820560 blit 536720 late 0 skip 0 snd_stalls 1 snd_pc dc1b unimpl 0
cyc 105213 bal     -1  in0 ffff in1 ffff  frame 1131 pc ff820460 blit 535023 late 0 skip 0 snd_stalls 1 snd_pc ffff unimpl 0
cyc 105252 bal      0  in0 ffff in1 ffff  frame 1132 pc ff8205a0 blit 534575 late 0 skip 0 snd_stalls 1 snd_pc 0218 unimpl 0
cyc 105215 bal      2  in0 ffff in1 ffff  frame 1133 pc ff820480 blit 538046 late 0 skip 0 snd_stalls 1 snd_pc dd7c unimpl 0
cyc 105240 bal      0  in0 ffff in1 ffff  frame 1134 pc ff8204c0 blit 534752 late 0 skip 0 snd_stalls 1 snd_pc dd96 unimpl 0
cyc 105247 bal      0  in0 ffff in1 ffff  frame 1135 pc ff820490 blit 536469 late 0 skip 0 snd_stalls 1 snd_pc dd8d unimpl 0
cyc 105157 bal      1  in0 ffff in1 ffff  frame 1136 pc ff820480 blit 536073 late 0 skip 0 snd_stalls 1 snd_pc dd82 unimpl 0
cyc 105247 bal      2  in0 ffff in1 ffff  frame 1137 pc ff8205b0 blit 534296 late 0 skip 0 snd_stalls 1 snd_pc dc3e unimpl 0
cyc 105160 bal      1  in0 ffff in1 ffff  frame 1138 pc ff8205b0 blit 535685 late 0 skip 0 snd_stalls 1 snd_pc ffff unimpl 0
cyc 105261 bal      2  in0 ffff in1 ffff  frame 1139 pc ff820480 blit 537126 late 0 skip 0 snd_stalls 1 snd_pc f53c unimpl 0
cyc 105210 bal      0  in0 ffff in1 ffff  frame 1140 pc ff8204b0 blit 535673 late 0 skip 0 snd_stalls 1 snd_pc dd88 unimpl 0
cyc 105163 bal      1  in0 ffff in1 ffff  frame 1141 pc ff820560 blit 536202 late 0 skip 0 snd_stalls 1 snd_pc dd7e unimpl 0
cyc 105204 bal      1  in0 ffff in1 ffff  frame 1142 pc ff8204a0 blit 535568 late 0 skip 0 snd_stalls 1 snd_pc ffff unimpl 0
cyc 105239 bal      0  in0 ffff in1 ffff  frame 1143 pc ff820570 blit 534287 late 0 skip 0 snd_stalls 1 snd_pc f537 unimpl 0
cyc 105248 bal      3  in0 ffff in1 ffff  frame 1144 pc ff820480 blit 534670 late 0 skip 0 snd_stalls 1 snd_pc 0217 unimpl 0
cyc 105213 bal      4  in0 ffff in1 ffff  frame 1145 pc ff8204a0 blit 534624 late 0 skip 0 snd_stalls 1 snd_pc ffff unimpl 0
cyc 105212 bal      1  in0 ffff in1 ffff  frame 1146 pc ff8204a0 blit 536049 late 0 skip 0 snd_stalls 1 snd_pc ffff unimpl 0
cyc 105214 bal      0  in0 ffff in1 ffff  frame 1147 pc ff820570 blit 536701 late 0 skip 0 snd_stalls 1 snd_pc 2401 unimpl 0
cyc 105228 bal      0  in0 ffff in1 ffff  frame 1148 pc ff8204b0 blit 537223 late 0 skip 0 snd_stalls 1 snd_pc dd95 unimpl 0
cyc 105114 bal      2  in0 ffff in1 ffff  frame 1149 pc ff820400 blit 536156 late 0 skip 0 snd_stalls 1 snd_pc ffff unimpl 0
cyc 105231 bal      0  in0 ffff in1 ffff  frame 1150 pc ff8204c0 blit 535940 late 0 skip 0 snd_stalls 1 snd_pc dd81 unimpl 0
cyc 105225 bal      4  in0 ffff in1 ffff  frame 1151 pc ff820480 blit 534821 late 0 skip 0 snd_stalls 1 snd_pc dd9a unimpl 0
cyc 105246 bal      1  in0 ffff in1 ffff  frame 1152 pc ff820560 blit 534749 late 0 skip 0 snd_stalls 1 snd_pc dd92 unimpl 0
cyc 105261 bal      2  in0 ffff in1 ffff  frame 1153 pc ff820420 blit 535625 late 0 skip 0 snd_stalls 1 snd_pc 2401 unimpl 0
cyc 105203 bal      1  in0 ffff in1 ffff  frame 1154 pc ff8204a0 blit 536501 late 0 skip 0 snd_stalls 1 snd_pc ffff unimpl 0
cyc 105207 bal      0  in0 ffff in1 ffff  frame 1155 pc ff8204b0 blit 535904 late 0 skip 0 snd_stalls 1 snd_pc 1ffa unimpl 0
cyc 105293 bal      0  in0 ffff in1 ffff  frame 1156 pc ff820580 blit 533141 late 0 skip 0 snd_stalls 1 snd_pc f520 unimpl 0
cyc 105233 bal      0  in0 ffff in1 ffff  frame 1157 pc ff8205a0 blit 534999 late 0 skip 0 snd_stalls 1 snd_pc dc1a unimpl 0
cyc 105184 bal      0  in0 ffff in1 ffff  frame 1158 pc ff820580 blit 536055 late 0 skip 0 snd_stalls 1 snd_pc dd7e unimpl 0
cyc 105231 bal      0  in0 ffff in1 ffff  frame 1159 pc ff820560 blit 534750 late 0 skip 0 snd_stalls 1 snd_pc f51d unimpl 0
cyc 105149 bal      4  in0 ffff in1 ffff  frame 1160 pc ff820480 blit 538176 late 0 skip 0 snd_stalls 1 snd_pc ffff unimpl 0
cyc 105245 bal      0  in0 ffff in1 ffff  frame 1161 pc ff820590 blit 535922 late 0 skip 0 snd_stalls 1 snd_pc dd7e unimpl 0
cyc 105136 bal      1  in0 ffff in1 ffff  frame 1162 pc ff820560 blit 536349 late 0 skip 0 snd_stalls 1 snd_pc 0216 unimpl 0
cyc 105146 bal      3  in0 ffff in1 ffff  frame 1163 pc ff820480 blit 535560 late 0 skip 0 snd_stalls 1 snd_pc dd7b unimpl 0
cyc 105228 bal      0  in0 ffff in1 ffff  frame 1164 pc ff8205b0 blit 537796 late 0 skip 0 snd_stalls 1 snd_pc dc3e unimpl 0
cyc 105214 bal      2  in0 ffff in1 ffff  frame 1165 pc ff820480 blit 536102 late 0 skip 0 snd_stalls 1 snd_pc 04ce unimpl 0
cyc 105195 bal      0  in0 ffff in1 ffff  frame 1166 pc ff8204e0 blit 534358 late 0 skip 0 snd_stalls 1 snd_pc 02ba unimpl 0
cyc 105228 bal      2  in0 ffff in1 ffff  frame 1167 pc ff8204a0 blit 535640 late 0 skip 0 snd_stalls 1 snd_pc dc08 unimpl 0
cyc 105260 bal      2  in0 ffff in1 ffff  frame 1168 pc ff8204a0 blit 537802 late 0 skip 0 snd_stalls 1 snd_pc ffff unimpl 0
cyc 105120 bal      0  in0 ffff in1 ffff  frame 1169 pc ff8205b0 blit 534694 late 0 skip 0 snd_stalls 1 snd_pc dc3c unimpl 0
cyc 105200 bal      2  in0 ffff in1 ffff  frame 1170 pc ff833480 blit 538033 late 0 skip 0 snd_stalls 1 snd_pc dd92 unimpl 0
cyc 105260 bal      1  in0 ffff in1 ffff  frame 1171 pc ff8204d0 blit 535966 late 0 skip 0 snd_stalls 1 snd_pc f520 unimpl 0
cyc 105209 bal      0  in0 ffff in1 ffff  frame 1172 pc ff8204c0 blit 538054 late 0 skip 0 snd_stalls 1 snd_pc 023b unimpl 0
cyc 105250 bal      4  in0 ffff in1 ffff  frame 1173 pc ff820480 blit 534000 late 0 skip 0 snd_stalls 1 snd_pc dd83 unimpl 0
cyc 105205 bal      0  in0 ffff in1 ffff  frame 1174 pc ff820460 blit 536084 late 0 skip 0 snd_stalls 1 snd_pc f522 unimpl 0
cyc 105178 bal      0  in0 ffff in1 ffff  frame 1175 pc ff8205a0 blit 535980 late 0 skip 0 snd_stalls 1 snd_pc dd8e unimpl 0
cyc 105225 bal      1  in0 ffff in1 ffff  frame 1176 pc ff8204a0 blit 535553 late 0 skip 0 snd_stalls 1 snd_pc dd83 unimpl 0
cyc 105260 bal      0  in0 ffff in1 ffff  frame 1177 pc ff8204e0 blit 536253 late 0 skip 0 snd_stalls 1 snd_pc ffff unimpl 0
cyc 105237 bal      1  in0 ffff in1 ffff  frame 1178 pc ff8204d0 blit 536036 late 0 skip 0 snd_stalls 1 snd_pc 0200 unimpl 0
cyc 105093 bal      2  in0 ffff in1 ffff  frame 1179 pc ff8205b0 blit 533882 late 0 skip 0 snd_stalls 1 snd_pc dc1b unimpl 0
cyc 105151 bal      0  in0 ffff in1 ffff  frame 1180 pc ff8204f0 blit 536430 late 0 skip 0 snd_stalls 1 snd_pc dd8a unimpl 0
cyc 105216 bal      2  in0 ffff in1 ffff  frame 1181 pc ff8205b0 blit 535315 late 0 skip 0 snd_stalls 1 snd_pc ffff unimpl 0
cyc 105235 bal      2  in0 ffff in1 ffff  frame 1182 pc ff8205b0 blit 534531 late 0 skip 0 snd_stalls 1 snd_pc f51d unimpl 0
cyc 105195 bal      3  in0 ffff in1 ffff  frame 1183 pc ff8204a0 blit 536330 late 0 skip 0 snd_stalls 1 snd_pc 1ffd unimpl 0
cyc 105248 bal      2  in0 ffff in1 ffff  frame 1184 pc ff8205b0 blit 534943 late 0 skip 0 snd_stalls 1 snd_pc ffff unimpl 0
cyc 105244 bal      1  in0 ffff in1 ffff  frame 1185 pc ff8204a0 blit 538336 late 0 skip 0 snd_stalls 1 snd_pc 2401 unimpl 0
cyc 105197 bal      0  in0 ffff in1 ffff  frame 1186 pc ff8205b0 blit 535604 late 0 skip 0 snd_stalls 1 snd_pc 1ffc unimpl 0
cyc 105243 bal      1  in0 ffff in1 ffff  frame 1187 pc ff820480 blit 535355 late 0 skip 0 snd_stalls 1 snd_pc f51d unimpl 0
cyc 105218 bal      0  in0 ffff in1 ffff  frame 1188 pc ff8204d0 blit 536700 late 0 skip 0 snd_stalls 1 snd_pc f539 unimpl 0
cyc 105214 bal      0  in0 ffff in1 ffff  frame 1189 pc ff8205b0 blit 536519 late 0 skip 0 snd_stalls 1 snd_pc 0238 unimpl 0
cyc 105220 bal      0  in0 ffff in1 ffff  frame 1190 pc ff820490 blit 535679 late 0 skip 0 snd_stalls 1 snd_pc ffff unimpl 0
cyc 105220 bal      0  in0 ffff in1 ffff  frame 1191 pc ff820570 blit 534954 late 0 skip 0 snd_stalls 1 snd_pc 023c unimpl 0
cyc 105228 bal      4  in0 ffff in1 ffff  frame 1192 pc ff8204a0 blit 536651 late 0 skip 0 snd_stalls 1 snd_pc dd8b unimpl 0
cyc 105209 bal      0  in0 ffff in1 ffff  frame 1193 pc ff8204d0 blit 538356 late 0 skip 0 snd_stalls 1 snd_pc f522 unimpl 0
cyc 105198 bal      1  in0 ffff in1 ffff  frame 1194 pc ff8205b0 blit 536275 late 0 skip 0 snd_stalls 1 snd_pc 023c unimpl 0
cyc 105221 bal      0  in0 ffff in1 ffff  frame 1195 pc ff8204c0 blit 534342 late 0 skip 0 snd_stalls 1 snd_pc dd9a unimpl 0
cyc 105184 bal      2  in0 ffff in1 ffff  frame 1196 pc ff8204a0 blit 535779 late 0 skip 0 snd_stalls 1 snd_pc dc20 unimpl 0
cyc 105220 bal      1  in0 ffff in1 ffff  frame 1197 pc ff8205b0 blit 536571 late 0 skip 0 snd_stalls 1 snd_pc f51d unimpl 0
cyc 105217 bal      1  in0 ffff in1 ffff  frame 1198 pc ff820480 blit 535891 late 0 skip 0 snd_stalls 1 snd_pc f51f unimpl 0
cyc 105232 bal      3  in0 ffff in1 ffff  frame 1199 pc ff820480 blit 536471 late 0 skip 0 snd_stalls 1 snd_pc ffff unimpl 0
cyc 105251 bal      0  in0 ffff in1 ffff  frame 1200 pc ff8205b0 blit 535009 late 0 skip 0 snd_stalls 1 snd_pc ffff unimpl 0
cyc 105253 bal      0  in0 ffff in1 ffff  frame 1201 pc ff820560 blit 535540 late 0 skip 0 snd_stalls 1 snd_pc dc1a unimpl 0
cyc 105226 bal      2  in0 ffff in1 ffff  frame 1202 pc ff820480 blit 535999 late 0 skip 0 snd_stalls 1 snd_pc ffff unimpl 0
cyc 105262 bal      4  in0 ffff in1 ffff  frame 1203 pc ff8204a0 blit 534161 late 0 skip 0 snd_stalls 1 snd_pc f53c unimpl 0
cyc 105167 bal      1  in0 ffff in1 ffff  frame 1204 pc ff820560 blit 534518 late 0 skip 0 snd_stalls 1 snd_pc ffff unimpl 0
cyc 105214 bal      1  in0 ffff in1 ffff  frame 1205 pc ff8205b0 blit 538483 late 0 skip 0 snd_stalls 1 snd_pc ffff unimpl 0
cyc 105242 bal      4  in0 ffff in1 ffff  frame 1206 pc ff820480 blit 535016 late 0 skip 0 snd_stalls 1 snd_pc dc1a unimpl 0
cyc 105293 bal      0  in0 ffff in1 ffff  frame 1207 pc ff820560 blit 535998 late 0 skip 0 snd_stalls 1 snd_pc dd89 unimpl 0
cyc 105180 bal      3  in0 ffff in1 ffff  frame 1208 pc ff8204a0 blit 535645 late 0 skip 0 snd_stalls 1 snd_pc dd93 unimpl 0
cyc 105214 bal      1  in0 ffff in1 ffff  frame 1209 pc ff820570 blit 536407 late 0 skip 0 snd_stalls 1 snd_pc f51d unimpl 0
cyc 105165 bal      1  in0 ffff in1 ffff  frame 1210 pc ff8205a0 blit 535833 late 0 skip 0 snd_stalls 1 snd_pc f539 unimpl 0
cyc 105142 bal      4  in0 ffff in1 ffff  frame 1211 pc ff820480 blit 536339 late 0 skip 0 snd_stalls 1 snd_pc 0238 unimpl 0
cyc 105122 bal      0  in0 ffff in1 ffff  frame 1212 pc ff820570 blit 536000 late 0 skip 0 snd_stalls 1 snd_pc dd7c unimpl 0
cyc 105214 bal      3  in0 ffff in1 ffff  frame 1213 pc ff8205b0 blit 538116 late 0 skip 0 snd_stalls 1 snd_pc dc3c unimpl 0
cyc 105147 bal      4  in0 ffff in1 ffff  frame 1214 pc ff8204a0 blit 536236 late 0 skip 0 snd_stalls 1 snd_pc ffff unimpl 0
cyc 105245 bal      0  in0 ffff in1 ffff  frame 1215 pc ff8205b0 blit 535230 late 0 skip 0 snd_stalls 1 snd_pc ffff unimpl 0
cyc 105243 bal      3  in0 ffff in1 ffff  frame 1216 pc ff8205d0 blit 537084 late 0 skip 0 snd_stalls 1 snd_pc dd87 unimpl 0
cyc 105182 bal      4  in0 ffff in1 ffff  frame 1217 pc ff820480 blit 538245 late 0 skip 0 snd_stalls 1 snd_pc dd82 unimpl 0
cyc 105212 bal      0  in0 ffff in1 ffff  frame 1218 pc ff820490 blit 537698 late 0 skip 0 snd_stalls 1 snd_pc dc3c unimpl 0
cyc 105232 bal      3  in0 ffff in1 ffff  frame 1219 pc ff820480 blit 537265 late 0 skip 0 snd_stalls 1 snd_pc ffff unimpl 0
cyc 105140 bal      0  in0 ffff in1 ffff  frame 1220 pc ff8204a0 blit 538589 late 0 skip 0 snd_stalls 1 snd_pc f536 unimpl 0
cyc 105196 bal      2  in0 ffff in1 ffff  frame 1221 pc ff8205b0 blit 534408 late 0 skip 0 snd_stalls 1 snd_pc dc06 unimpl 0
cyc 105230 bal      0  in0 ffff in1 ffff  frame 1222 pc ff820590 blit 535323 late 0 skip 0 snd_stalls 1 snd_pc f536 unimpl 0
cyc 105207 bal      0  in0 ffff in1 ffff  frame 1223 pc ff820580 blit 536174 late 0 skip 0 snd_stalls 1 snd_pc ffff unimpl 0
cyc 105227 bal      3  in0 ffff in1 ffff  frame 1224 pc ff8204a0 blit 534690 late 0 skip 0 snd_stalls 1 snd_pc 2401 unimpl 0
cyc 105212 bal      0  in0 ffff in1 ffff  frame 1225 pc ff8204f0 blit 536964 late 0 skip 0 snd_stalls 1 snd_pc f51e unimpl 0
cyc 105137 bal      1  in0 ffff in1 ffff  frame 1226 pc ff8204e0 blit 535596 late 0 skip 0 snd_stalls 1 snd_pc 1ffc unimpl 0
cyc 105216 bal      1  in0 ffff in1 ffff  frame 1227 pc ff8205b0 blit 537356 late 0 skip 0 snd_stalls 1 snd_pc dd7f unimpl 0
cyc 105229 bal      0  in0 ffff in1 ffff  frame 1228 pc ff820580 blit 536254 late 0 skip 0 snd_stalls 1 snd_pc f538 unimpl 0
cyc 105226 bal      4  in0 ffff in1 ffff  frame 1229 pc ff8204a0 blit 535448 late 0 skip 0 snd_stalls 1 snd_pc dd86 unimpl 0
cyc 105299 bal     -1  in0 ffff in1 ffff  frame 1230 pc ff820460 blit 536148 late 0 skip 0 snd_stalls 1 snd_pc 1ffd unimpl 0
cyc 105213 bal      1  in0 ffff in1 ffff  frame 1231 pc ff820480 blit 536741 late 0 skip 0 snd_stalls 1 snd_pc ffff unimpl 0
cyc 105128 bal      1  in0 ffff in1 ffff  frame 1232 pc ff8205b0 blit 538259 late 0 skip 0 snd_stalls 1 snd_pc 04ce unimpl 0
cyc 105295 bal      3  in0 ffff in1 ffff  frame 1233 pc ff8204a0 blit 535944 late 0 skip 0 snd_stalls 1 snd_pc dc18 unimpl 0
cyc 105237 bal      0  in0 ffff in1 ffff  frame 1234 pc ff8204b0 blit 535494 late 0 skip 0 snd_stalls 1 snd_pc ffff unimpl 0
cyc 105242 bal      0  in0 ffff in1 ffff  frame 1235 pc ff8205b0 blit 536180 late 0 skip 0 snd_stalls 1 snd_pc dc3e unimpl 0
cyc 105213 bal      1  in0 ffff in1 ffff  frame 1236 pc ff8205b0 blit 536068 late 0 skip 0 snd_stalls 1 snd_pc ffff unimpl 0
cyc 105245 bal      0  in0 ffff in1 ffff  frame 1237 pc ff8204b0 blit 534417 late 0 skip 0 snd_stalls 1 snd_pc ffff unimpl 0
cyc 105235 bal      0  in0 ffff in1 ffff  frame 1238 pc ff8204b0 blit 535417 late 0 skip 0 snd_stalls 1 snd_pc dc0a unimpl 0
cyc 105245 bal     -2  in0 ffff in1 ffff  frame 1239 pc ff8205c0 blit 533700 late 0 skip 0 snd_stalls 1 snd_pc dd84 unimpl 0
cyc 105260 bal      1  in0 ffff in1 ffff  frame 1240 pc ff8205b0 blit 535343 late 0 skip 0 snd_stalls 1 snd_pc 023b unimpl 0
cyc 105251 bal      1  in0 ffff in1 ffff  frame 1241 pc ff820560 blit 534100 late 0 skip 0 snd_stalls 1 snd_pc dd99 unimpl 0
cyc 105256 bal      4  in0 ffff in1 ffff  frame 1242 pc ff8204a0 blit 537770 late 0 skip 0 snd_stalls 1 snd_pc f538 unimpl 0
cyc 105213 bal      0  in0 ffff in1 ffff  frame 1243 pc ff820560 blit 534520 late 0 skip 0 snd_stalls 1 snd_pc 023b unimpl 0
cyc 105229 bal      0  in0 ffff in1 ffff  frame 1244 pc ff8204b0 blit 537957 late 0 skip 0 snd_stalls 1 snd_pc dd7a unimpl 0
cyc 105261 bal      1  in0 ffff in1 ffff  frame 1245 pc ff8204d0 blit 536680 late 0 skip 0 snd_stalls 1 snd_pc ffff unimpl 0
cyc 105227 bal      2  in0 ffff in1 ffff  frame 1246 pc ff820480 blit 536088 late 0 skip 0 snd_stalls 1 snd_pc f53d unimpl 0
cyc 104911 bal      0  in0 ffff in1 ffff  frame 1247 pc ff8205b0 blit 535021 late 0 skip 0 snd_stalls 1 snd_pc 02ba unimpl 0
cyc 105220 bal      2  in0 ffff in1 ffff  frame 1248 pc ff820480 blit 538123 late 0 skip 0 snd_stalls 1 snd_pc ffff unimpl 0
cyc 105213 bal      4  in0 ffff in1 ffff  frame 1249 pc ff8204a0 blit 535789 late 0 skip 0 snd_stalls 1 snd_pc dd7d unimpl 0
cyc 105193 bal      0  in0 ffff in1 ffff  frame 1250 pc ff820570 blit 536058 late 0 skip 0 snd_stalls 1 snd_pc ffff unimpl 0
cyc 105214 bal      0  in0 ffff in1 ffff  frame 1251 pc ff8205b0 blit 538973 late 0 skip 0 snd_stalls 1 snd_pc dd8d unimpl 0
cyc 105210 bal      0  in0 ffff in1 ffff  frame 1252 pc ff8205b0 blit 536314 late 0 skip 0 snd_stalls 1 snd_pc f53a unimpl 0
cyc 105247 bal      0  in0 ffff in1 ffff  frame 1253 pc ff8204d0 blit 534383 late 0 skip 0 snd_stalls 1 snd_pc 1ffc unimpl 0
cyc 105243 bal      1  in0 ffff in1 ffff  frame 1254 pc ff8205a0 blit 534846 late 0 skip 0 snd_stalls 1 snd_pc dd9a unimpl 0
cyc 105217 bal      1  in0 ffff in1 ffff  frame 1255 pc ff820480 blit 536200 late 0 skip 0 snd_stalls 1 snd_pc 2400 unimpl 0
cyc 105240 bal      0  in0 ffff in1 ffff  frame 1256 pc ff8204a0 blit 535833 late 0 skip 0 snd_stalls 1 snd_pc dd84 unimpl 0
cyc 105199 bal     -1  in0 ffff in1 ffff  frame 1257 pc ff8205b0 blit 534970 late 0 skip 0 snd_stalls 1 snd_pc ffff unimpl 0
cyc 105197 bal      1  in0 ffff in1 ffff  frame 1258 pc ff8204b0 blit 535885 late 0 skip 0 snd_stalls 1 snd_pc f536 unimpl 0
cyc 105256 bal      4  in0 ffff in1 ffff  frame 1259 pc ff8204a0 blit 535693 late 0 skip 0 snd_stalls 1 snd_pc f537 unimpl 0
cyc 105230 bal      3  in0 ffff in1 ffff  frame 1260 pc ff820480 blit 535993 late 0 skip 0 snd_stalls 1 snd_pc dc15 unimpl 0
cyc 105221 bal      1  in0 ffff in1 ffff  frame 1261 pc ff820590 blit 534806 late 0 skip 0 snd_stalls 1 snd_pc 0217 unimpl 0
cyc 105172 bal      3  in0 ffff in1 ffff  frame 1262 pc ff820480 blit 535988 late 0 skip 0 snd_stalls 1 snd_pc dc3d unimpl 0
cyc 105146 bal      0  in0 ffff in1 ffff  frame 1263 pc ff8205a0 blit 535683 late 0 skip 0 snd_stalls 1 snd_pc dd91 unimpl 0
cyc 105246 bal      4  in0 ffff in1 ffff  frame 1264 pc ff820480 blit 537965 late 0 skip 0 snd_stalls 1 snd_pc 1ffe unimpl 0
cyc 105200 bal     -1  in0 ffff in1 ffff  frame 1265 pc ff8205b0 blit 535870 late 0 skip 0 snd_stalls 1 snd_pc 0238 unimpl 0
cyc 105203 bal      0  in0 ffff in1 ffff  frame 1266 pc ff8204e0 blit 533013 late 0 skip 0 snd_stalls 1 snd_pc dd7b unimpl 0
cyc 105242 bal      2  in0 ffff in1 ffff  frame 1267 pc ff8205b0 blit 535075 late 0 skip 0 snd_stalls 1 snd_pc ffff unimpl 0
cyc 105235 bal     -2  in0 ffff in1 ffff  frame 1268 pc ff8205c0 blit 534328 late 0 skip 0 snd_stalls 1 snd_pc dd96 unimpl 0
cyc 105244 bal      1  in0 ffff in1 ffff  frame 1269 pc ff8204a0 blit 537126 late 0 skip 0 snd_stalls 1 snd_pc ffff unimpl 0
cyc 105131 bal      2  in0 ffff in1 ffff  frame 1270 pc ff820480 blit 536475 late 0 skip 0 snd_stalls 1 snd_pc ffff unimpl 0
cyc 105232 bal      1  in0 ffff in1 ffff  frame 1271 pc ff820480 blit 535795 late 0 skip 0 snd_stalls 1 snd_pc ffff unimpl 0
cyc 105246 bal      1  in0 ffff in1 ffff  frame 1272 pc ff820560 blit 534478 late 0 skip 0 snd_stalls 1 snd_pc ffff unimpl 0
cyc 105246 bal      2  in0 ffff in1 ffff  frame 1273 pc ff820480 blit 534940 late 0 skip 0 snd_stalls 1 snd_pc ffff unimpl 0
cyc 105118 bal      1  in0 ffff in1 ffff  frame 1274 pc ff8204a0 blit 536247 late 0 skip 0 snd_stalls 1 snd_pc 1ffd unimpl 0
cyc 105245 bal      2  in0 ffff in1 ffff  frame 1275 pc ff8205b0 blit 536345 late 0 skip 0 snd_stalls 1 snd_pc fff6 unimpl 0
cyc 105251 bal      0  in0 ffff in1 ffff  frame 1276 pc ff8204f0 blit 535602 late 0 skip 0 snd_stalls 1 snd_pc 2401 unimpl 0
cyc 105248 bal      2  in0 ffff in1 ffff  frame 1277 pc ff820480 blit 535652 late 0 skip 0 snd_stalls 1 snd_pc dc1e unimpl 0
cyc 105216 bal      3  in0 ffff in1 ffff  frame 1278 pc ff8204a0 blit 536054 late 0 skip 0 snd_stalls 1 snd_pc dd91 unimpl 0
cyc 105217 bal      0  in0 ffff in1 ffff  frame 1279 pc ff8205b0 blit 536816 late 0 skip 0 snd_stalls 1 snd_pc ffff unimpl 0
cyc 105245 bal      4  in0 ffff in1 ffff  frame 1280 pc ff820480 blit 535415 late 0 skip 0 snd_stalls 1 snd_pc 0219 unimpl 0
cyc 105214 bal      0  in0 ffff in1 ffff  frame 1281 pc ff8204c0 blit 537868 late 0 skip 0 snd_stalls 1 snd_pc f53c unimpl 0
cyc 105211 bal      1  in0 ffff in1 ffff  frame 1282 pc ff833480 blit 535316 late 0 skip 0 snd_stalls 1 snd_pc dc15 unimpl 0
cyc 105145 bal      0  in0 ffff in1 ffff  frame 1283 pc ff8205b0 blit 538631 late 0 skip 0 snd_stalls 1 snd_pc dd8e unimpl 0
cyc 105222 bal      1  in0 ffff in1 ffff  frame 1284 pc ff8204a0 blit 538313 late 0 skip 0 snd_stalls 1 snd_pc 1ffc unimpl 0
cyc 105207 bal      1  in0 ffff in1 ffff  frame 1285 pc ff8204a0 blit 537757 late 0 skip 0 snd_stalls 1 snd_pc 1ffd unimpl 0
cyc 105141 bal      0  in0 ffff in1 ffff  frame 1286 pc ff820570 blit 534715 late 0 skip 0 snd_stalls 1 snd_pc f538 unimpl 0
cyc 105272 bal      0  in0 ffff in1 ffff  frame 1287 pc ff820480 blit 534569 late 0 skip 0 snd_stalls 1 snd_pc ffff unimpl 0
cyc 105244 bal      0  in0 ffff in1 ffff  frame 1288 pc ff8204f0 blit 534467 late 0 skip 0 snd_stalls 1 snd_pc dd7a unimpl 0
cyc 105241 bal     -1  in0 ffff in1 ffff  frame 1289 pc ff8205b0 blit 535036 late 0 skip 0 snd_stalls 1 snd_pc 023c unimpl 0
cyc 105212 bal      0  in0 ffff in1 ffff  frame 1290 pc ff8205b0 blit 536026 late 0 skip 0 snd_stalls 1 snd_pc 0201 unimpl 0
cyc 105240 bal      1  in0 ffff in1 ffff  frame 1291 pc ff820480 blit 535777 late 0 skip 0 snd_stalls 1 snd_pc 1ffc unimpl 0
cyc 105217 bal      0  in0 ffff in1 ffff  frame 1292 pc ff8204d0 blit 534869 late 0 skip 0 snd_stalls 1 snd_pc dc05 unimpl 0
cyc 105218 bal      3  in0 ffff in1 ffff  frame 1293 pc ff8205b0 blit 534958 late 0 skip 0 snd_stalls 1 snd_pc dd80 unimpl 0
cyc 105235 bal      0  in0 ffff in1 ffff  frame 1294 pc ff8205b0 blit 535007 late 0 skip 0 snd_stalls 1 snd_pc dc22 unimpl 0
cyc 105220 bal      3  in0 ffff in1 ffff  frame 1295 pc ff8204a0 blit 535121 late 0 skip 0 snd_stalls 1 snd_pc dd91 unimpl 0
cyc 105248 bal      2  in0 ffff in1 ffff  frame 1296 pc ff8205b0 blit 535917 late 0 skip 0 snd_stalls 1 snd_pc 1ffe unimpl 0
cyc 105258 bal     -1  in0 ffff in1 ffff  frame 1297 pc ff820460 blit 535642 late 0 skip 0 snd_stalls 1 snd_pc dc06 unimpl 0
cyc 105248 bal      4  in0 ffff in1 ffff  frame 1298 pc ff8204a0 blit 536113 late 0 skip 0 snd_stalls 1 snd_pc dd7b unimpl 0
cyc 105183 bal      3  in0 ffff in1 ffff  frame 1299 pc ff8204a0 blit 535574 late 0 skip 0 snd_stalls 1 snd_pc ffff unimpl 0
cyc 105217 bal      0  in0 ffff in1 ffff  frame 1300 pc ff820570 blit 535068 late 0 skip 0 snd_stalls 1 snd_pc dd8c unimpl 0
cyc 105213 bal      2  in0 ffff in1 ffff  frame 1301 pc ff8205b0 blit 535779 late 0 skip 0 snd_stalls 1 snd_pc ffff unimpl 0
cyc 105310 bal      3  in0 ffff in1 ffff  frame 1302 pc ff8205b0 blit 534598 late 0 skip 0 snd_stalls 1 snd_pc 1ffb unimpl 0
cyc 105224 bal      0  in0 ffff in1 ffff  frame 1303 pc ff8204e0 blit 536110 late 0 skip 0 snd_stalls 1 snd_pc f53b unimpl 0
cyc 105245 bal     -1  in0 ffff in1 ffff  frame 1304 pc ff820460 blit 535966 late 0 skip 0 snd_stalls 1 snd_pc 2400 unimpl 0
cyc 105131 bal     -1  in0 ffff in1 ffff  frame 1305 pc ff8205b0 blit 537569 late 0 skip 0 snd_stalls 1 snd_pc dd88 unimpl 0
cyc 105182 bal      1  in0 ffff in1 ffff  frame 1306 pc ff820580 blit 535935 late 0 skip 0 snd_stalls 1 snd_pc 1fff unimpl 0
cyc 105201 bal      0  in0 ffff in1 ffff  frame 1307 pc ff8204b0 blit 535881 late 0 skip 0 snd_stalls 1 snd_pc ffff unimpl 0
cyc 105265 bal      1  in0 ffff in1 ffff  frame 1308 pc ff820560 blit 535186 late 0 skip 0 snd_stalls 1 snd_pc dd99 unimpl 0
cyc 105253 bal      1  in0 ffff in1 ffff  frame 1309 pc ff8204c0 blit 536470 late 0 skip 0 snd_stalls 1 snd_pc dc17 unimpl 0
cyc 105210 bal      0  in0 ffff in1 ffff  frame 1310 pc ff8204c0 blit 535339 late 0 skip 0 snd_stalls 1 snd_pc dd80 unimpl 0
cyc 105130 bal      2  in0 ffff in1 ffff  frame 1311 pc ff8204a0 blit 536099 late 0 skip 0 snd_stalls 1 snd_pc 1ffa unimpl 0
cyc 105106 bal      1  in0 ffff in1 ffff  frame 1312 pc ff820480 blit 536972 late 0 skip 0 snd_stalls 1 snd_pc dd91 unimpl 0
cyc 105219 bal      0  in0 ffff in1 ffff  frame 1313 pc ff820570 blit 535575 late 0 skip 0 snd_stalls 1 snd_pc dd9a unimpl 0
cyc 105205 bal      1  in0 ffff in1 ffff  frame 1314 pc ff8204a0 blit 538144 late 0 skip 0 snd_stalls 1 snd_pc 0238 unimpl 0
cyc 105238 bal      1  in0 ffff in1 ffff  frame 1315 pc ff820560 blit 537452 late 0 skip 0 snd_stalls 1 snd_pc ffff unimpl 0
cyc 105212 bal      0  in0 ffff in1 ffff  frame 1316 pc ff820570 blit 536711 late 0 skip 0 snd_stalls 1 snd_pc ffff unimpl 0
cyc 105245 bal      1  in0 ffff in1 ffff  frame 1317 pc ff820480 blit 537161 late 0 skip 0 snd_stalls 1 snd_pc dd92 unimpl 0
cyc 105240 bal      1  in0 ffff in1 ffff  frame 1318 pc ff8204a0 blit 536185 late 0 skip 0 snd_stalls 1 snd_pc f51f unimpl 0
cyc 105245 bal     -2  in0 ffff in1 ffff  frame 1319 pc ff8205c0 blit 535473 late 0 skip 0 snd_stalls 1 snd_pc 023b unimpl 0
cyc 105255 bal      0  in0 ffff in1 ffff  frame 1320 pc ff820570 blit 534811 late 0 skip 0 snd_stalls 1 snd_pc ffff unimpl 0
cyc 105203 bal      0  in0 ffff in1 ffff  frame 1321 pc ff8204e0 blit 536616 late 0 skip 0 snd_stalls 1 snd_pc ffff unimpl 0
cyc 105214 bal      1  in0 ffff in1 ffff  frame 1322 pc ff820560 blit 537935 late 0 skip 0 snd_stalls 1 snd_pc dd88 unimpl 0
cyc 105215 bal      1  in0 ffff in1 ffff  frame 1323 pc ff8205b0 blit 535081 late 0 skip 0 snd_stalls 1 snd_pc f537 unimpl 0
cyc 105208 bal      0  in0 ffff in1 ffff  frame 1324 pc ff8205b0 blit 536725 late 0 skip 0 snd_stalls 1 snd_pc fff6 unimpl 0
cyc 105217 bal      2  in0 ffff in1 ffff  frame 1325 pc ff820480 blit 536342 late 0 skip 0 snd_stalls 1 snd_pc dd79 unimpl 0
cyc 105228 bal      0  in0 ffff in1 ffff  frame 1326 pc ff8205b0 blit 534454 late 0 skip 0 snd_stalls 1 snd_pc ffff unimpl 0
cyc 105214 bal      2  in0 ffff in1 ffff  frame 1327 pc ff820480 blit 536323 late 0 skip 0 snd_stalls 1 snd_pc dd93 unimpl 0
cyc 105216 bal      2  in0 ffff in1 ffff  frame 1328 pc ff8204a0 blit 535799 late 0 skip 0 snd_stalls 1 snd_pc 0217 unimpl 0
cyc 105213 bal      0  in0 ffff in1 ffff  frame 1329 pc ff820560 blit 536118 late 0 skip 0 snd_stalls 1 snd_pc ffff unimpl 0
cyc 105194 bal     -1  in0 ffff in1 ffff  frame 1330 pc ff8205b0 blit 538396 late 0 skip 0 snd_stalls 1 snd_pc ffff unimpl 0
cyc 105219 bal      4  in0 ffff in1 ffff  frame 1331 pc ff8204a0 blit 537137 late 0 skip 0 snd_stalls 1 snd_pc dc18 unimpl 0
cyc 105211 bal      4  in0 ffff in1 ffff  frame 1332 pc ff8204a0 blit 536262 late 0 skip 0 snd_stalls 1 snd_pc ffff unimpl 0
cyc 105147 bal      0  in0 ffff in1 ffff  frame 1333 pc ff820460 blit 535856 late 0 skip 0 snd_stalls 1 snd_pc 1ffb unimpl 0
cyc 105240 bal      1  in0 ffff in1 ffff  frame 1334 pc ff820480 blit 533306 late 0 skip 0 snd_stalls 1 snd_pc 0218 unimpl 0
cyc 105243 bal      1  in0 ffff in1 ffff  frame 1335 pc ff820560 blit 536107 late 0 skip 0 snd_stalls 1 snd_pc f53b unimpl 0
cyc 105142 bal      0  in0 ffff in1 ffff  frame 1336 pc ff8205b0 blit 535671 late 0 skip 0 snd_stalls 1 snd_pc ffff unimpl 0
cyc 105172 bal      0  in0 ffff in1 ffff  frame 1337 pc ff8204d0 blit 534979 late 0 skip 0 snd_stalls 1 snd_pc ffff unimpl 0
cyc 105214 bal      1  in0 ffff in1 ffff  frame 1338 pc ff8204e0 blit 536371 late 0 skip 0 snd_stalls 1 snd_pc ffff unimpl 0
cyc 105260 bal      0  in0 ffff in1 ffff  frame 1339 pc ff820570 blit 536339 late 0 skip 0 snd_stalls 1 snd_pc 0219 unimpl 0
cyc 105153 bal      1  in0 ffff in1 ffff  frame 1340 pc ff8204a0 blit 536371 late 0 skip 0 snd_stalls 1 snd_pc ffff unimpl 0
cyc 105213 bal      1  in0 ffff in1 ffff  frame 1341 pc ff820560 blit 537715 late 0 skip 0 snd_stalls 1 snd_pc dc08 unimpl 0
cyc 105232 bal      0  in0 ffff in1 ffff  frame 1342 pc ff8204c0 blit 535688 late 0 skip 0 snd_stalls 1 snd_pc dd9b unimpl 0
cyc 105208 bal      0  in0 ffff in1 ffff  frame 1343 pc ff8204e0 blit 534799 late 0 skip 0 snd_stalls 1 snd_pc dc21 unimpl 0
cyc 105242 bal      1  in0 ffff in1 ffff  frame 1344 pc ff8205a0 blit 533976 late 0 skip 0 snd_stalls 1 snd_pc 0201 unimpl 0
cyc 105226 bal      0  in0 ffff in1 ffff  frame 1345 pc ff8204d0 blit 534931 late 0 skip 0 snd_stalls 1 snd_pc dd83 unimpl 0
cyc 105188 bal      0  in0 ffff in1 ffff  frame 1346 pc ff8204f0 blit 535362 late 0 skip 0 snd_stalls 1 snd_pc 1ffa unimpl 0
cyc 105216 bal      2  in0 ffff in1 ffff  frame 1347 pc ff8205b0 blit 536453 late 0 skip 0 snd_stalls 1 snd_pc 2401 unimpl 0
cyc 105242 bal      3  in0 ffff in1 ffff  frame 1348 pc ff820480 blit 535978 late 0 skip 0 snd_stalls 1 snd_pc f53d unimpl 0
cyc 105222 bal      0  in0 ffff in1 ffff  frame 1349 pc ff8205a0 blit 536188 late 0 skip 0 snd_stalls 1 snd_pc ffff unimpl 0
cyc 105232 bal      1  in0 ffff in1 ffff  frame 1350 pc ff820560 blit 537397 late 0 skip 0 snd_stalls 1 snd_pc f538 unimpl 0
cyc 105227 bal      0  in0 ffff in1 ffff  frame 1351 pc ff8204b0 blit 535606 late 0 skip 0 snd_stalls 1 snd_pc 1ffb unimpl 0
cyc 105217 bal      0  in0 ffff in1 ffff  frame 1352 pc ff82e480 blit 312334 late 0 skip 0 snd_stalls 1 snd_pc dd7a unimpl 0
cyc 113677 bal      0  in0 ffff in1 ffff  frame 1353 pc ff82e1b0 blit 203149 late 0 skip 0 snd_stalls 1 snd_pc dc17 unimpl 0
cyc  43498 bal    -62  in0 ffff in1 ffff  frame 1354 pc ff820c70 blit 0 late 0 skip 0 snd_stalls 1 snd_pc dd80 unimpl 0
cyc  43201 bal    -64  in0 ffff in1 ffff  frame 1355 pc ff820c70 blit 0 late 0 skip 0 snd_stalls 1 snd_pc 1ffc unimpl 0
cyc  43221 bal    -64  in0 ffff in1 ffff  frame 1356 pc ff820c90 blit 0 late 0 skip 0 snd_stalls 1 snd_pc ffff unimpl 0
cyc 111610 bal      1  in0 ffff in1 ffff  frame 1357 pc ff82e170 blit 0 late 0 skip 0 snd_stalls 1 snd_pc dd80 unimpl 0
cyc 114221 bal      0  in0 ffff in1 ffff  frame 1358 pc ff833480 blit 0 late 0 skip 0 snd_stalls 1 snd_pc dc16 unimpl 0
cyc 114226 bal      5  in0 ffff in1 ffff  frame 1359 pc ff8205d0 blit 0 late 0 skip 0 snd_stalls 1 snd_pc dd89 unimpl 0
cyc 114238 bal      3  in0 ffff in1 ffff  frame 1360 pc ff833450 blit 0 late 0 skip 0 snd_stalls 1 snd_pc 023c unimpl 0
cyc 105278 bal     -2  in0 ffff in1 ffff  frame 1361 pc ff8205c0 blit 0 late 0 skip 0 snd_stalls 1 snd_pc dd93 unimpl 0
cyc 104863 bal    -37  in0 ffff in1 ffff  frame 1362 pc ff879d00 blit 0 late 0 skip 0 snd_stalls 1 snd_pc f539 unimpl 0
cyc 114262 bal      0  in0 ffff in1 ffff  frame 1363 pc ff8205b0 blit 0 late 0 skip 0 snd_stalls 1 snd_pc 0238 unimpl 0
cyc 100673 bal      0  in0 ffff in1 ffff  frame 1364 pc ff820580 blit 612872 late 0 skip 0 snd_stalls 1 snd_pc dd7b unimpl 0
cyc 101216 bal      3  in0 ffff in1 ffff  frame 1365 pc ff8204a0 blit 612654 late 0 skip 0 snd_stalls 1 snd_pc dc3d unimpl 0
cyc 100759 bal      4  in0 ffff in1 ffff  frame 1366 pc ff8204a0 blit 622350 late 0 skip 0 snd_stalls 1 snd_pc ffff unimpl 0
cyc 101222 bal      0  in0 ffff in1 ffff  frame 1367 pc ff8204b0 blit 608763 late 0 skip 0 snd_stalls 1 snd_pc f539 unimpl 0
cyc 101548 bal      1  in0 ffff in1 ffff  frame 1368 pc ff820560 blit 597025 late 0 skip 0 snd_stalls 1 snd_pc dc05 unimpl 0
cyc  54455 bal    -64  in0 ffff in1 ffff  frame 1369 pc ff824bf0 blit 0 late 0 skip 0 snd_stalls 1 snd_pc 04cf unimpl 0
cyc  59232 bal    -62  in0 ffff in1 ffff  frame 1370 pc ff824bc0 blit 0 late 0 skip 0 snd_stalls 1 snd_pc dc1f unimpl 0
cyc  59249 bal    -61  in0 ffff in1 ffff  frame 1371 pc ff824d80 blit 0 late 0 skip 0 snd_stalls 1 snd_pc ffff unimpl 0
cyc  59263 bal    -64  in0 ffff in1 ffff  frame 1372 pc ff824da0 blit 0 late 0 skip 0 snd_stalls 1 snd_pc dd7b unimpl 0
cyc 112760 bal      1  in0 ffff in1 ffff  frame 1373 pc ff8204c0 blit 0 late 0 skip 0 snd_stalls 1 snd_pc ffff unimpl 0
cyc 105380 bal      1  in0 ffff in1 ffff  frame 1374 pc ff8204a0 blit 0 late 0 skip 0 snd_stalls 1 snd_pc dd9a unimpl 0
cyc 105386 bal      0  in0 ffff in1 ffff  frame 1375 pc ff8204e0 blit 0 late 0 skip 0 snd_stalls 1 snd_pc dc1c unimpl 0
cyc 105394 bal      5  in0 ffff in1 ffff  frame 1376 pc ff8204a0 blit 0 late 0 skip 0 snd_stalls 1 snd_pc dd88 unimpl 0
cyc 105383 bal      0  in0 ffff in1 ffff  frame 1377 pc ff8204a0 blit 0 late 0 skip 0 snd_stalls 1 snd_pc f53b unimpl 0
cyc 105388 bal      1  in0 ffff in1 ffff  frame 1378 pc ff8205b0 blit 0 late 0 skip 0 snd_stalls 1 snd_pc f53c unimpl 0
cyc 105387 bal      1  in0 ffff in1 ffff  frame 1379 pc ff820580 blit 0 late 0 skip 0 snd_stalls 1 snd_pc f539 unimpl 0
cyc 105384 bal     -1  in0 ffff in1 ffff  frame 1380 pc ff820470 blit 0 late 0 skip 0 snd_stalls 1 snd_pc dc17 unimpl 0
cyc 105387 bal      2  in0 ffff in1 ffff  frame 1381 pc ff8204a0 blit 0 late 0 skip 0 snd_stalls 1 snd_pc dd86 unimpl 0
cyc 105383 bal      0  in0 ffff in1 ffff  frame 1382 pc ff820580 blit 0 late 0 skip 0 snd_stalls 1 snd_pc dd7b unimpl 0
cyc 105385 bal      0  in0 ffff in1 ffff  frame 1383 pc ff820580 blit 0 late 0 skip 0 snd_stalls 1 snd_pc ffff unimpl 0
cyc 105389 bal      3  in0 ffff in1 ffff  frame 1384 pc ff8204a0 blit 0 late 0 skip 0 snd_stalls 1 snd_pc 04ce unimpl 0
cyc 105379 bal     -3  in0 ffff in1 ffff  frame 1385 pc ff8258d0 blit 0 late 0 skip 0 snd_stalls 1 snd_pc f521 unimpl 0
cyc 114209 bal      1  in0 ffff in1 ffff  frame 1386 pc ff820580 blit 0 late 0 skip 0 snd_stalls 1 snd_pc dd7d unimpl 0
cyc 105385 bal     -2  in0 ffff in1 ffff  frame 1387 pc ff8258b0 blit 0 late 0 skip 0 snd_stalls 1 snd_pc 023b unimpl 0
cyc 114207 bal      0  in0 ffff in1 ffff  frame 1388 pc ff8204f0 blit 0 late 0 skip 0 snd_stalls 1 snd_pc dd8e unimpl 0
cyc 105388 bal      1  in0 ffff in1 ffff  frame 1389 pc ff825940 blit 0 late 0 skip 0 snd_stalls 1 snd_pc f53c unimpl 0
cyc 114207 bal      1  in0 ffff in1 ffff  frame 1390 pc ff825870 blit 0 late 0 skip 0 snd_stalls 1 snd_pc dc07 unimpl 0
cyc 114225 bal      1  in0 ffff in1 ffff  frame 1391 pc ff820560 blit 0 late 0 skip 0 snd_stalls 1 snd_pc f53b unimpl 0
cyc  87853 bal    -61  in0 ffff in1 ffff  frame 1392 pc ff8253f0 blit 0 late 0 skip 0 snd_stalls 1 snd_pc ffff unimpl 0
cyc  95530 bal    -62  in0 ffff in1 ffff  frame 1393 pc ff8253f0 blit 0 late 0 skip 0 snd_stalls 1 snd_pc dd88 unimpl 0
cyc 105589 bal      2  in0 ffff in1 ffff  frame 1394 pc ff8204a0 blit 0 late 0 skip 0 snd_stalls 1 snd_pc f536 unimpl 0
cyc  83638 bal    -64  in0 ffff in1 ffff  frame 1395 pc ff825130 blit 0 late 0 skip 0 snd_stalls 1 snd_pc 1ffd unimpl 0
cyc  90880 bal    -63  in0 ffff in1 ffff  frame 1396 pc ff825080 blit 0 late 0 skip 0 snd_stalls 1 snd_pc dd84 unimpl 0
cyc  90908 bal    -64  in0 ffff in1 ffff  frame 1397 pc ff8250b0 blit 0 late 0 skip 0 snd_stalls 1 snd_pc f53c unimpl 0
cyc 105791 bal      1  in0 ffff in1 ffff  frame 1398 pc ff8204a0 blit 0 late 0 skip 0 snd_stalls 1 snd_pc 2400 unimpl 0
cyc 104342 bal      0  in0 ffff in1 ffff  frame 1399 pc ff8205b0 blit 591693 late 0 skip 0 snd_stalls 1 snd_pc 0217 unimpl 0
cyc 102451 bal      3  in0 ffff in1 ffff  frame 1400 pc ff8204a0 blit 595967 late 0 skip 0 snd_stalls 1 snd_pc dd94 unimpl 0
cyc 102345 bal      3  in0 ffff in1 ffff  frame 1401 pc ff8204a0 blit 599772 late 0 skip 0 snd_stalls 1 snd_pc dd7b unimpl 0
cyc 102531 bal      1  in0 ffff in1 ffff  frame 1402 pc ff8204c0 blit 597969 late 0 skip 0 snd_stalls 1 snd_pc ffff unimpl 0
cyc 102507 bal      0  in0 ffff in1 ffff  frame 1403 pc ff820480 blit 598267 late 0 skip 0 snd_stalls 1 snd_pc dd91 unimpl 0
cyc 102560 bal      0  in0 ffff in1 ffff  frame 1404 pc ff820490 blit 597251 late 0 skip 0 snd_stalls 1 snd_pc dc3f unimpl 0
cyc 102672 bal      1  in0 ffff in1 ffff  frame 1405 pc ff8205a0 blit 592788 late 0 skip 0 snd_stalls 1 snd_pc 0218 unimpl 0
cyc 102498 bal      0  in0 ffff in1 ffff  frame 1406 pc ff820590 blit 594897 late 0 skip 0 snd_stalls 1 snd_pc f53a unimpl 0
cyc 102104 bal      0  in0 ffff in1 ffff  frame 1407 pc ff820460 blit 597083 late 0 skip 0 snd_stalls 1 snd_pc dc09 unimpl 0
cyc 102422 bal      0  in0 ffff in1 ffff  frame 1408 pc ff8205a0 blit 596835 late 0 skip 0 snd_stalls 1 snd_pc dd82 unimpl 0
cyc 102348 bal     -2  in0 ffff in1 ffff  frame 1409 pc ff8205c0 blit 595773 late 0 skip 0 snd_stalls 1 snd_pc dd9a unimpl 0
cyc 102486 bal     -1  in0 ffff in1 ffff  frame 1410 pc ff8205b0 blit 600015 late 0 skip 0 snd_stalls 1 snd_pc 2401 unimpl 0
cyc 102323 bal     -1  in0 ffff in1 ffff  frame 1411 pc ff8205b0 blit 598867 late 0 skip 0 snd_stalls 1 snd_pc f539 unimpl 0
cyc 101915 bal      3  in0 ffff in1 ffff  frame 1412 pc ff8204a0 blit 599466 late 0 skip 0 snd_stalls 1 snd_pc ffff unimpl 0
cyc 102208 bal      0  in0 ffff in1 ffff  frame 1413 pc ff8205b0 blit 600965 late 0 skip 0 snd_stalls 1 snd_pc dd7b unimpl 0
cyc 102220 bal      1  in0 ffff in1 ffff  frame 1414 pc ff8205b0 blit 599407 late 0 skip 0 snd_stalls 1 snd_pc ffff unimpl 0
cyc 102510 bal      1  in0 ffff in1 ffff  frame 1415 pc ff820560 blit 593640 late 0 skip 0 snd_stalls 1 snd_pc f51e unimpl 0
cyc 102436 bal     -1  in0 ffff in1 ffff  frame 1416 pc ff8205b0 blit 598684 late 0 skip 0 snd_stalls 1 snd_pc 1ffa unimpl 0
cyc 102121 bal      0  in0 ffff in1 ffff  frame 1417 pc ff8205a0 blit 598247 late 0 skip 0 snd_stalls 1 snd_pc dc06 unimpl 0
cyc 102485 bal      1  in0 ffff in1 ffff  frame 1418 pc ff820480 blit 595735 late 0 skip 0 snd_stalls 1 snd_pc dd80 unimpl 0
cyc 102540 bal     -2  in0 ffff in1 ffff  frame 1419 pc ff8205c0 blit 597930 late 0 skip 0 snd_stalls 1 snd_pc ffff unimpl 0
cyc 102533 bal      0  in0 ffff in1 ffff  frame 1420 pc ff8205b0 blit 596746 late 0 skip 0 snd_stalls 1 snd_pc dd91 unimpl 0
cyc 102371 bal      3  in0 ffff in1 ffff  frame 1421 pc ff8205b0 blit 601863 late 0 skip 0 snd_stalls 1 snd_pc dd96 unimpl 0
cyc 102047 bal      1  in0 ffff in1 ffff  frame 1422 pc ff820480 blit 602245 late 0 skip 0 snd_stalls 1 snd_pc fff7 unimpl 0
cyc 102472 bal      4  in0 ffff in1 ffff  frame 1423 pc ff8204a0 blit 596852 late 0 skip 0 snd_stalls 1 snd_pc ffff unimpl 0
cyc 102362 bal      3  in0 ffff in1 ffff  frame 1424 pc ff820480 blit 600696 late 0 skip 0 snd_stalls 1 snd_pc 2400 unimpl 0
cyc 102400 bal      2  in0 ffff in1 ffff  frame 1425 pc ff8204a0 blit 599173 late 0 skip 0 snd_stalls 1 snd_pc ffff unimpl 0
cyc 102469 bal      4  in0 ffff in1 ffff  frame 1426 pc ff8204a0 blit 600507 late 0 skip 0 snd_stalls 1 snd_pc 1ffd unimpl 0
cyc 102089 bal      1  in0 ffff in1 ffff  frame 1427 pc ff820580 blit 600944 late 0 skip 0 snd_stalls 1 snd_pc ffff unimpl 0
cyc 102431 bal     -1  in0 ffff in1 ffff  frame 1428 pc ff8205b0 blit 602140 late 0 skip 0 snd_stalls 1 snd_pc dd9b unimpl 0
cyc 102589 bal      1  in0 ffff in1 ffff  frame 1429 pc ff820480 blit 597298 late 0 skip 0 snd_stalls 1 snd_pc f539 unimpl 0
cyc 102084 bal      0  in0 ffff in1 ffff  frame 1430 pc ff820490 blit 601202 late 0 skip 0 snd_stalls 1 snd_pc 2400 unimpl 0
cyc 102351 bal      0  in0 ffff in1 ffff  frame 1431 pc ff820580 blit 599884 late 0 skip 0 snd_stalls 1 snd_pc 0217 unimpl 0
cyc 102008 bal      0  in0 ffff in1 ffff  frame 1432 pc ff8205a0 blit 600289 late 0 skip 0 snd_stalls 1 snd_pc dd94 unimpl 0
cyc 102447 bal      0  in0 ffff in1 ffff  frame 1433 pc ff8204c0 blit 596753 late 0 skip 0 snd_stalls 1 snd_pc ffff unimpl 0
cyc 102549 bal      1  in0 ffff in1 ffff  frame 1434 pc ff820480 blit 597433 late 0 skip 0 snd_stalls 1 snd_pc 0238 unimpl 0
cyc 102582 bal      0  in0 ffff in1 ffff  frame 1435 pc ff820480 blit 593899 late 0 skip 0 snd_stalls 1 snd_pc ffff unimpl 0
cyc 102402 bal     -1  in0 ffff in1 ffff  frame 1436 pc ff8205b0 blit 598581 late 0 skip 0 snd_stalls 1 snd_pc dc3d unimpl 0
cyc 102152 bal      2  in0 ffff in1 ffff  frame 1437 pc ff820480 blit 599501 late 0 skip 0 snd_stalls 1 snd_pc dd91 unimpl 0
cyc 102423 bal      0  in0 ffff in1 ffff  frame 1438 pc ff820480 blit 595531 late 0 skip 0 snd_stalls 1 snd_pc 1ffe unimpl 0
cyc 102542 bal      2  in0 ffff in1 ffff  frame 1439 pc ff8205b0 blit 595036 late 0 skip 0 snd_stalls 1 snd_pc dc06 unimpl 0
cyc 102461 bal      3  in0 ffff in1 ffff  frame 1440 pc ff8205b0 blit 598927 late 0 skip 0 snd_stalls 1 snd_pc dd8b unimpl 0
cyc 102413 bal      0  in0 ffff in1 ffff  frame 1441 pc ff820590 blit 596831 late 0 skip 0 snd_stalls 1 snd_pc dc1f unimpl 0
cyc 102029 bal      0  in0 ffff in1 ffff  frame 1442 pc ff820490 blit 599325 late 0 skip 0 snd_stalls 1 snd_pc ffff unimpl 0
cyc 102591 bal      1  in0 ffff in1 ffff  frame 1443 pc ff820480 blit 599239 late 0 skip 0 snd_stalls 1 snd_pc f53c unimpl 0
cyc 102504 bal      0  in0 ffff in1 ffff  frame 1444 pc ff8205a0 blit 597066 late 0 skip 0 snd_stalls 1 snd_pc ffff unimpl 0
cyc 102451 bal      1  in0 ffff in1 ffff  frame 1445 pc ff8205b0 blit 596873 late 0 skip 0 snd_stalls 1 snd_pc dd82 unimpl 0
cyc 102047 bal      2  in0 ffff in1 ffff  frame 1446 pc ff820480 blit 602335 late 0 skip 0 snd_stalls 1 snd_pc dc11 unimpl 0
cyc 102168 bal     -1  in0 ffff in1 ffff  frame 1447 pc ff820470 blit 602550 late 0 skip 0 snd_stalls 1 snd_pc 2401 unimpl 0
cyc 102400 bal      3  in0 ffff in1 ffff  frame 1448 pc ff8204a0 blit 598347 late 0 skip 0 snd_stalls 1 snd_pc 1ffd unimpl 0
cyc 102505 bal      0  in0 ffff in1 ffff  frame 1449 pc ff8205b0 blit 602387 late 0 skip 0 snd_stalls 1 snd_pc dd7e unimpl 0
cyc 102560 bal      1  in0 ffff in1 ffff  frame 1450 pc ff820570 blit 595784 late 0 skip 0 snd_stalls 1 snd_pc dd79 unimpl 0
cyc 102434 bal      3  in0 ffff in1 ffff  frame 1451 pc ff8204a0 blit 596463 late 0 skip 0 snd_stalls 1 snd_pc dc1c unimpl 0
cyc 102061 bal      1  in0 ffff in1 ffff  frame 1452 pc ff8205b0 blit 602410 late 0 skip 0 snd_stalls 1 snd_pc ffff unimpl 0
cyc 102417 bal      1  in0 ffff in1 ffff  frame 1453 pc ff820480 blit 598841 late 0 skip 0 snd_stalls 1 snd_pc f539 unimpl 0
cyc 102446 bal      1  in0 ffff in1 ffff  frame 1454 pc ff820480 blit 595036 late 0 skip 0 snd_stalls 1 snd_pc dd94 unimpl 0
cyc 102508 bal      1  in0 ffff in1 ffff  frame 1455 pc ff8205b0 blit 599982 late 0 skip 0 snd_stalls 1 snd_pc ffff unimpl 0
cyc 102502 bal      1  in0 ffff in1 ffff  frame 1456 pc ff820560 blit 595524 late 0 skip 0 snd_stalls 1 snd_pc dd8b unimpl 0
cyc 102131 bal      2  in0 ffff in1 ffff  frame 1457 pc ff8204a0 blit 597278 late 0 skip 0 snd_stalls 1 snd_pc dd81 unimpl 0
cyc 102406 bal      4  in0 ffff in1 ffff  frame 1458 pc ff8204a0 blit 602054 late 0 skip 0 snd_stalls 1 snd_pc 023b unimpl 0
cyc 102545 bal      0  in0 ffff in1 ffff  frame 1459 pc ff8205b0 blit 597790 late 0 skip 0 snd_stalls 1 snd_pc f521 unimpl 0
cyc 102445 bal      3  in0 ffff in1 ffff  frame 1460 pc ff820480 blit 597384 late 0 skip 0 snd_stalls 1 snd_pc dd96 unimpl 0
cyc 102414 bal      0  in0 ffff in1 ffff  frame 1461 pc ff8204a0 blit 599524 late 0 skip 0 snd_stalls 1 snd_pc dc09 unimpl 0
cyc 102201 bal      0  in0 ffff in1 ffff  frame 1462 pc ff8205b0 blit 601063 late 0 skip 0 snd_stalls 1 snd_pc dd9b unimpl 0
cyc 102441 bal     -1  in0 ffff in1 ffff  frame 1463 pc ff8205b0 blit 596139 late 0 skip 0 snd_stalls 1 snd_pc dc3d unimpl 0
cyc 102457 bal      0  in0 ffff in1 ffff  frame 1464 pc ff8204a0 blit 600016 late 0 skip 0 snd_stalls 1 snd_pc ffff unimpl 0
cyc 102466 bal      0  in0 ffff in1 ffff  frame 1465 pc ff8205b0 blit 601116 late 0 skip 0 snd_stalls 1 snd_pc dd9b unimpl 0
cyc 102492 bal      4  in0 ffff in1 ffff  frame 1466 pc ff8204a0 blit 597067 late 0 skip 0 snd_stalls 1 snd_pc dc06 unimpl 0
cyc 102190 bal      4  in0 ffff in1 ffff  frame 1467 pc ff8204a0 blit 601402 late 0 skip 0 snd_stalls 1 snd_pc dd9a unimpl 0
cyc 102358 bal      2  in0 ffff in1 ffff  frame 1468 pc ff8205b0 blit 601821 late 0 skip 0 snd_stalls 1 snd_pc ffff unimpl 0
cyc 102373 bal      3  in0 ffff in1 ffff  frame 1469 pc ff8205b0 blit 598641 late 0 skip 0 snd_stalls 1 snd_pc 1ffd unimpl 0
cyc 101525 bal      0  in0 ffff in1 ffff  frame 1470 pc ff820480 blit 601542 late 0 skip 0 snd_stalls 1 snd_pc 0217 unimpl 0
cyc 102302 bal      1  in0 ffff in1 ffff  frame 1471 pc ff8205b0 blit 603594 late 0 skip 0 snd_stalls 1 snd_pc ffff unimpl 0
cyc 102123 bal      2  in0 ffff in1 ffff  frame 1472 pc ff8204a0 blit 599282 late 0 skip 0 snd_stalls 1 snd_pc ffff unimpl 0
cyc 102260 bal      0  in0 ffff in1 ffff  frame 1473 pc ff8204a0 blit 602565 late 0 skip 0 snd_stalls 1 snd_pc dc1e unimpl 0
cyc 102372 bal      0  in0 ffff in1 ffff  frame 1474 pc ff8205b0 blit 599634 late 0 skip 0 snd_stalls 1 snd_pc ffff unimpl 0
cyc 102528 bal      2  in0 ffff in1 ffff  frame 1475 pc ff8205b0 blit 598117 late 0 skip 0 snd_stalls 1 snd_pc f51e unimpl 0
cyc 102279 bal      0  in0 ffff in1 ffff  frame 1476 pc ff8204b0 blit 601451 late 0 skip 0 snd_stalls 1 snd_pc 1ffc unimpl 0
cyc 102207 bal      1  in0 ffff in1 ffff  frame 1477 pc ff8204a0 blit 598879 late 0 skip 0 snd_stalls 1 snd_pc 1ffe unimpl 0
cyc 102252 bal      1  in0 ffff in1 ffff  frame 1478 pc ff8205b0 blit 598985 late 0 skip 0 snd_stalls 1 snd_pc dc19 unimpl 0
cyc 102491 bal      3  in0 ffff in1 ffff  frame 1479 pc ff820480 blit 598865 late 0 skip 0 snd_stalls 1 snd_pc dd90 unimpl 0
cyc 102522 bal      0  in0 ffff in1 ffff  frame 1480 pc ff820490 blit 595088 late 0 skip 0 snd_stalls 1 snd_pc dc3e unimpl 0
cyc 102233 bal      1  in0 ffff in1 ffff  frame 1481 pc ff8205b0 blit 599531 late 0 skip 0 snd_stalls 1 snd_pc ffff unimpl 0
cyc 102098 bal      1  in0 ffff in1 ffff  frame 1482 pc ff820560 blit 602026 late 0 skip 0 snd_stalls 1 snd_pc 04ce unimpl 0
cyc 102427 bal      0  in0 ffff in1 ffff  frame 1483 pc ff8204a0 blit 596821 late 0 skip 0 snd_stalls 1 snd_pc 0238 unimpl 0
cyc 102388 bal      4  in0 ffff in1 ffff  frame 1484 pc ff820480 blit 596573 late 0 skip 0 snd_stalls 1 snd_pc dd87 unimpl 0
cyc 102433 bal      1  in0 ffff in1 ffff  frame 1485 pc ff8204b0 blit 599184 late 0 skip 0 snd_stalls 1 snd_pc 023b unimpl 0
cyc 102413 bal      2  in0 ffff in1 ffff  frame 1486 pc ff820480 blit 597994 late 0 skip 0 snd_stalls 1 snd_pc dd91 unimpl 0
cyc 102141 bal      0  in0 ffff in1 ffff  frame 1487 pc ff8205b0 blit 599408 late 0 skip 0 snd_stalls 1 snd_pc dd96 unimpl 0
cyc 102427 bal      1  in0 ffff in1 ffff  frame 1488 pc ff8204d0 blit 599080 late 0 skip 0 snd_stalls 1 snd_pc ffff unimpl 0
cyc 102579 bal      0  in0 ffff in1 ffff  frame 1489 pc ff8205b0 blit 594947 late 0 skip 0 snd_stalls 1 snd_pc dd82 unimpl 0
cyc 102440 bal      2  in0 ffff in1 ffff  frame 1490 pc ff8204a0 blit 594584 late 0 skip 0 snd_stalls 1 snd_pc 2401 unimpl 0
cyc 102497 bal      1  in0 ffff in1 ffff  frame 1491 pc ff820560 blit 599466 late 0 skip 0 snd_stalls 1 snd_pc ffff unimpl 0
cyc 102182 bal      0  in0 ffff in1 ffff  frame 1492 pc ff8204b0 blit 598145 late 0 skip 0 snd_stalls 1 snd_pc f53c unimpl 0
cyc 102444 bal      2  in0 ffff in1 ffff  frame 1493 pc ff820480 blit 595778 late 0 skip 0 snd_stalls 1 snd_pc fff6 unimpl 0
cyc 102223 bal     -1  in0 ffff in1 ffff  frame 1494 pc ff8205b0 blit 601956 late 0 skip 0 snd_stalls 1 snd_pc 2401 unimpl 0
cyc 102437 bal      0  in0 ffff in1 ffff  frame 1495 pc ff8204c0 blit 592689 late 0 skip 0 snd_stalls 1 snd_pc dc1b unimpl 0
cyc 102442 bal      1  in0 ffff in1 ffff  frame 1496 pc ff8204a0 blit 596809 late 0 skip 0 snd_stalls 1 snd_pc 2401 unimpl 0
cyc 102047 bal      0  in0 ffff in1 ffff  frame 1497 pc ff8204c0 blit 599183 late 0 skip 0 snd_stalls 1 snd_pc dd99 unimpl 0
cyc 102460 bal      2  in0 ffff in1 ffff  frame 1498 pc ff820560 blit 597303 late 0 skip 0 snd_stalls 1 snd_pc ffff unimpl 0
cyc 102532 bal      0  in0 ffff in1 ffff  frame 1499 pc ff8205a0 blit 594015 late 0 skip 0 snd_stalls 1 snd_pc ffff unimpl 0
cyc 102484 bal      0  in0 ffff in1 ffff  frame 1500 pc ff820570 blit 597240 late 0 skip 0 snd_stalls 1 snd_pc dd90 unimpl 0
cyc 102418 bal     -1  in0 ffff in1 fffe  frame 1501 pc ff8205c0 blit 597670 late 0 skip 0 snd_stalls 1 snd_pc dd86 unimpl 0
cyc 101993 bal      3  in0 ffff in1 fffe  frame 1502 pc ff820480 blit 602208 late 0 skip 0 snd_stalls 1 snd_pc 1ffd unimpl 0
cyc 102431 bal      0  in0 ffff in1 fffe  frame 1503 pc ff820590 blit 598021 late 0 skip 0 snd_stalls 1 snd_pc f521 unimpl 0
cyc 102491 bal      1  in0 ffff in1 fffe  frame 1504 pc ff8204a0 blit 599655 late 0 skip 0 snd_stalls 1 snd_pc dd8b unimpl 0
cyc 102393 bal      1  in0 ffff in1 fffe  frame 1505 pc ff820480 blit 599793 late 0 skip 0 snd_stalls 1 snd_pc dd8d unimpl 0
cyc 102548 bal      0  in0 ffff in1 fffe  frame 1506 pc ff8204c0 blit 598405 late 0 skip 0 snd_stalls 1 snd_pc ffff unimpl 0
cyc 102096 bal      2  in0 ffff in1 fffe  frame 1507 pc ff82e470 blit 595025 late 0 skip 0 snd_stalls 1 snd_pc 1ffa unimpl 0
cyc 113456 bal      0  in0 ffff in1 fffe  frame 1508 pc ff82e1a0 blit 0 late 0 skip 0 snd_stalls 1 snd_pc 2401 unimpl 0
cyc  43457 bal    -64  in0 ffff in1 ffff  frame 1509 pc ff820c90 blit 0 late 0 skip 0 snd_stalls 1 snd_pc ffff unimpl 0
cyc  43202 bal    -62  in0 ffff in1 ffff  frame 1510 pc ff820c60 blit 0 late 0 skip 0 snd_stalls 1 snd_pc dc05 unimpl 0
cyc  43200 bal    -63  in0 ffff in1 ffff  frame 1511 pc ff820c70 blit 0 late 0 skip 0 snd_stalls 1 snd_pc ffff unimpl 0
cyc 111541 bal      1  in0 ffff in1 ffff  frame 1512 pc ff82e180 blit 0 late 0 skip 0 snd_stalls 1 snd_pc 0238 unimpl 0
cyc 114230 bal      3  in0 ffff in1 ffff  frame 1513 pc ff833480 blit 0 late 0 skip 0 snd_stalls 1 snd_pc dd94 unimpl 0
cyc 105346 bal      1  in0 ffff in1 ffff  frame 1514 pc ff833480 blit 0 late 0 skip 0 snd_stalls 1 snd_pc dc3c unimpl 0
cyc 105100 bal      0  in0 ffff in1 ffff  frame 1515 pc ff821460 blit 0 late 0 skip 0 snd_stalls 1 snd_pc 1ffc unimpl 0
cyc 114224 bal      4  in0 ffff in1 ffff  frame 1516 pc ff8204a0 blit 0 late 0 skip 0 snd_stalls 1 snd_pc ffff unimpl 0
cyc 103065 bal      2  in0 ffff in1 ffff  frame 1517 pc ff820480 blit 541848 late 0 skip 0 snd_stalls 1 snd_pc ffff unimpl 0
cyc 103423 bal      2  in0 ffff in1 ffff  frame 1518 pc ff8205b0 blit 544863 late 0 skip 0 snd_stalls 1 snd_pc dd87 unimpl 0
cyc 103515 bal      4  in0 ffff in1 ffff  frame 1519 pc ff8204a0 blit 543619 late 0 skip 0 snd_stalls 1 snd_pc 0234 unimpl 0
cyc 103405 bal      0  in0 ffff in1 ffff  frame 1520 pc ff82e570 blit 388995 late 0 skip 0 snd_stalls 1 snd_pc ffff unimpl 0
cyc 113067 bal      3  in0 ffff in1 fffe  frame 1521 pc ff821410 blit 139893 late 0 skip 0 snd_stalls 1 snd_pc dda6 unimpl 0
cyc 114224 bal      0  in0 ffff in1 fffe  frame 1522 pc ff8204d0 blit 0 late 0 skip 0 snd_stalls 1 snd_pc ffff unimpl 0
cyc 103404 bal     -1  in0 ffff in1 fffe  frame 1523 pc ff8205b0 blit 539216 late 0 skip 0 snd_stalls 1 snd_pc ffff unimpl 0
cyc 103512 bal      1  in0 ffff in1 fffe  frame 1524 pc ff820560 blit 540136 late 0 skip 0 snd_stalls 1 snd_pc ddb0 unimpl 0
cyc 103411 bal      1  in0 ffff in1 fffe  frame 1525 pc ff820480 blit 542823 late 0 skip 0 snd_stalls 1 snd_pc 0552 unimpl 0
cyc 103501 bal      2  in0 ffff in1 fffe  frame 1526 pc ff820480 blit 541433 late 0 skip 0 snd_stalls 1 snd_pc ffff unimpl 0
cyc 103440 bal     -1  in0 ffff in1 fffe  frame 1527 pc ff8205b0 blit 541249 late 0 skip 0 snd_stalls 1 snd_pc dc15 unimpl 0
cyc 103362 bal      1  in0 ffff in1 fffe  frame 1528 pc ff8204a0 blit 542418 late 0 skip 0 snd_stalls 1 snd_pc ffff unimpl 0
cyc 103518 bal      3  in0 ffff in1 ffff  frame 1529 pc ff8204a0 blit 539251 late 0 skip 0 snd_stalls 1 snd_pc 1ffc unimpl 0
cyc 103366 bal      1  in0 ffff in1 ffff  frame 1530 pc ff8204b0 blit 543461 late 0 skip 0 snd_stalls 1 snd_pc dda1 unimpl 0
cyc 101766 bal      2  in0 ffff in1 ffff  frame 1531 pc ff821410 blit 540105 late 0 skip 0 snd_stalls 1 snd_pc ddb0 unimpl 0
cyc 114227 bal      1  in0 ffff in1 ffff  frame 1532 pc ff821460 blit 0 late 0 skip 0 snd_stalls 1 snd_pc dc09 unimpl 0
cyc 114228 bal      1  in0 ffff in1 ffff  frame 1533 pc ff820580 blit 0 late 0 skip 0 snd_stalls 1 snd_pc dda8 unimpl 0
cyc 103493 bal      0  in0 ffff in1 ffff  frame 1534 pc ff820560 blit 569103 late 0 skip 0 snd_stalls 1 snd_pc dc3d unimpl 0
cyc 103553 bal      0  in0 ffff in1 ffff  frame 1535 pc ff8204d0 blit 563965 late 0 skip 0 snd_stalls 1 snd_pc dd9a unimpl 0
cyc 103602 bal      3  in0 ffff in1 ffff  frame 1536 pc ff8204a0 blit 563275 late 0 skip 0 snd_stalls 1 snd_pc 023b unimpl 0
cyc 103554 bal      2  in0 ffff in1 ffff  frame 1537 pc ff8205b0 blit 566148 late 0 skip 0 snd_stalls 1 snd_pc 023b unimpl 0
cyc 103474 bal      0  in0 ffff in1 ffff  frame 1538 pc ff8205b0 blit 569151 late 0 skip 0 snd_stalls 1 snd_pc ddb4 unimpl 0
cyc 103546 bal      3  in0 ffff in1 ffff  frame 1539 pc ff833430 blit 564295 late 0 skip 0 snd_stalls 1 snd_pc ffff unimpl 0
cyc 103550 bal      0  in0 ffff in1 ffff  frame 1540 pc ff820570 blit 563930 late 0 skip 0 snd_stalls 1 snd_pc dda5 unimpl 0
cyc 103554 bal      0  in0 ffff in1 ffff  frame 1541 pc ff8205a0 blit 565182 late 0 skip 0 snd_stalls 1 snd_pc 0541 unimpl 0
cyc 103535 bal      0  in0 ffff in1 ffff  frame 1542 pc ff820460 blit 566919 late 0 skip 0 snd_stalls 1 snd_pc dc06 unimpl 0
cyc 103600 bal     -2  in0 ffff in1 ffff  frame 1543 pc ff8205c0 blit 564677 late 0 skip 0 snd_stalls 1 snd_pc dc3e unimpl 0
cyc 103536 bal      0  in0 ffff in1 ffff  frame 1544 pc ff8204a0 blit 567373 late 0 skip 0 snd_stalls 1 snd_pc dc05 unimpl 0
cyc 103553 bal      0  in0 ffff in1 ffff  frame 1545 pc ff8204c0 blit 567342 late 0 skip 0 snd_stalls 1 snd_pc 2401 unimpl 0
cyc 103579 bal      2  in0 ffff in1 ffff  frame 1546 pc ff820560 blit 563617 late 0 skip 0 snd_stalls 1 snd_pc 1ffd unimpl 0
cyc 103478 bal      0  in0 ffff in1 ffff  frame 1547 pc ff820570 blit 566474 late 0 skip 0 snd_stalls 1 snd_pc fff6 unimpl 0
cyc 103537 bal      0  in0 ffff in1 ffff  frame 1548 pc ff820490 blit 565238 late 0 skip 0 snd_stalls 1 snd_pc 052e unimpl 0
cyc 103602 bal      1  in0 ffff in1 ffff  frame 1549 pc ff820480 blit 566200 late 0 skip 0 snd_stalls 1 snd_pc 0238 unimpl 0
cyc 103549 bal     -2  in0 ffff in1 ffff  frame 1550 pc ff8205c0 blit 567354 late 0 skip 0 snd_stalls 1 snd_pc 052c unimpl 0
cyc 103620 bal      1  in0 ffff in1 ffff  frame 1551 pc ff820560 blit 565301 late 0 skip 0 snd_stalls 1 snd_pc 1fff unimpl 0
cyc 103543 bal      2  in0 ffff in1 ffff  frame 1552 pc ff8204a0 blit 565346 late 0 skip 0 snd_stalls 1 snd_pc 0554 unimpl 0
cyc 103552 bal      0  in0 ffff in1 ffff  frame 1553 pc ff8204a0 blit 565096 late 0 skip 0 snd_stalls 1 snd_pc ddb2 unimpl 0
cyc 103544 bal      2  in0 ffff in1 ffff  frame 1554 pc ff820480 blit 567649 late 0 skip 0 snd_stalls 1 snd_pc dc18 unimpl 0
cyc 103545 bal      2  in0 ffff in1 ffff  frame 1555 pc ff8205b0 blit 568035 late 0 skip 0 snd_stalls 1 snd_pc dd92 unimpl 0
cyc 103549 bal     -1  in0 ffff in1 ffff  frame 1556 pc ff8205b0 blit 565519 late 0 skip 0 snd_stalls 1 snd_pc 04f5 unimpl 0
cyc 103545 bal      0  in0 ffff in1 ffff  frame 1557 pc ff820570 blit 565603 late 0 skip 0 snd_stalls 1 snd_pc dd94 unimpl 0
cyc 103577 bal      0  in0 ffff in1 ffff  frame 1558 pc ff8204d0 blit 564680 late 0 skip 0 snd_stalls 1 snd_pc ddb1 unimpl 0
cyc 103540 bal     -1  in0 ffff in1 ffff  frame 1559 pc ff820470 blit 566486 late 0 skip 0 snd_stalls 1 snd_pc 0238 unimpl 0
cyc 103643 bal      0  in0 ffff in1 ffff  frame 1560 pc ff8205a0 blit 563952 late 0 skip 0 snd_stalls 1 snd_pc 0234 unimpl 0
cyc 103677 bal      0  in0 ffff in1 ffff  frame 1561 pc ff8205a0 blit 564907 late 0 skip 0 snd_stalls 1 snd_pc ffff unimpl 0
cyc 103553 bal      2  in0 ffff in1 ffff  frame 1562 pc ff8205b0 blit 566286 late 0 skip 0 snd_stalls 1 snd_pc 051b unimpl 0
cyc 103614 bal      1  in0 ffff in1 ffff  frame 1563 pc ff8204a0 blit 562857 late 0 skip 0 snd_stalls 1 snd_pc ffff unimpl 0
cyc 103537 bal      1  in0 ffff in1 ffff  frame 1564 pc ff8205b0 blit 566193 late 0 skip 0 snd_stalls 1 snd_pc dc06 unimpl 0
cyc 103552 bal      2  in0 ffff in1 ffff  frame 1565 pc ff8205b0 blit 566173 late 0 skip 0 snd_stalls 1 snd_pc ddb2 unimpl 0
cyc 103575 bal      0  in0 ffff in1 ffff  frame 1566 pc ff820570 blit 563625 late 0 skip 0 snd_stalls 1 snd_pc dc1d unimpl 0
cyc 103480 bal      0  in0 ffff in1 ffff  frame 1567 pc ff8205b0 blit 568077 late 0 skip 0 snd_stalls 1 snd_pc 1ffd unimpl 0
cyc 103544 bal      1  in0 ffff in1 ffff  frame 1568 pc ff820560 blit 565309 late 0 skip 0 snd_stalls 1 snd_pc f035 unimpl 0
cyc 103550 bal      0  in0 ffff in1 ffff  frame 1569 pc ff8204d0 blit 568149 late 0 skip 0 snd_stalls 1 snd_pc fff7 unimpl 0
cyc 103552 bal      0  in0 ffff in1 ffff  frame 1570 pc ff820570 blit 564592 late 0 skip 0 snd_stalls 1 snd_pc dd9c unimpl 0
cyc 103616 bal      2  in0 ffff in1 ffff  frame 1571 pc ff820480 blit 564994 late 0 skip 0 snd_stalls 1 snd_pc ffff unimpl 0
cyc 103536 bal      0  in0 ffff in1 ffff  frame 1572 pc ff820570 blit 565386 late 0 skip 0 snd_stalls 1 snd_pc 2401 unimpl 0
cyc 103479 bal      0  in0 ffff in1 ffff  frame 1573 pc ff8205a0 blit 567668 late 0 skip 0 snd_stalls 1 snd_pc f53c unimpl 0
cyc 103549 bal      0  in0 ffff in1 ffff  frame 1574 pc ff8204d0 blit 567055 late 0 skip 0 snd_stalls 1 snd_pc ffff unimpl 0
cyc 103555 bal      0  in0 ffff in1 ffff  frame 1575 pc ff820560 blit 564389 late 0 skip 0 snd_stalls 1 snd_pc dc1a unimpl 0
cyc 103539 bal      2  in0 ffff in1 ffff  frame 1576 pc ff820480 blit 567760 late 0 skip 0 snd_stalls 1 snd_pc dc19 unimpl 0
cyc 103552 bal      0  in0 ffff in1 ffff  frame 1577 pc ff820490 blit 563517 late 0 skip 0 snd_stalls 1 snd_pc ffff unimpl 0
cyc 103555 bal      1  in0 ffff in1 ffff  frame 1578 pc ff8204b0 blit 564977 late 0 skip 0 snd_stalls 1 snd_pc 023c unimpl 0
cyc 103534 bal      0  in0 ffff in1 ffff  frame 1579 pc ff820580 blit 568990 late 0 skip 0 snd_stalls 1 snd_pc 1ffe unimpl 0
cyc 103550 bal      0  in0 ffff in1 ffff  frame 1580 pc ff820590 blit 564227 late 0 skip 0 snd_stalls 1 snd_pc dd9b unimpl 0
cyc 103546 bal      1  in0 ffff in1 ffff  frame 1581 pc ff8204c0 blit 569427 late 0 skip 0 snd_stalls 1 snd_pc dc15 unimpl 0
cyc 103592 bal      2  in0 ffff in1 ffff  frame 1582 pc ff8205b0 blit 564443 late 0 skip 0 snd_stalls 1 snd_pc dd9a unimpl 0
cyc 103614 bal      2  in0 ffff in1 ffff  frame 1583 pc ff8204a0 blit 563906 late 0 skip 0 snd_stalls 1 snd_pc dc3e unimpl 0
cyc 103612 bal      1  in0 ffff in1 ffff  frame 1584 pc ff8205b0 blit 564422 late 0 skip 0 snd_stalls 1 snd_pc dd98 unimpl 0
cyc 103543 bal      0  in0 ffff in1 ffff  frame 1585 pc ff8204e0 blit 566184 late 0 skip 0 snd_stalls 1 snd_pc ffff unimpl 0
cyc 103477 bal      0  in0 ffff in1 ffff  frame 1586 pc ff8205b0 blit 566134 late 0 skip 0 snd_stalls 1 snd_pc 023c unimpl 0
cyc 103553 bal      1  in0 ffff in1 ffff  frame 1587 pc ff820580 blit 565807 late 0 skip 0 snd_stalls 1 snd_pc dd80 unimpl 0
cyc 103539 bal      2  in0 ffff in1 ffff  frame 1588 pc ff820480 blit 565140 late 0 skip 0 snd_stalls 1 snd_pc dc22 unimpl 0
cyc 103555 bal      3  in0 ffff in1 ffff  frame 1589 pc ff820480 blit 563891 late 0 skip 0 snd_stalls 1 snd_pc dd91 unimpl 0
cyc 103659 bal      3  in0 ffff in1 ffff  frame 1590 pc ff820480 blit 564784 late 0 skip 0 snd_stalls 1 snd_pc ffff unimpl 0
cyc 103554 bal      1  in0 ffff in1 ffff  frame 1591 pc ff820480 blit 565365 late 0 skip 0 snd_stalls 1 snd_pc ffff unimpl 0
cyc 103607 bal      0  in0 ffff in1 ffff  frame 1592 pc ff8204a0 blit 562612 late 0 skip 0 snd_stalls 1 snd_pc dd9a unimpl 0
cyc 103555 bal      1  in0 ffff in1 ffff  frame 1593 pc ff8204a0 blit 563113 late 0 skip 0 snd_stalls 1 snd_pc dc1d unimpl 0
cyc 103552 bal      2  in0 ffff in1 ffff  frame 1594 pc ff8204a0 blit 565836 late 0 skip 0 snd_stalls 1 snd_pc 2401 unimpl 0
cyc 103543 bal      0  in0 ffff in1 ffff  frame 1595 pc ff8205b0 blit 567867 late 0 skip 0 snd_stalls 1 snd_pc f536 unimpl 0
cyc 103598 bal      0  in0 ffff in1 ffff  frame 1596 pc ff8205a0 blit 565258 late 0 skip 0 snd_stalls 1 snd_pc fff6 unimpl 0
cyc 103559 bal      3  in0 ffff in1 ffff  frame 1597 pc ff8205b0 blit 565098 late 0 skip 0 snd_stalls 1 snd_pc ffff unimpl 0
cyc 103546 bal      0  in0 ffff in1 ffff  frame 1598 pc ff8204a0 blit 565004 late 0 skip 0 snd_stalls 1 snd_pc dc1a unimpl 0
cyc 103555 bal      1  in0 ffff in1 ffff  frame 1599 pc ff8204a0 blit 565309 late 0 skip 0 snd_stalls 1 snd_pc f538 unimpl 0
cyc 103540 bal     -1  in0 ffff in1 ffff  frame 1600 pc ff8205c0 blit 565500 late 0 skip 0 snd_stalls 1 snd_pc f51d unimpl 0
cyc 103550 bal      3  in0 ffff in1 fffb  frame 1601 pc ff8204a0 blit 561999 late 0 skip 0 snd_stalls 1 snd_pc dd7b unimpl 0
cyc 103438 bal      0  in0 ffff in1 fffb  frame 1602 pc ff82e4a0 blit 562709 late 0 skip 0 snd_stalls 1 snd_pc dc76 unimpl 0
cyc 113827 bal      1  in0 ffff in1 fffb  frame 1603 pc ff82e1a0 blit 0 late 0 skip 0 snd_stalls 1 snd_pc dc77 unimpl 0
cyc  43479 bal    -63  in0 ffff in1 fffb  frame 1604 pc ff820c70 blit 0 late 0 skip 0 snd_stalls 1 snd_pc dc78 unimpl 0
cyc  43200 bal    -63  in0 ffff in1 fffb  frame 1605 pc ff820c70 blit 0 late 0 skip 0 snd_stalls 1 snd_pc 02b1 unimpl 0
cyc  43198 bal    -64  in0 ffff in1 fffb  frame 1606 pc ff820c90 blit 0 late 0 skip 0 snd_stalls 1 snd_pc ffff unimpl 0
cyc 111584 bal      1  in0 ffff in1 fffb  frame 1607 pc ff82e1a0 blit 0 late 0 skip 0 snd_stalls 1 snd_pc f53a unimpl 0
cyc 114228 bal      1  in0 ffff in1 fffb  frame 1608 pc ff833450 blit 0 late 0 skip 0 snd_stalls 1 snd_pc dc09 unimpl 0
cyc 113859 bal      0  in0 ffff in1 ffff  frame 1609 pc ff82e1b0 blit 0 late 0 skip 0 snd_stalls 1 snd_pc dd7c unimpl 0
cyc  43489 bal    -64  in0 ffff in1 ffff  frame 1610 pc ff820c90 blit 0 late 0 skip 0 snd_stalls 1 snd_pc dc3d unimpl 0
cyc  43202 bal    -62  in0 ffff in1 ffff  frame 1611 pc ff820c60 blit 0 late 0 skip 0 snd_stalls 1 snd_pc 0218 unimpl 0
cyc  43200 bal    -62  in0 ffff in1 ffff  frame 1612 pc ff820c70 blit 0 late 0 skip 0 snd_stalls 1 snd_pc ffff unimpl 0
cyc 111658 bal      5  in0 ffff in1 ffff  frame 1613 pc ff82e1a0 blit 0 late 0 skip 0 snd_stalls 1 snd_pc 023b unimpl 0
cyc 114169 bal      2  in0 ffff in1 ffff  frame 1614 pc ff833430 blit 0 late 0 skip 0 snd_stalls 1 snd_pc 023c unimpl 0
cyc 105358 bal     -1  in0 ffff in1 ffff  frame 1615 pc ff8205b0 blit 0 late 0 skip 0 snd_stalls 1 snd_pc dc22 unimpl 0
cyc 105389 bal      1  in0 ffff in1 ffff  frame 1616 pc ff833420 blit 0 late 0 skip 0 snd_stalls 1 snd_pc dd98 unimpl 0
cyc 105311 bal     -1  in0 ffff in1 ffff  frame 1617 pc ff8205b0 blit 0 late 0 skip 0 snd_stalls 1 snd_pc dd9d unimpl 0
cyc 103370 bal      0  in0 ffff in1 ffff  frame 1618 pc ff8204c0 blit 565275 late 0 skip 0 snd_stalls 1 snd_pc ffff unimpl 0
cyc 104725 bal      2  in0 ffff in1 ffff  frame 1619 pc ff82e560 blit 242717 late 0 skip 0 snd_stalls 1 snd_pc ffff unimpl 0
cyc 112357 bal      0  in0 ffff in1 ffff  frame 1620 pc ff820570 blit 288890 late 0 skip 0 snd_stalls 1 snd_pc dc1c unimpl 0
cyc 102764 bal      4  in0 ffff in1 ffff  frame 1621 pc ff8204a0 blit 722756 late 0 skip 0 snd_stalls 1 snd_pc dda4 unimpl 0
cyc 103030 bal      4  in0 ffff in1 ffff  frame 1622 pc ff820480 blit 722234 late 0 skip 0 snd_stalls 1 snd_pc f538 unimpl 0
cyc 102989 bal      1  in0 ffff in1 ffff  frame 1623 pc ff8205b0 blit 720714 late 0 skip 0 snd_stalls 1 snd_pc 1ffe unimpl 0
cyc 102962 bal      3  in0 ffff in1 ffff  frame 1624 pc ff8204a0 blit 720642 late 0 skip 0 snd_stalls 1 snd_pc ddac unimpl 0
cyc 103072 bal     -1  in0 ffff in1 ffff  frame 1625 pc ff8205b0 blit 718595 late 0 skip 0 snd_stalls 1 snd_pc ffff unimpl 0
cyc 103069 bal      1  in0 ffff in1 ffff  frame 1626 pc ff8204c0 blit 719108 late 0 skip 0 snd_stalls 1 snd_pc ffff unimpl 0
cyc 103053 bal      0  in0 ffff in1 ffff  frame 1627 pc ff820580 blit 722571 late 0 skip 0 snd_stalls 1 snd_pc 1ffd unimpl 0
cyc 102735 bal      0  in0 ffff in1 ffff  frame 1628 pc ff820580 blit 717977 late 0 skip 0 snd_stalls 1 snd_pc dd9f unimpl 0
cyc 103110 bal      1  in0 ffff in1 ffff  frame 1629 pc ff820560 blit 718028 late 0 skip 0 snd_stalls 1 snd_pc 0541 unimpl 0
cyc 103030 bal     -1  in0 ffff in1 ffff  frame 1630 pc ff8205b0 blit 721645 late 0 skip 0 snd_stalls 1 snd_pc dc17 unimpl 0
cyc 102963 bal      1  in0 ffff in1 ffff  frame 1631 pc ff8205b0 blit 719902 late 0 skip 0 snd_stalls 1 snd_pc ddb0 unimpl 0
cyc 102969 bal     -1  in0 ffff in1 ffff  frame 1632 pc ff8205b0 blit 721198 late 0 skip 0 snd_stalls 1 snd_pc dc3f unimpl 0
cyc 102904 bal      4  in0 ffff in1 ffff  frame 1633 pc ff8204a0 blit 720707 late 0 skip 0 snd_stalls 1 snd_pc f537 unimpl 0
cyc 103022 bal      0  in0 ffff in1 ffff  frame 1634 pc ff8204e0 blit 719648 late 0 skip 0 snd_stalls 1 snd_pc dd9a unimpl 0
cyc 103023 bal      0  in0 ffff in1 ffff  frame 1635 pc ff8204e0 blit 721137 late 0 skip 0 snd_stalls 1 snd_pc ddac unimpl 0
cyc 102912 bal      4  in0 ffff in1 ffff  frame 1636 pc ff8204a0 blit 722512 late 0 skip 0 snd_stalls 1 snd_pc ffff unimpl 0
cyc 103042 bal     -1  in0 ffff in1 ffff  frame 1637 pc ff8205b0 blit 722888 late 0 skip 0 snd_stalls 1 snd_pc ffff unimpl 0
cyc 103026 bal      4  in0 ffff in1 ffff  frame 1638 pc ff820480 blit 722246 late 0 skip 0 snd_stalls 1 snd_pc dd98 unimpl 0
cyc 103027 bal      0  in0 ffff in1 ffff  frame 1639 pc ff820480 blit 721653 late 0 skip 0 snd_stalls 1 snd_pc ffff unimpl 0
cyc 103083 bal      0  in0 ffff in1 ffff  frame 1640 pc ff8205b0 blit 720072 late 0 skip 0 snd_stalls 1 snd_pc 023b unimpl 0
cyc 102991 bal      1  in0 ffff in1 ffff  frame 1641 pc ff820560 blit 717193 late 0 skip 0 snd_stalls 1 snd_pc ffff unimpl 0
cyc 103410 bal      3  in0 ffff in1 ffff  frame 1642 pc ff8204a0 blit 719758 late 0 skip 0 snd_stalls 1 snd_pc 022a unimpl 0
cyc 103418 bal      0  in0 ffff in1 ffff  frame 1643 pc ff8204c0 blit 699867 late 0 skip 0 snd_stalls 1 snd_pc ffff unimpl 0
cyc 103261 bal      3  in0 ffff in1 ffff  frame 1644 pc ff8204a0 blit 701744 late 0 skip 0 snd_stalls 1 snd_pc ffff unimpl 0
cyc 103302 bal      1  in0 ffff in1 ffff  frame 1645 pc ff820570 blit 703037 late 0 skip 0 snd_stalls 1 snd_pc dc05 unimpl 0
cyc 103367 bal      3  in0 ffff in1 ffff  frame 1646 pc ff8204a0 blit 702551 late 0 skip 0 snd_stalls 1 snd_pc 065c unimpl 0
cyc 103144 bal      4  in0 ffff in1 ffff  frame 1647 pc ff820480 blit 701924 late 0 skip 0 snd_stalls 1 snd_pc ffff unimpl 0
cyc 103073 bal      1  in0 ffff in1 ffff  frame 1648 pc ff8205b0 blit 702194 late 0 skip 0 snd_stalls 1 snd_pc ffff unimpl 0
cyc 103403 bal      1  in0 ffff in1 ffff  frame 1649 pc ff8205b0 blit 699988 late 0 skip 0 snd_stalls 1 snd_pc ffff unimpl 0
cyc 103342 bal      1  in0 ffff in1 ffff  frame 1650 pc ff820480 blit 702479 late 0 skip 0 snd_stalls 1 snd_pc ffff unimpl 0
cyc 103430 bal      0  in0 ffff in1 ffff  frame 1651 pc ff8205a0 blit 704304 late 0 skip 0 snd_stalls 1 snd_pc 05d9 unimpl 0
cyc 103362 bal     -1  in0 ffff in1 ffff  frame 1652 pc ff8205b0 blit 701229 late 0 skip 0 snd_stalls 1 snd_pc dc17 unimpl 0
cyc 103324 bal      1  in0 ffff in1 ffff  frame 1653 pc ff820480 blit 704733 late 0 skip 0 snd_stalls 1 snd_pc ffff unimpl 0
cyc 103512 bal      1  in0 ffff in1 ffff  frame 1654 pc ff820560 blit 699930 late 0 skip 0 snd_stalls 1 snd_pc dd9c unimpl 0
cyc 103246 bal      1  in0 ffff in1 ffff  frame 1655 pc ff820560 blit 703988 late 0 skip 0 snd_stalls 1 snd_pc 065d unimpl 0
cyc 103328 bal     -1  in0 ffff in1 ffff  frame 1656 pc ff8205b0 blit 705157 late 0 skip 0 snd_stalls 1 snd_pc ddb1 unimpl 0
cyc 103442 bal     -1  in0 ffff in1 ffff  frame 1657 pc ff8205b0 blit 702855 late 0 skip 0 snd_stalls 1 snd_pc 0238 unimpl 0
cyc 103332 bal      1  in0 ffff in1 ffff  frame 1658 pc ff8205a0 blit 700457 late 0 skip 0 snd_stalls 1 snd_pc ffff unimpl 0
cyc 103341 bal      4  in0 ffff in1 ffff  frame 1659 pc ff8204a0 blit 702546 late 0 skip 0 snd_stalls 1 snd_pc dc3f unimpl 0
cyc 103298 bal      4  in0 ffff in1 ffff  frame 1660 pc ff820480 blit 703392 late 0 skip 0 snd_stalls 1 snd_pc 0235 unimpl 0
cyc 103474 bal      1  in0 ffff in1 ffff  frame 1661 pc ff820560 blit 700876 late 0 skip 0 snd_stalls 1 snd_pc ddb4 unimpl 0
cyc 103295 bal      1  in0 ffff in1 ffff  frame 1662 pc ff8205b0 blit 701135 late 0 skip 0 snd_stalls 1 snd_pc dc08 unimpl 0
cyc 103273 bal      0  in0 ffff in1 ffff  frame 1663 pc ff8205b0 blit 702331 late 0 skip 0 snd_stalls 1 snd_pc dd9e unimpl 0
cyc 103315 bal      1  in0 ffff in1 ffff  frame 1664 pc ff8204a0 blit 700651 late 0 skip 0 snd_stalls 1 snd_pc ffff unimpl 0
cyc 103371 bal      4  in0 ffff in1 ffff  frame 1665 pc ff820480 blit 704971 late 0 skip 0 snd_stalls 1 snd_pc dd9a unimpl 0
cyc 103369 bal      4  in0 ffff in1 ffff  frame 1666 pc ff820480 blit 701683 late 0 skip 0 snd_stalls 1 snd_pc dc3d unimpl 0
cyc 103243 bal      1  in0 ffff in1 ffff  frame 1667 pc ff820560 blit 704851 late 0 skip 0 snd_stalls 1 snd_pc ddad unimpl 0
cyc 103463 bal      4  in0 ffff in1 ffff  frame 1668 pc ff8204a0 blit 699304 late 0 skip 0 snd_stalls 1 snd_pc dd9f unimpl 0
cyc 103372 bal      3  in0 ffff in1 ffff  frame 1669 pc ff820480 blit 701929 late 0 skip 0 snd_stalls 1 snd_pc 2401 unimpl 0
cyc 103356 bal      1  in0 ffff in1 ffff  frame 1670 pc ff820580 blit 702083 late 0 skip 0 snd_stalls 1 snd_pc 0566 unimpl 0
cyc 103289 bal      0  in0 ffff in1 ffff  frame 1671 pc ff820580 blit 704309 late 0 skip 0 snd_stalls 1 snd_pc 0234 unimpl 0
cyc 103305 bal      2  in0 ffff in1 ffff  frame 1672 pc ff8205b0 blit 701345 late 0 skip 0 snd_stalls 1 snd_pc ffff unimpl 0
cyc 103316 bal      3  in0 ffff in1 ffff  frame 1673 pc ff8204a0 blit 700776 late 0 skip 0 snd_stalls 1 snd_pc dd9d unimpl 0
cyc 103116 bal      2  in0 ffff in1 ffff  frame 1674 pc ff8204a0 blit 706524 late 0 skip 0 snd_stalls 1 snd_pc dc1a unimpl 0
cyc 103019 bal      0  in0 ffff in1 ffff  frame 1675 pc ff8204c0 blit 717724 late 0 skip 0 snd_stalls 1 snd_pc ffff unimpl 0
cyc 102998 bal      3  in0 ffff in1 ffff  frame 1676 pc ff8204a0 blit 719587 late 0 skip 0 snd_stalls 1 snd_pc dc1e unimpl 0
cyc 103073 bal      5  in0 ffff in1 ffff  frame 1677 pc ff8204a0 blit 718516 late 0 skip 0 snd_stalls 1 snd_pc ddb0 unimpl 0
cyc 103014 bal      0  in0 ffff in1 ffff  frame 1678 pc ff8204b0 blit 719574 late 0 skip 0 snd_stalls 1 snd_pc 0681 unimpl 0
cyc 103041 bal      2  in0 ffff in1 ffff  frame 1679 pc ff8205b0 blit 721164 late 0 skip 0 snd_stalls 1 snd_pc dc16 unimpl 0
cyc 103034 bal      0  in0 ffff in1 ffff  frame 1680 pc ff8205b0 blit 721373 late 0 skip 0 snd_stalls 1 snd_pc dd9a unimpl 0
cyc 102949 bal      1  in0 ffff in1 ffff  frame 1681 pc ff820480 blit 720791 late 0 skip 0 snd_stalls 1 snd_pc dc3c unimpl 0
cyc 103074 bal      0  in0 ffff in1 ffff  frame 1682 pc ff820580 blit 721777 late 0 skip 0 snd_stalls 1 snd_pc ddb1 unimpl 0
cyc 103029 bal      3  in0 ffff in1 ffff  frame 1683 pc ff8205b0 blit 721840 late 0 skip 0 snd_stalls 1 snd_pc ffff unimpl 0
cyc 102895 bal      3  in0 ffff in1 ffff  frame 1684 pc ff820480 blit 725190 late 0 skip 0 snd_stalls 1 snd_pc ffff unimpl 0
cyc 103017 bal      0  in0 ffff in1 ffff  frame 1685 pc ff820590 blit 719459 late 0 skip 0 snd_stalls 1 snd_pc ffff unimpl 0
cyc 103051 bal      0  in0 ffff in1 ffff  frame 1686 pc ff820470 blit 718703 late 0 skip 0 snd_stalls 1 snd_pc 1ffe unimpl 0
cyc 102945 bal      1  in0 ffff in1 ffff  frame 1687 pc ff8204a0 blit 722099 late 0 skip 0 snd_stalls 1 snd_pc 0235 unimpl 0
cyc 103002 bal      1  in0 ffff in1 ffff  frame 1688 pc ff820480 blit 721624 late 0 skip 0 snd_stalls 1 snd_pc ddaf unimpl 0
cyc 102973 bal      3  in0 ffff in1 ffff  frame 1689 pc ff8204a0 blit 724416 late 0 skip 0 snd_stalls 1 snd_pc dc07 unimpl 0
cyc 103089 bal      3  in0 ffff in1 ffff  frame 1690 pc ff8204a0 blit 719010 late 0 skip 0 snd_stalls 1 snd_pc dda8 unimpl 0
cyc 103026 bal      0  in0 ffff in1 ffff  frame 1691 pc ff8204c0 blit 721972 late 0 skip 0 snd_stalls 1 snd_pc ffff unimpl 0
cyc 102869 bal      0  in0 ffff in1 ffff  frame 1692 pc ff820580 blit 720083 late 0 skip 0 snd_stalls 1 snd_pc dda4 unimpl 0
cyc 102810 bal      1  in0 ffff in1 ffff  frame 1693 pc ff820560 blit 721167 late 0 skip 0 snd_stalls 1 snd_pc ffff unimpl 0
cyc 102781 bal      1  in0 ffff in1 ffff  frame 1694 pc ff820480 blit 722091 late 0 skip 0 snd_stalls 1 snd_pc fff7 unimpl 0
cyc 102973 bal      0  in0 ffff in1 ffff  frame 1695 pc ff8204b0 blit 721165 late 0 skip 0 snd_stalls 1 snd_pc 05c5 unimpl 0
cyc 102982 bal      1  in0 ffff in1 ffff  frame 1696 pc ff8204a0 blit 718444 late 0 skip 0 snd_stalls 1 snd_pc 023b unimpl 0
cyc 103033 bal      0  in0 ffff in1 ffff  frame 1697 pc ff820590 blit 720718 late 0 skip 0 snd_stalls 1 snd_pc 0612 unimpl 0
cyc 102947 bal      0  in0 ffff in1 ffff  frame 1698 pc ff8205b0 blit 720992 late 0 skip 0 snd_stalls 1 snd_pc ffff unimpl 0
cyc 103006 bal      2  in0 ffff in1 ffff  frame 1699 pc ff820480 blit 720141 late 0 skip 0 snd_stalls 1 snd_pc 1ffe unimpl 0
cyc 103040 bal      0  in0 ffff in1 ffff  frame 1700 pc ff820580 blit 721523 late 0 skip 0 snd_stalls 1 snd_pc 0234 unimpl 0
cyc 102872 bal     -1  in0 ffff in1 ffff  frame 1701 pc ff820460 blit 724252 late 0 skip 0 snd_stalls 1 snd_pc dc08 unimpl 0
cyc 103069 bal      0  in0 ffff in1 ffff  frame 1702 pc ff8204b0 blit 718819 late 0 skip 0 snd_stalls 1 snd_pc ffff unimpl 0
cyc 102871 bal      0  in0 ffff in1 ffff  frame 1703 pc ff8204c0 blit 719750 late 0 skip 0 snd_stalls 1 snd_pc 1ffd unimpl 0
cyc 103052 bal      2  in0 ffff in1 ffff  frame 1704 pc ff820480 blit 720693 late 0 skip 0 snd_stalls 1 snd_pc ffff unimpl 0
cyc 102982 bal      3  in0 ffff in1 ffff  frame 1705 pc ff820480 blit 719859 late 0 skip 0 snd_stalls 1 snd_pc ddaa unimpl 0
cyc 103396 bal      3  in0 ffff in1 ffff  frame 1706 pc ff820480 blit 719805 late 0 skip 0 snd_stalls 1 snd_pc f520 unimpl 0
cyc 103342 bal      3  in0 ffff in1 ffff  frame 1707 pc ff820480 blit 699621 late 0 skip 0 snd_stalls 1 snd_pc ffff unimpl 0
cyc 103407 bal      2  in0 ffff in1 ffff  frame 1708 pc ff8204a0 blit 701894 late 0 skip 0 snd_stalls 1 snd_pc dc1f unimpl 0
cyc 103323 bal      2  in0 ffff in1 ffff  frame 1709 pc ff8205b0 blit 699938 late 0 skip 0 snd_stalls 1 snd_pc ddb1 unimpl 0
cyc 103367 bal      0  in0 ffff in1 ffff  frame 1710 pc ff820590 blit 699342 late 0 skip 0 snd_stalls 1 snd_pc 052c unimpl 0
cyc 103373 bal      0  in0 ffff in1 ffff  frame 1711 pc ff820570 blit 701503 late 0 skip 0 snd_stalls 1 snd_pc 0238 unimpl 0
cyc 103381 bal      1  in0 ffff in1 ffff  frame 1712 pc ff8205b0 blit 703736 late 0 skip 0 snd_stalls 1 snd_pc ffff unimpl 0
cyc 103407 bal      1  in0 ffff in1 ffff  frame 1713 pc ff8205b0 blit 702041 late 0 skip 0 snd_stalls 1 snd_pc dc1a unimpl 0
cyc 103281 bal      1  in0 ffff in1 ffff  frame 1714 pc ff8204a0 blit 702541 late 0 skip 0 snd_stalls 1 snd_pc ddae unimpl 0
cyc 103300 bal      1  in0 ffff in1 ffff  frame 1715 pc ff820400 blit 701925 late 0 skip 0 snd_stalls 1 snd_pc dd9c unimpl 0
cyc 103418 bal      1  in0 ffff in1 ffff  frame 1716 pc ff820560 blit 699499 late 0 skip 0 snd_stalls 1 snd_pc 0235 unimpl 0
cyc 103382 bal     -1  in0 ffff in1 ffff  frame 1717 pc ff8205b0 blit 704339 late 0 skip 0 snd_stalls 1 snd_pc ddb5 unimpl 0
cyc 103349 bal      0  in0 ffff in1 ffff  frame 1718 pc ff8204e0 blit 698805 late 0 skip 0 snd_stalls 1 snd_pc dc1d unimpl 0
cyc 103475 bal      0  in0 ffff in1 ffff  frame 1719 pc ff820560 blit 701932 late 0 skip 0 snd_stalls 1 snd_pc 0610 unimpl 0
cyc 103261 bal      3  in0 ffff in1 ffff  frame 1720 pc ff820480 blit 701312 late 0 skip 0 snd_stalls 1 snd_pc ffff unimpl 0
cyc 103433 bal      0  in0 ffff in1 ffff  frame 1721 pc ff8204b0 blit 703249 late 0 skip 0 snd_stalls 1 snd_pc ffff unimpl 0
cyc 103413 bal      4  in0 ffff in1 ffff  frame 1722 pc ff8204a0 blit 701502 late 0 skip 0 snd_stalls 1 snd_pc ffff unimpl 0
cyc 103448 bal      0  in0 ffff in1 ffff  frame 1723 pc ff8205a0 blit 702015 late 0 skip 0 snd_stalls 1 snd_pc dc1c unimpl 0
cyc 103300 bal      1  in0 ffff in1 ffff  frame 1724 pc ff820480 blit 704469 late 0 skip 0 snd_stalls 1 snd_pc ddae unimpl 0
cyc 103330 bal      1  in0 ffff in1 ffff  frame 1725 pc ff820590 blit 702612 late 0 skip 0 snd_stalls 1 snd_pc dda1 unimpl 0
cyc 103372 bal      0  in0 ffff in1 ffff  frame 1726 pc ff8204c0 blit 701025 late 0 skip 0 snd_stalls 1 snd_pc ddab unimpl 0
cyc 103291 bal      4  in0 ffff in1 ffff  frame 1727 pc ff820480 blit 701626 late 0 skip 0 snd_stalls 1 snd_pc 06bd unimpl 0
cyc 103389 bal      1  in0 ffff in1 ffff  frame 1728 pc ff8204b0 blit 702277 late 0 skip 0 snd_stalls 1 snd_pc dc16 unimpl 0
cyc 103391 bal      3  in0 ffff in1 ffff  frame 1729 pc ff8204a0 blit 698734 late 0 skip 0 snd_stalls 1 snd_pc 2401 unimpl 0
cyc 103332 bal      1  in0 ffff in1 ffff  frame 1730 pc ff8205b0 blit 702051 late 0 skip 0 snd_stalls 1 snd_pc 1ffa unimpl 0
cyc 103376 bal      4  in0 ffff in1 ffff  frame 1731 pc ff8204a0 blit 701876 late 0 skip 0 snd_stalls 1 snd_pc 051a unimpl 0
cyc 103316 bal      0  in0 ffff in1 ffff  frame 1732 pc ff8205b0 blit 699765 late 0 skip 0 snd_stalls 1 snd_pc dda9 unimpl 0
cyc 103338 bal      0  in0 ffff in1 ffff  frame 1733 pc ff8205a0 blit 700658 late 0 skip 0 snd_stalls 1 snd_pc dc06 unimpl 0
cyc 103327 bal      1  in0 ffff in1 ffff  frame 1734 pc ff8204c0 blit 703898 late 0 skip 0 snd_stalls 1 snd_pc dda5 unimpl 0
cyc 103449 bal      0  in0 ffff in1 ffff  frame 1735 pc ff8204d0 blit 700635 late 0 skip 0 snd_stalls 1 snd_pc 023b unimpl 0
cyc 103422 bal      0  in0 ffff in1 ffff  frame 1736 pc ff8204e0 blit 701427 late 0 skip 0 snd_stalls 1 snd_pc dd9b unimpl 0
cyc 103230 bal      0  in0 ffff in1 ffff  frame 1737 pc ff8205b0 blit 702858 late 0 skip 0 snd_stalls 1 snd_pc dda7 unimpl 0
cyc 102976 bal      3  in0 ffff in1 ffff  frame 1738 pc ff8205b0 blit 706164 late 0 skip 0 snd_stalls 1 snd_pc 023b unimpl 0
cyc 103019 bal      0  in0 ffff in1 ffff  frame 1739 pc ff8204a0 blit 719959 late 0 skip 0 snd_stalls 1 snd_pc 0234 unimpl 0
cyc 103121 bal      0  in0 ffff in1 ffff  frame 1740 pc ff820570 blit 719479 late 0 skip 0 snd_stalls 1 snd_pc ffff unimpl 0
cyc  99960 bal    -16  in0 ffbf in1 ffff  frame 1741 pc ff820540 blit 721831 late 0 skip 0 snd_stalls 1 snd_pc dda4 unimpl 0
cyc 101537 bal      1  in0 ffbf in1 ffff  frame 1742 pc ff8204a0 blit 689669 late 0 skip 0 snd_stalls 1 snd_pc ffff unimpl 0
cyc 103224 bal      0  in0 ffbf in1 ffff  frame 1743 pc ff820580 blit 685679 late 0 skip 0 snd_stalls 1 snd_pc fff6 unimpl 0
cyc 103233 bal      1  in0 ffbf in1 ffff  frame 1744 pc ff820580 blit 685201 late 0 skip 0 snd_stalls 1 snd_pc dd9e unimpl 0
cyc 103346 bal      0  in0 ffbf in1 ffff  frame 1745 pc ff820560 blit 684834 late 0 skip 0 snd_stalls 1 snd_pc dc1a unimpl 0
cyc 103343 bal      0  in0 ffbf in1 ffff  frame 1746 pc ff8204c0 blit 684689 late 0 skip 0 snd_stalls 1 snd_pc ffff unimpl 0
cyc 103439 bal      2  in0 ffbf in1 ffff  frame 1747 pc ff820570 blit 682417 late 0 skip 0 snd_stalls 1 snd_pc ffff unimpl 0
cyc 103460 bal      2  in0 ffbf in1 ffff  frame 1748 pc ff833450 blit 683180 late 0 skip 0 snd_stalls 1 snd_pc ddb0 unimpl 0
cyc 103352 bal      0  in0 ffff in1 ffff  frame 1749 pc ff820590 blit 682631 late 0 skip 0 snd_stalls 1 snd_pc 0235 unimpl 0
cyc 103341 bal      4  in0 ffff in1 ffff  frame 1750 pc ff8204a0 blit 679929 late 0 skip 0 snd_stalls 1 snd_pc dc16 unimpl 0
cyc 103248 bal      0  in0 ffff in1 ffff  frame 1751 pc ff820580 blit 683494 late 0 skip 0 snd_stalls 1 snd_pc dd9e unimpl 0
cyc 103265 bal      0  in0 ffff in1 ffff  frame 1752 pc ff820560 blit 685670 late 0 skip 0 snd_stalls 1 snd_pc ffff unimpl 0
cyc 103260 bal      2  in0 ffff in1 ffff  frame 1753 pc ff8205b0 blit 683472 late 0 skip 0 snd_stalls 1 snd_pc ddb2 unimpl 0
cyc 103214 bal      4  in0 ffff in1 ffff  frame 1754 pc ff8204a0 blit 683028 late 0 skip 0 snd_stalls 1 snd_pc 0578 unimpl 0
cyc 103191 bal      0  in0 ffff in1 ffff  frame 1755 pc ff8204e0 blit 683066 late 0 skip 0 snd_stalls 1 snd_pc 05a0 unimpl 0
cyc 103368 bal      4  in0 ffff in1 ffff  frame 1756 pc ff820480 blit 678306 late 0 skip 0 snd_stalls 1 snd_pc ffff unimpl 0
cyc 103379 bal      1  in0 ffff in1 ffff  frame 1757 pc ff820560 blit 683568 late 0 skip 0 snd_stalls 1 snd_pc 023b unimpl 0
cyc 103322 bal      4  in0 ffff in1 ffff  frame 1758 pc ff820480 blit 686927 late 0 skip 0 snd_stalls 1 snd_pc ddb3 unimpl 0
cyc 103299 bal      0  in0 ffff in1 ffff  frame 1759 pc ff8205b0 blit 680861 late 0 skip 0 snd_stalls 1 snd_pc dda5 unimpl 0
cyc 103448 bal      2  in0 ffff in1 ffff  frame 1760 pc ff820480 blit 684000 late 0 skip 0 snd_stalls 1 snd_pc ffff unimpl 0
cyc 103230 bal     -1  in0 ffff in1 ffff  frame 1761 pc ff820470 blit 684320 late 0 skip 0 snd_stalls 1 snd_pc ddb1 unimpl 0
cyc 103372 bal      3  in0 ffff in1 ffff  frame 1762 pc ff820480 blit 679207 late 0 skip 0 snd_stalls 1 snd_pc dc16 unimpl 0
cyc 103320 bal      2  in0 ffff in1 ffff  frame 1763 pc ff8204a0 blit 685948 late 0 skip 0 snd_stalls 1 snd_pc 0684 unimpl 0
cyc 103217 bal      0  in0 ffff in1 ffff  frame 1764 pc ff820570 blit 685243 late 0 skip 0 snd_stalls 1 snd_pc dd99 unimpl 0
cyc 103214 bal      0  in0 ffff in1 ffff  frame 1765 pc ff8205b0 blit 685923 late 0 skip 0 snd_stalls 1 snd_pc ddaa unimpl 0
cyc 103262 bal      1  in0 ffff in1 ffff  frame 1766 pc ff8204e0 blit 683708 late 0 skip 0 snd_stalls 1 snd_pc dda1 unimpl 0
cyc 103223 bal      2  in0 ffff in1 ffff  frame 1767 pc ff8205b0 blit 682942 late 0 skip 0 snd_stalls 1 snd_pc dc20 unimpl 0
cyc 103062 bal      0  in0 ffff in1 ffff  frame 1768 pc ff820590 blit 685050 late 0 skip 0 snd_stalls 1 snd_pc ffff unimpl 0
cyc 103324 bal     -1  in0 ffff in1 ffff  frame 1769 pc ff8205b0 blit 684222 late 0 skip 0 snd_stalls 1 snd_pc ffff unimpl 0
cyc 103534 bal      1  in0 ffff in1 ffff  frame 1770 pc ff820590 blit 679995 late 0 skip 0 snd_stalls 1 snd_pc ffff unimpl 0
cyc 103281 bal      2  in0 ffff in1 ffff  frame 1771 pc ff8205b0 blit 667050 late 0 skip 0 snd_stalls 1 snd_pc 052c unimpl 0
cyc 103614 bal      4  in0 ffff in1 ffff  frame 1772 pc ff820480 blit 664848 late 0 skip 0 snd_stalls 1 snd_pc dc1a unimpl 0
cyc 103527 bal      0  in0 ffff in1 ffff  frame 1773 pc ff820490 blit 664026 late 0 skip 0 snd_stalls 1 snd_pc 0234 unimpl 0
cyc 103485 bal      1  in0 ffff in1 ffff  frame 1774 pc ff8205b0 blit 665860 late 0 skip 0 snd_stalls 1 snd_pc 2401 unimpl 0
cyc 103558 bal      0  in0 ffff in1 ffff  frame 1775 pc ff8205b0 blit 665423 late 0 skip 0 snd_stalls 1 snd_pc ddaa unimpl 0
cyc 103533 bal      0  in0 ffff in1 ffff  frame 1776 pc ff820470 blit 663188 late 0 skip 0 snd_stalls 1 snd_pc dda1 unimpl 0
cyc 103394 bal     -2  in0 ffff in1 ffff  frame 1777 pc ff8205c0 blit 665801 late 0 skip 0 snd_stalls 1 snd_pc dc05 unimpl 0
cyc 103477 bal      4  in0 ffff in1 ffff  frame 1778 pc ff820480 blit 664457 late 0 skip 0 snd_stalls 1 snd_pc 05a0 unimpl 0
cyc 103407 bal      1  in0 ffff in1 ffff  frame 1779 pc ff8204a0 blit 666772 late 0 skip 0 snd_stalls 1 snd_pc ffff unimpl 0
cyc 103528 bal      0  in0 ffff in1 ffff  frame 1780 pc ff8205a0 blit 664950 late 0 skip 0 snd_stalls 1 snd_pc ffff unimpl 0
cyc 103573 bal      0  in0 ffff in1 ffff  frame 1781 pc ff8205b0 blit 637591 late 0 skip 0 snd_stalls 1 snd_pc dda6 unimpl 0
cyc 103564 bal      0  in0 ffff in1 ffff  frame 1782 pc ff820470 blit 643379 late 0 skip 0 snd_stalls 1 snd_pc 023b unimpl 0
cyc 103347 bal      0  in0 ffff in1 ffff  frame 1783 pc ff8204b0 blit 640800 late 0 skip 0 snd_stalls 1 snd_pc ffff unimpl 0
cyc 103387 bal     -1  in0 ffff in1 ffff  frame 1784 pc ff8205b0 blit 642332 late 0 skip 0 snd_stalls 1 snd_pc dc3d unimpl 0
cyc 103336 bal      0  in0 ffff in1 ffff  frame 1785 pc ff8205b0 blit 642751 late 0 skip 0 snd_stalls 1 snd_pc dd9a unimpl 0
cyc 103417 bal     -1  in0 ffff in1 ffff  frame 1786 pc ff8205c0 blit 641496 late 0 skip 0 snd_stalls 1 snd_pc dd9e unimpl 0
cyc 103607 bal      0  in0 ffff in1 ffff  frame 1787 pc ff8204a0 blit 637748 late 0 skip 0 snd_stalls 1 snd_pc dc07 unimpl 0
cyc 103469 bal      0  in0 ffff in1 ffff  frame 1788 pc ff8205a0 blit 643355 late 0 skip 0 snd_stalls 1 snd_pc 0635 unimpl 0
cyc 103587 bal      2  in0 ffff in1 ffff  frame 1789 pc ff8205b0 blit 638513 late 0 skip 0 snd_stalls 1 snd_pc 022a unimpl 0
cyc 103539 bal      0  in0 ffff in1 ffff  frame 1790 pc ff820560 blit 641819 late 0 skip 0 snd_stalls 1 snd_pc ffff unimpl 0
cyc 103361 bal      0  in0 ffff in1 ffff  frame 1791 pc ff820570 blit 638503 late 0 skip 0 snd_stalls 1 snd_pc ddaf unimpl 0
cyc 103316 bal      1  in0 ffff in1 ffff  frame 1792 pc ff820560 blit 643384 late 0 skip 0 snd_stalls 1 snd_pc dd86 unimpl 0
cyc 103327 bal      0  in0 ffff in1 ffff  frame 1793 pc ff8205a0 blit 638652 late 0 skip 0 snd_stalls 1 snd_pc ddb4 unimpl 0
cyc 103434 bal      0  in0 ffff in1 ffff  frame 1794 pc ff8204d0 blit 640808 late 0 skip 0 snd_stalls 1 snd_pc 0238 unimpl 0
cyc 103441 bal      0  in0 ffff in1 ffff  frame 1795 pc ff8205b0 blit 637181 late 0 skip 0 snd_stalls 1 snd_pc ddad unimpl 0
cyc 103569 bal      0  in0 ffff in1 ffff  frame 1796 pc ff820450 blit 642841 late 0 skip 0 snd_stalls 1 snd_pc ffff unimpl 0
cyc 103608 bal      3  in0 ffff in1 ffff  frame 1797 pc ff820480 blit 662243 late 0 skip 0 snd_stalls 1 snd_pc ffff unimpl 0
cyc 103550 bal      0  in0 ffff in1 ffff  frame 1798 pc ff820490 blit 667328 late 0 skip 0 snd_stalls 1 snd_pc 05c3 unimpl 0
cyc 103397 bal      0  in0 ffff in1 ffff  frame 1799 pc ff820590 blit 665273 late 0 skip 0 snd_stalls 1 snd_pc dc08 unimpl 0
cyc 103361 bal      1  in0 ffff in1 ffff  frame 1800 pc ff8205b0 blit 665512 late 0 skip 0 snd_stalls 1 snd_pc ddb2 unimpl 0
cyc 103545 bal      0  in0 ffa7 in1 ffff  frame 1801 pc ff8205a0 blit 661384 late 0 skip 0 snd_stalls 1 snd_pc 1ffd unimpl 0
cyc 103137 bal      1  in0 ffa7 in1 ffff  frame 1802 pc ff820480 blit 661383 late 0 skip 0 snd_stalls 1 snd_pc dd9d unimpl 0
cyc 103395 bal      0  in0 ffa7 in1 ffff  frame 1803 pc ff8204b0 blit 683400 late 0 skip 0 snd_stalls 1 snd_pc 0235 unimpl 0
cyc 103292 bal      0  in0 ffa7 in1 ffff  frame 1804 pc ff8205b0 blit 678463 late 0 skip 0 snd_stalls 1 snd_pc dc15 unimpl 0
cyc 103348 bal      0  in0 ffa7 in1 ffff  frame 1805 pc ff8205b0 blit 682203 late 0 skip 0 snd_stalls 1 snd_pc 059e unimpl 0
cyc 103308 bal      0  in0 ffa7 in1 ffff  frame 1806 pc ff820580 blit 681565 late 0 skip 0 snd_stalls 1 snd_pc dc17 unimpl 0
cyc 102903 bal      3  in0 ffa7 in1 ffff  frame 1807 pc ff820480 blit 685616 late 0 skip 0 snd_stalls 1 snd_pc dd9b unimpl 0
cyc 103388 bal      3  in0 ffa7 in1 ffff  frame 1808 pc ff8204a0 blit 677251 late 0 skip 0 snd_stalls 1 snd_pc dc3f unimpl 0
cyc 103376 bal      1  in0 ffe7 in1 ffff  frame 1809 pc ff8205b0 blit 678096 late 0 skip 0 snd_stalls 1 snd_pc ffff unimpl 0
cyc 103469 bal      0  in0 ffe7 in1 ffff  frame 1810 pc ff8204c0 blit 678822 late 0 skip 0 snd_stalls 1 snd_pc ddb2 unimpl 0
cyc 103373 bal      1  in0 ffe7 in1 ffff  frame 1811 pc ff820590 blit 683630 late 0 skip 0 snd_stalls 1 snd_pc 0238 unimpl 0
cyc 103328 bal      4  in0 ffe7 in1 ffff  frame 1812 pc ff820480 blit 682928 late 0 skip 0 snd_stalls 1 snd_pc ffff unimpl 0
cyc 103242 bal      0  in0 ffe7 in1 ffff  frame 1813 pc ff8205a0 blit 681813 late 0 skip 0 snd_stalls 1 snd_pc ffff unimpl 0
cyc 103396 bal      1  in0 ffe7 in1 ffff  frame 1814 pc ff8205b0 blit 676949 late 0 skip 0 snd_stalls 1 snd_pc ffff unimpl 0
cyc 103356 bal      0  in0 ffe7 in1 ffff  frame 1815 pc ff8205a0 blit 677704 late 0 skip 0 snd_stalls 1 snd_pc ffff unimpl 0
cyc 103304 bal     -1  in0 ffe7 in1 ffff  frame 1816 pc ff820460 blit 679934 late 0 skip 0 snd_stalls 1 snd_pc dc09 unimpl 0
cyc 103313 bal      0  in0 ffe7 in1 ffff  frame 1817 pc ff8205a0 blit 684607 late 0 skip 0 snd_stalls 1 snd_pc 0507 unimpl 0
cyc 103261 bal      1  in0 ffe7 in1 ffff  frame 1818 pc ff820560 blit 684037 late 0 skip 0 snd_stalls 1 snd_pc dc1f unimpl 0
cyc 103270 bal      4  in0 ffe7 in1 ffff  frame 1819 pc ff820480 blit 686389 late 0 skip 0 snd_stalls 1 snd_pc fff6 unimpl 0
cyc 103387 bal      0  in0 ffe7 in1 ffff  frame 1820 pc ff8205b0 blit 681684 late 0 skip 0 snd_stalls 1 snd_pc ffff unimpl 0
cyc 103303 bal      1  in0 fff7 in1 ffff  frame 1821 pc ff820570 blit 684085 late 0 skip 0 snd_stalls 1 snd_pc ffff unimpl 0
cyc 103292 bal     -2  in0 fff7 in1 ffff  frame 1822 pc ff8205c0 blit 682771 late 0 skip 0 snd_stalls 1 snd_pc efed unimpl 0
cyc 103365 bal     -1  in0 fff7 in1 ffff  frame 1823 pc ff8205b0 blit 680717 late 0 skip 0 snd_stalls 1 snd_pc dc1d unimpl 0
cyc 103284 bal      1  in0 fff7 in1 ffff  frame 1824 pc ff820580 blit 682022 late 0 skip 0 snd_stalls 1 snd_pc ffff unimpl 0
cyc 103318 bal      1  in0 fff7 in1 ffff  frame 1825 pc ff820480 blit 683968 late 0 skip 0 snd_stalls 1 snd_pc fc67 unimpl 0
cyc 103279 bal      1  in0 fff7 in1 ffff  frame 1826 pc ff8204a0 blit 683510 late 0 skip 0 snd_stalls 1 snd_pc 1fee unimpl 0
cyc 103339 bal      1  in0 fff7 in1 ffff  frame 1827 pc ff8204c0 blit 682830 late 0 skip 0 snd_stalls 1 snd_pc 023b unimpl 0
cyc 103295 bal      1  in0 fff7 in1 ffff  frame 1828 pc ff820480 blit 685221 late 0 skip 0 snd_stalls 1 snd_pc dc26 unimpl 0
cyc 103311 bal      2  in0 fff7 in1 ffff  frame 1829 pc ff8205b0 blit 683584 late 0 skip 0 snd_stalls 1 snd_pc ffff unimpl 0
cyc 103328 bal      1  in0 fff7 in1 ffff  frame 1830 pc ff820580 blit 683159 late 0 skip 0 snd_stalls 1 snd_pc ffff unimpl 0
cyc 103368 bal      0  in0 fff7 in1 ffff  frame 1831 pc ff820480 blit 683160 late 0 skip 0 snd_stalls 1 snd_pc dc2b unimpl 0
cyc 103352 bal      1  in0 fff7 in1 ffff  frame 1832 pc ff820560 blit 683839 late 0 skip 0 snd_stalls 1 snd_pc dc37 unimpl 0
cyc 103258 bal      0  in0 fff7 in1 ffff  frame 1833 pc ff8204f0 blit 683464 late 0 skip 0 snd_stalls 1 snd_pc 2000 unimpl 0
cyc 103716 bal      3  in0 fff7 in1 ffff  frame 1834 pc ff8205b0 blit 679943 late 0 skip 0 snd_stalls 1 snd_pc dd9e unimpl 0
cyc 103421 bal      0  in0 fff7 in1 ffff  frame 1835 pc ff820560 blit 664786 late 0 skip 0 snd_stalls 1 snd_pc 2800 unimpl 0
cyc 103244 bal      2  in0 fff7 in1 ffff  frame 1836 pc ff820480 blit 664513 late 0 skip 0 snd_stalls 1 snd_pc 0554 unimpl 0
cyc 103402 bal      1  in0 fff7 in1 ffff  frame 1837 pc ff8204d0 blit 664801 late 0 skip 0 snd_stalls 1 snd_pc dc3e unimpl 0
cyc 103515 bal      2  in0 fff7 in1 ffff  frame 1838 pc ff8205b0 blit 663754 late 0 skip 0 snd_stalls 1 snd_pc ffff unimpl 0
cyc 102214 bal      2  in0 fff7 in1 ffff  frame 1839 pc ff9dada0 blit 666330 late 0 skip 0 snd_stalls 1 snd_pc e40f unimpl 0
cyc 114222 bal     -3  in0 fff7 in1 ffff  frame 1840 pc ff9daf80 blit 0 late 0 skip 0 snd_stalls 1 snd_pc dc25 unimpl 0
cyc 114234 bal      4  in0 fff7 in1 ffff  frame 1841 pc ff97ac30 blit 0 late 0 skip 0 snd_stalls 1 snd_pc 1fef unimpl 0
cyc 114224 bal      1  in0 fff7 in1 ffff  frame 1842 pc ff97b8f0 blit 0 late 0 skip 0 snd_stalls 1 snd_pc ddae unimpl 0
cyc 114229 bal      3  in0 fff7 in1 ffff  frame 1843 pc ff97dad0 blit 0 late 0 skip 0 snd_stalls 1 snd_pc ffff unimpl 0
cyc 114224 bal      0  in0 fff7 in1 ffff  frame 1844 pc ff97dba0 blit 0 late 0 skip 0 snd_stalls 1 snd_pc dd98 unimpl 0
cyc 114226 bal      0  in0 fff7 in1 ffff  frame 1845 pc ff8301e0 blit 0 late 0 skip 0 snd_stalls 1 snd_pc dc23 unimpl 0
cyc 114208 bal      0  in0 fff7 in1 ffff  frame 1846 pc ff8204f0 blit 0 late 0 skip 0 snd_stalls 1 snd_pc fc9d unimpl 0
cyc 101123 bal      0  in0 fff7 in1 ffff  frame 1847 pc ff8205a0 blit 669434 late 0 skip 0 snd_stalls 1 snd_pc dc2c unimpl 0
cyc 101880 bal      1  in0 fff7 in1 ffff  frame 1848 pc ff820570 blit 661569 late 0 skip 0 snd_stalls 1 snd_pc fc80 unimpl 0
cyc 102933 bal      0  in0 fff7 in1 ffff  frame 1849 pc ff8204f0 blit 656931 late 0 skip 0 snd_stalls 1 snd_pc 052b unimpl 0
cyc 102725 bal      4  in0 fff7 in1 ffff  frame 1850 pc ff8204a0 blit 659891 late 0 skip 0 snd_stalls 1 snd_pc ffff unimpl 0
cyc 102694 bal      3  in0 fff7 in1 ffff  frame 1851 pc ff8204a0 blit 658645 late 0 skip 0 snd_stalls 1 snd_pc 06cd unimpl 0
cyc 102445 bal      2  in0 fff7 in1 ffff  frame 1852 pc ff8204a0 blit 658086 late 0 skip 0 snd_stalls 1 snd_pc ffff unimpl 0
cyc 102830 bal      1  in0 fff7 in1 ffff  frame 1853 pc ff820560 blit 660112 late 0 skip 0 snd_stalls 1 snd_pc dc16 unimpl 0
cyc 103029 bal      1  in0 fff7 in1 ffff  frame 1854 pc ff820480 blit 660236 late 0 skip 0 snd_stalls 1 snd_pc 0506 unimpl 0
cyc 102918 bal     -1  in0 fff7 in1 ffff  frame 1855 pc ff8205b0 blit 661272 late 0 skip 0 snd_stalls 1 snd_pc ffff unimpl 0
cyc 103107 bal      1  in0 fff7 in1 ffff  frame 1856 pc ff8205a0 blit 668727 late 0 skip 0 snd_stalls 1 snd_pc ddb2 unimpl 0
cyc 103019 bal      0  in0 fff7 in1 ffff  frame 1857 pc ff820570 blit 673648 late 0 skip 0 snd_stalls 1 snd_pc dc30 unimpl 0
cyc 103133 bal      1  in0 fff7 in1 ffff  frame 1858 pc ff8204a0 blit 681126 late 0 skip 0 snd_stalls 1 snd_pc ffff unimpl 0
cyc 102901 bal      4  in0 fff7 in1 ffff  frame 1859 pc ff820480 blit 692573 late 0 skip 0 snd_stalls 1 snd_pc 1ffc unimpl 0
cyc 102491 bal      2  in0 fff7 in1 ffff  frame 1860 pc ff820480 blit 702239 late 0 skip 0 snd_stalls 1 snd_pc ffff unimpl 0
cyc 102940 bal      2  in0 ffb7 in1 ffff  frame 1861 pc ff8205b0 blit 702480 late 0 skip 0 snd_stalls 1 snd_pc ffff unimpl 0
cyc 102924 bal      3  in0 ffb7 in1 ffff  frame 1862 pc ff8205b0 blit 710774 late 0 skip 0 snd_stalls 1 snd_pc ffff unimpl 0
cyc 102887 bal      0  in0 ffb7 in1 ffff  frame 1863 pc ff8204b0 blit 723422 late 0 skip 0 snd_stalls 1 snd_pc ffff unimpl 0
cyc 103045 bal      0  in0 ffb7 in1 ffff  frame 1864 pc ff820560 blit 724485 late 0 skip 0 snd_stalls 1 snd_pc 2800 unimpl 0
cyc 103018 bal      0  in0 ffb7 in1 ffff  frame 1865 pc ff8204e0 blit 726170 late 0 skip 0 snd_stalls 1 snd_pc ffff unimpl 0
cyc 102980 bal      1  in0 ffb7 in1 ffff  frame 1866 pc ff820580 blit 737777 late 0 skip 0 snd_stalls 1 snd_pc ef61 unimpl 0
cyc 102835 bal      0  in0 ffb7 in1 ffff  frame 1867 pc ff820580 blit 740153 late 0 skip 0 snd_stalls 1 snd_pc dc26 unimpl 0
cyc 102941 bal      1  in0 ffb7 in1 ffff  frame 1868 pc ff820560 blit 745534 late 0 skip 0 snd_stalls 1 snd_pc ffff unimpl 0
cyc 102931 bal      2  in0 fff7 in1 ffff  frame 1869 pc ff820480 blit 747760 late 0 skip 0 snd_stalls 1 snd_pc dc3c unimpl 0
cyc 102912 bal     -1  in0 fff7 in1 ffff  frame 1870 pc ff820460 blit 750301 late 0 skip 0 snd_stalls 1 snd_pc dc1d unimpl 0
cyc 102992 bal      0  in0 fff7 in1 ffff  frame 1871 pc ff820580 blit 749846 late 0 skip 0 snd_stalls 1 snd_pc e5fc unimpl 0
cyc 103089 bal      1  in0 fff7 in1 ffff  frame 1872 pc ff820590 blit 761429 late 0 skip 0 snd_stalls 1 snd_pc 022f unimpl 0
cyc 102748 bal     -1  in0 fff7 in1 ffff  frame 1873 pc ff8205b0 blit 754458 late 0 skip 0 snd_stalls 1 snd_pc 06bd unimpl 0
cyc 102659 bal      0  in0 fff7 in1 ffff  frame 1874 pc ff8204c0 blit 789478 late 0 skip 0 snd_stalls 1 snd_pc dc37 unimpl 0
cyc 102722 bal      4  in0 fff7 in1 ffff  frame 1875 pc ff8204a0 blit 780871 late 0 skip 0 snd_stalls 1 snd_pc dc0a unimpl 0
cyc 102774 bal      1  in0 fff7 in1 ffff  frame 1876 pc ff820560 blit 781307 late 0 skip 0 snd_stalls 1 snd_pc dd9f unimpl 0
cyc 102743 bal     -1  in0 fff7 in1 ffff  frame 1877 pc ff8205b0 blit 777068 late 0 skip 0 snd_stalls 1 snd_pc dc1f unimpl 0
cyc 102796 bal      2  in0 fff7 in1 ffff  frame 1878 pc ff8204a0 blit 775848 late 0 skip 0 snd_stalls 1 snd_pc ef64 unimpl 0
cyc 102668 bal      3  in0 fff7 in1 ffff  frame 1879 pc ff8204a0 blit 784069 late 0 skip 0 snd_stalls 1 snd_pc ffff unimpl 0
cyc 102102 bal      0  in0 fff7 in1 ffff  frame 1880 pc ff8204a0 blit 786040 late 0 skip 0 snd_stalls 1 snd_pc ddad unimpl 0
cyc 102248 bal      0  in0 fff7 in1 ffff  frame 1881 pc ff8204c0 blit 787233 late 0 skip 0 snd_stalls 1 snd_pc dc38 unimpl 0
cyc 102170 bal      1  in0 fff7 in1 ffff  frame 1882 pc ff820590 blit 788062 late 0 skip 0 snd_stalls 1 snd_pc 0238 unimpl 0
cyc 102256 bal      0  in0 fff7 in1 ffff  frame 1883 pc ff820580 blit 788790 late 0 skip 0 snd_stalls 1 snd_pc ddb3 unimpl 0
cyc 102308 bal      0  in0 fff7 in1 ffff  frame 1884 pc ff8204d0 blit 787597 late 0 skip 0 snd_stalls 1 snd_pc ffff unimpl 0
cyc 102328 bal      1  in0 fff7 in1 ffff  frame 1885 pc ff820480 blit 786117 late 0 skip 0 snd_stalls 1 snd_pc dc07 unimpl 0
cyc 102245 bal      0  in0 fff7 in1 ffff  frame 1886 pc ff8205a0 blit 786702 late 0 skip 0 snd_stalls 1 snd_pc ffff unimpl 0
cyc 102273 bal     -1  in0 fff7 in1 ffff  frame 1887 pc ff8205b0 blit 787696 late 0 skip 0 snd_stalls 1 snd_pc 022a unimpl 0
cyc 102314 bal      1  in0 fff7 in1 ffff  frame 1888 pc ff8205b0 blit 786842 late 0 skip 0 snd_stalls 1 snd_pc dd9a unimpl 0
cyc 102276 bal      3  in0 fff7 in1 ffff  frame 1889 pc ff820480 blit 785893 late 0 skip 0 snd_stalls 1 snd_pc f53c unimpl 0
cyc 102280 bal      3  in0 fff7 in1 ffff  frame 1890 pc ff820480 blit 783242 late 0 skip 0 snd_stalls 1 snd_pc fff7 unimpl 0
cyc 102315 bal      1  in0 ffff in1 ffff  frame 1891 pc ff8205b0 blit 785135 late 0 skip 0 snd_stalls 1 snd_pc dc3b unimpl 0
cyc 102277 bal      0  in0 ffff in1 ffff  frame 1892 pc ff8204e0 blit 785160 late 0 skip 0 snd_stalls 1 snd_pc ffff unimpl 0
cyc 102381 bal      1  in0 ffff in1 ffff  frame 1893 pc ff820570 blit 785286 late 0 skip 0 snd_stalls 1 snd_pc dd9a unimpl 0
cyc 102310 bal      1  in0 ffff in1 ffff  frame 1894 pc ff8204d0 blit 783334 late 0 skip 0 snd_stalls 1 snd_pc dc20 unimpl 0
cyc 102318 bal      0  in0 ffff in1 ffff  frame 1895 pc ff8204d0 blit 783749 late 0 skip 0 snd_stalls 1 snd_pc 1ffc unimpl 0
cyc 102271 bal      0  in0 ffff in1 ffff  frame 1896 pc ff8205b0 blit 787917 late 0 skip 0 snd_stalls 1 snd_pc dc31 unimpl 0
cyc 102223 bal      2  in0 ffff in1 ffff  frame 1897 pc ff820480 blit 788055 late 0 skip 0 snd_stalls 1 snd_pc ffff unimpl 0
cyc 102166 bal      1  in0 ffff in1 ffff  frame 1898 pc ff8204c0 blit 787175 late 0 skip 0 snd_stalls 1 snd_pc dd9d unimpl 0
cyc 102305 bal      1  in0 ffff in1 ffff  frame 1899 pc ff8205b0 blit 788734 late 0 skip 0 snd_stalls 1 snd_pc dc29 unimpl 0
cyc 102201 bal      0  in0 ffff in1 ffff  frame 1900 pc ff820570 blit 787242 late 0 skip 0 snd_stalls 1 snd_pc ffff unimpl 0
cyc 102297 bal      1  in0 ffff in1 ffff  frame 1901 pc ff820580 blit 788252 late 0 skip 0 snd_stalls 1 snd_pc ffff unimpl 0
cyc 102190 bal      1  in0 ffff in1 ffff  frame 1902 pc ff820560 blit 784298 late 0 skip 0 snd_stalls 1 snd_pc dc06 unimpl 0
cyc 102315 bal      0  in0 ffff in1 ffff  frame 1903 pc ff8205b0 blit 784416 late 0 skip 0 snd_stalls 1 snd_pc dc3b unimpl 0
cyc 102289 bal      1  in0 ffff in1 ffff  frame 1904 pc ff8205a0 blit 784603 late 0 skip 0 snd_stalls 1 snd_pc 2000 unimpl 0
cyc 102400 bal      2  in0 ffff in1 ffff  frame 1905 pc ff820480 blit 783437 late 0 skip 0 snd_stalls 1 snd_pc dd9d unimpl 0
cyc 102219 bal      4  in0 ffff in1 ffff  frame 1906 pc ff8204a0 blit 766356 late 0 skip 0 snd_stalls 1 snd_pc dc26 unimpl 0
cyc 102310 bal      1  in0 ffff in1 ffff  frame 1907 pc ff8205a0 blit 768383 late 0 skip 0 snd_stalls 1 snd_pc ffff unimpl 0
cyc 102368 bal     -1  in0 ffff in1 ffff  frame 1908 pc ff820470 blit 765988 late 0 skip 0 snd_stalls 1 snd_pc dc3f unimpl 0
cyc 102299 bal      0  in0 ffff in1 ffff  frame 1909 pc ff820580 blit 767077 late 0 skip 0 snd_stalls 1 snd_pc dc1c unimpl 0
cyc 102365 bal      3  in0 ffff in1 ffff  frame 1910 pc ff8204a0 blit 766487 late 0 skip 0 snd_stalls 1 snd_pc ddb1 unimpl 0
cyc 102326 bal     -1  in0 ffff in1 ffff  frame 1911 pc ff820470 blit 767055 late 0 skip 0 snd_stalls 1 snd_pc ffff unimpl 0
cyc 102344 bal      0  in0 ffff in1 ffff  frame 1912 pc ff820490 blit 768140 late 0 skip 0 snd_stalls 1 snd_pc dc05 unimpl 0
cyc 102299 bal      3  in0 ffff in1 ffff  frame 1913 pc ff8204a0 blit 767080 late 0 skip 0 snd_stalls 1 snd_pc dc3e unimpl 0
cyc 102250 bal      3  in0 ffff in1 ffff  frame 1914 pc ff820480 blit 767872 late 0 skip 0 snd_stalls 1 snd_pc 023b unimpl 0
cyc 102290 bal     -1  in0 ffff in1 ffff  frame 1915 pc ff8205b0 blit 768497 late 0 skip 0 snd_stalls 1 snd_pc dda1 unimpl 0
cyc 102368 bal      0  in0 ffff in1 ffff  frame 1916 pc ff820580 blit 768339 late 0 skip 0 snd_stalls 1 snd_pc dc27 unimpl 0
cyc 102341 bal      3  in0 ffff in1 ffff  frame 1917 pc ff820480 blit 767707 late 0 skip 0 snd_stalls 1 snd_pc ffff unimpl 0
cyc 102286 bal      2  in0 ffff in1 ffff  frame 1918 pc ff8205b0 blit 768239 late 0 skip 0 snd_stalls 1 snd_pc ffff unimpl 0
cyc 102453 bal      1  in0 ffff in1 ffff  frame 1919 pc ff8204a0 blit 770268 late 0 skip 0 snd_stalls 1 snd_pc dc1e unimpl 0
cyc 102336 bal      1  in0 ffff in1 ffff  frame 1920 pc ff8204a0 blit 766467 late 0 skip 0 snd_stalls 1 snd_pc dc3c unimpl 0
cyc 102298 bal     -1  in0 ffbf in1 ffff  frame 1921 pc ff8205b0 blit 764845 late 0 skip 0 snd_stalls 1 snd_pc dc28 unimpl 0
cyc 102478 bal      1  in0 ffbf in1 ffff  frame 1922 pc ff820480 blit 769425 late 0 skip 0 snd_stalls 1 snd_pc fc7a unimpl 0
cyc 102629 bal      1  in0 ffbf in1 ffff  frame 1923 pc ff8205b0 blit 767884 late 0 skip 0 snd_stalls 1 snd_pc 2800 unimpl 0
cyc 102599 bal      1  in0 ffbf in1 ffff  frame 1924 pc ff8204a0 blit 767125 late 0 skip 0 snd_stalls 1 snd_pc dc0a unimpl 0
cyc 102628 bal      0  in0 ffbf in1 ffff  frame 1925 pc ff8204f0 blit 768059 late 0 skip 0 snd_stalls 1 snd_pc dda2 unimpl 0
cyc 102661 bal      2  in0 ffbf in1 ffff  frame 1926 pc ff820480 blit 765912 late 0 skip 0 snd_stalls 1 snd_pc ffff unimpl 0
cyc 102655 bal      1  in0 ffbf in1 ffff  frame 1927 pc ff820480 blit 766419 late 0 skip 0 snd_stalls 1 snd_pc ffff unimpl 0
cyc 102681 bal      0  in0 ffbf in1 ffff  frame 1928 pc ff8204f0 blit 766792 late 0 skip 0 snd_stalls 1 snd_pc 0233 unimpl 0
cyc 102507 bal      0  in0 ffff in1 ffff  frame 1929 pc ff820580 blit 766849 late 0 skip 0 snd_stalls 1 snd_pc dc0a unimpl 0
cyc 102513 bal      3  in0 ffff in1 ffff  frame 1930 pc ff820480 blit 766686 late 0 skip 0 snd_stalls 1 snd_pc dda7 unimpl 0
cyc 102617 bal      0  in0 ffff in1 ffff  frame 1931 pc ff8204e0 blit 767095 late 0 skip 0 snd_stalls 1 snd_pc ffff unimpl 0
cyc 102697 bal      0  in0 ffff in1 ffff  frame 1932 pc ff8204b0 blit 769081 late 0 skip 0 snd_stalls 1 snd_pc 069b unimpl 0
cyc 102571 bal      1  in0 ffff in1 ffff  frame 1933 pc ff820580 blit 767715 late 0 skip 0 snd_stalls 1 snd_pc dc28 unimpl 0
cyc 102261 bal     -1  in0 ffff in1 ffff  frame 1934 pc ff820460 blit 769576 late 0 skip 0 snd_stalls 1 snd_pc dc08 unimpl 0
cyc 102459 bal      1  in0 ffff in1 ffff  frame 1935 pc ff820400 blit 769110 late 0 skip 0 snd_stalls 1 snd_pc ffff unimpl 0
cyc 102478 bal      0  in0 ffff in1 ffff  frame 1936 pc ff8204b0 blit 768080 late 0 skip 0 snd_stalls 1 snd_pc dc1c unimpl 0
cyc 102268 bal      4  in0 ffff in1 ffff  frame 1937 pc ff8204a0 blit 770971 late 0 skip 0 snd_stalls 1 snd_pc ffff unimpl 0
cyc 102363 bal      0  in0 ffff in1 ffff  frame 1938 pc ff8205b0 blit 774410 late 0 skip 0 snd_stalls 1 snd_pc ffff unimpl 0
cyc 102394 bal      3  in0 ffff in1 ffff  frame 1939 pc ff8204a0 blit 772365 late 0 skip 0 snd_stalls 1 snd_pc ffff unimpl 0
cyc 102394 bal      4  in0 ffff in1 ffff  frame 1940 pc ff8204a0 blit 777660 late 0 skip 0 snd_stalls 1 snd_pc dc3d unimpl 0
cyc 102366 bal     -1  in0 ffff in1 ffff  frame 1941 pc ff820460 blit 774435 late 0 skip 0 snd_stalls 1 snd_pc dc1e unimpl 0
